time_ms,j1_rad,j2_rad,j3_rad,j4_rad,j5_rad,j6_rad,x_m,y_m,z_m,qw,qx,qy,qz
0.0,-0.8334059442860808,-0.8113631561775416,0.10020991522526158,2.6840688783730915,1.0164234149807176,1.5639430390178668,0.154631957411766,-0.249230742454529,1.62966299057007,0.9790840268042671,-0.16022183195969783,0.11608994893405544,0.04739785624590971
12.47996881501299,-0.8282574322078897,-0.810448623899917,0.10081636417871162,2.68251139089509,1.015593519203135,1.5562198999728183,0.15584066991203036,-0.24916144446803032,1.629360157122431,0.979129135683421,-0.16033177182067868,0.11622156930213143,0.045742818339371716
24.959937630025443,-0.82316412525264,-0.8095231937580434,0.10141797902978247,2.6809852673393966,1.014773816408708,1.5485290706262607,0.1570493824122947,-0.24909214648153163,1.6290573236747923,0.9791715317913302,-0.16044126746709747,0.11635286766719502,0.04408765369796523
37.43990644503843,-0.8181255282954315,-0.8085869630765757,0.10201472431587784,2.6794901616404836,1.0139643359378656,1.5408702785710897,0.15825809491255907,-0.24902284849503295,1.6287544902271534,0.9792112150105322,-0.16055031859558602,0.1164838436654715,0.04243236690748277
49.919875260051704,-0.8131411429781568,-0.807640028206995,0.10260656516449822,2.678025727652722,1.013165101671207,1.5332432498655368,0.15946680741282346,-0.24895355050853424,1.6284516567795144,0.9792481852310808,-0.16065892490400766,0.11661449693407926,0.040776962554055225
62.39984407506416,-0.8082104681568744,-0.8066824845285466,0.10319346729131491,2.676591619385326,1.0123761322241482,1.5256477092851803,0.16067551991308782,-0.24888425252203555,1.6281488233318757,0.9792824423505466,-0.16076708609145823,0.11674482711103092,0.03912144522413927
74.87981289007716,-0.8033330003302754,-0.8057144264499896,0.10377539699791696,2.6751874912253832,1.0115974411383086,1.5180833805634375,0.16188423241335217,-0.24881495453553687,1.6278459898842368,0.9793139862740171,-0.16087480185826683,0.11687483383523424,0.037465819504504554
87.35978170509016,-0.7985082340496684,-0.804735947412101,0.10435232116923868,2.673812998149308,1.0108290370694797,1.5105499866208476,0.16309294491361653,-0.24874565654903819,1.6275431564365979,0.9793428169140965,-0.1609820719059965,0.11700451674649306,0.035810089982221016
99.8397505201026,-0.7937356623109295,-0.8037471398908962,0.1049242072706981,2.6724677959230814,1.0100709239720562,1.503047249783456,0.1643016574138809,-0.2486763585625395,1.6272403229889592,0.9793689341909069,-0.16108889593744533,0.11713387548550844,0.03415426124464623
112.31971933511561,-0.7890147769288542,-0.8027480954015197,0.10549102334506205,2.671151541291619,1.0093231012798134,1.4955748919906084,0.16551036991414525,-0.24860706057604082,1.6269374895413202,0.9793923380320878,-0.16119527365664713,0.11726290969387959,0.032498337879412635
124.79968815012887,-0.784345068894376,-0.8017389045027641,0.10605273800905873,2.6698638921576303,1.008585564082939,1.4881326349924742,0.16671908241440964,-0.2485377625895421,1.6266346560936813,0.9794130283727966,-0.1613012047688721,0.11739161901410483,0.030842324474414824
137.27965696514133,-0.7797260287151084,-0.8007196568021702,0.10660932044974523,2.6686045077503073,1.007858303301244,1.4807202005376112,0.167927794914674,-0.24846846460304342,1.6263318226460426,0.979431005155709,-0.161406688980628,0.11752000308958266,0.029186225617796897
149.75962578015432,-0.775157146739674,-0.7996904409616835,0.10716074042067258,2.6673730487842016,1.0071413058534846,1.4733373105508827,0.16913650741493835,-0.24839916661654474,1.6260289891984037,0.9794462683310183,-0.16151172599966068,0.11764806156461269,0.027530045897939687
162.2395945951673,-0.7706379134662898,-0.7986513447038116,0.10770696823782855,2.6661691776086247,1.0064345548227465,1.4659836873020449,0.1703452199152027,-0.24832986863004605,1.6257261557507647,0.9794588178564364,-0.161616315534955,0.11777579408439658,0.025873789903448043
174.71956341017975,-0.7661678198360781,-0.7976024548182589,0.10824797477540724,2.6649925583479215,1.0057380296178535,1.4586590535653128,0.17155393241546707,-0.24826057064354737,1.625423322303126,0.9794686536971939,-0.16172045729673565,0.11790320029503915,0.024217462223138184
187.19953222519274,-0.7617463575115623,-0.7965438571690004,0.10878373146140456,2.663842857032943,1.005051706130777,1.4513631327702095,0.17276264491573143,-0.24819127265704868,1.625120488855487,0.9794757758260394,-0.16182415099646785,0.11803027984354927,0.022561067446024905
199.6795010402052,-0.7573730191408228,-0.7954756367017569,0.1093142102730486,2.662719741724062,1.0043755568900254,1.4440956491440062,0.1739713574159958,-0.24812197467054997,1.6248176554078484,0.9794801842232405,-0.16192739634685824,0.11815703237784082,0.020904610161308918
212.15946985521848,-0.753047298607767,-0.794397877451847,0.10983938373209787,2.6616228826260397,1.0037095512100167,1.4368563278460518,0.17518006991626017,-0.2480526766840513,1.6245148219602095,0.9794818788765832,-0.16203019306185568,0.11828345754673379,0.019248094958364097
224.63943867023144,-0.7487686912689758,-0.7933106625523807,0.11035922490000184,2.660551952195087,1.0030536553364284,1.4296448950942846,0.17638878241652453,-0.2479833786975526,1.6242119885125705,0.9794808597813724,-0.16213254085665202,0.11840955499995509,0.01759152642672482
237.1194074852439,-0.7445366941775793,-0.7922140742427639,0.11087370737294237,2.6595066252384028,1.0024078325875463,1.4224610782842233,0.1775974949167889,-0.24791408071105392,1.6239091550649318,0.9794771269404317,-0.16223443944768287,0.11853532438813963,0.01593490915607319
249.5993763002569,-0.7403508062946094,-0.7911081938774934,0.11138280527677576,2.658486579006526,1.001772043491627,1.415304606100714,0.17880620741705325,-0.24784478272455523,1.623606321617293,0.9794706803641029,-0.16233588855262834,0.11866076536283121,0.014278247736226352
262.07934511526986,-0.7362105286882699,-0.7899931019352082,0.11188649326187497,2.6574914932787794,1.0011462459203044,1.408175208622718,0.1800149199173176,-0.24777548473805655,1.623303488169654,0.9794615200702473,-0.16243688789041408,0.11878587757648365,0.01262154675712377
274.5593139302823,-0.732115364721561,-0.7888688780279729,0.11238474649788606,2.6565210504421035,1.000530395218071,1.4010726174214132,0.18122363241758196,-0.24770618675155784,1.6230006547220153,0.9794496460842442,-0.1625374371812116,0.11891066068246148,0.010964810808814516
287.03928274529534,-0.7280648202286829,-0.787735600910777,0.11287754066841822,2.655574935563571,0.9999244443278783,1.393996565651875,0.18243234491784632,-0.24763688876505915,1.6226978212743763,0.9794350584389916,-0.16263753614643953,0.11903511433504115,0.009308044481444538
299.5192515603086,-0.7240584036806385,-0.786593348491215,0.11336485196566183,2.6546528364568482,0.9993283439128985,1.3869467881385953,0.1836410574181107,-0.24756759077856047,1.6223949878267374,0.9794177571749059,-0.16273718450876398,0.11915923818941188,0.007651252365243957
311.99922037532104,-0.7200956263404472,-0.7854421978393374,0.11384665708495662,2.653754443742881,0.9987420424744972,1.3799230214551037,0.18484976991837507,-0.24749829279206179,1.6220921543790987,0.979397742339922,-0.16283638199209974,0.11928303190167662,0.005994439050514362
324.479189190334,-0.7161760024083683,-0.7842822251976423,0.11432293321930949,2.6528794509050617,0.9981654864664695,1.3729250039979222,0.18605848241863943,-0.2474289948055631,1.6217893209314598,0.979375013989493,-0.16293512832161053,0.11940649512885301,0.004337609127616043
336.95915800534704,-0.7122990491575308,-0.7831135059911968,0.11479365805387934,2.652027554339137,0.9975986204056063,1.3659524760551118,0.18726719491890378,-0.24735969681906442,1.6214864874838208,0.9793495721865898,-0.1630334232237102,0.1195296275288743,0.002680767186955327
349.4391268203595,-0.7084642870603507,-0.781936114837859,0.11525880976042133,2.651198453398092,0.9970413869786361,1.3590051798696337,0.18847590741916814,-0.2472903988325657,1.6211836540361821,0.9793214170017015,-0.16313126642606335,0.1196524287605904,0.001023917818971827
361.9190956353725,-0.7046712399061102,-0.7807501255585995,0.11571836699172254,2.6503918504322606,0.9964937271456237,1.3520828596977552,0.1896846199194325,-0.24722110084606702,1.6208808205885432,0.9792905485128347,-0.16322865765758593,0.11977489848376867,-0.0006329343858742717
374.39906445038554,-0.7009194349100638,-0.7795556111878865,0.11617230887600657,2.6496074508248864,0.9959555802398773,1.345185261862725,0.19089333241969686,-0.24715180285956834,1.6205779871409043,0.9792569668055136,-0.16332559664844623,0.11989703635909504,-0.0022897848371148948
386.8790332653982,-0.6972084028144249,-0.7783526439841321,0.11662061501133422,2.648844963023355,0.9954268840644436,1.3383121348039233,0.19210204491996125,-0.24708250487306965,1.6202751536932656,0.9792206719727793,-0.16342208313006545,0.12001884204817476,-0.0039466289442868716
399.35900208041124,-0.69353767798158,-0.7771412954401856,0.11706326546000545,2.648104098566321,0.9949075749852561,1.3314632291217041,0.1933107574202256,-0.24701320688657097,1.6199723202456267,0.9791816641151904,-0.16351811683511852,0.12014031521353351,-0.005603462116944562
411.83897089542427,-0.689906798479862,-0.7759216362938482,0.11750024074295014,2.6473845721069247,0.9943975880210075,1.3246382976181204,0.19451946992048996,-0.24694390890007228,1.6196694867979877,0.9791399433408217,-0.1636136974975349,0.12026145551861818,-0.007260279764672654
424.3189397104367,-0.686315306162211,-0.7746937365384092,0.11793152183413586,2.6466861014323144,0.9938968569298228,1.317837095333731,0.19572818242075432,-0.24687461091357357,1.619366653350349,0.9790955097652646,-0.1637088248524991,0.12038226262779797,-0.008917077297098836
436.79890852544975,-0.682762746738036,-0.7734576654331864,0.11835709015498516,2.6460084074796515,0.9934053142928057,1.311059379580677,0.19693689492101868,-0.2468053129270749,1.61906381990271,0.9790483635116267,-0.16380349863645172,0.12050273620636517,-0.010573850123906521
449.278877340463,-0.6792486698385829,-0.7722134915140549,0.11877692756880419,2.645351214348797,0.9929228915945298,1.3043049099722028,0.19814560742128307,-0.2467360149405762,1.6187609864550712,0.9789985047105313,-0.1638977185870899,0.12062287592053618,-0.012230593654847613
461.75884615547517,-0.6757726290761059,-0.7709612826039611,0.11919101637523674,2.6447142493118507,0.9924495193005558,1.2975734484488006,0.1993543199215474,-0.24666671695407752,1.6184581530074325,0.9789459335001168,-0.1639914844433683,0.12074268143745237,-0.013887303299755108
474.2388149704885,-0.6723341820971275,-0.7697011058234086,0.11959933930474245,2.6440972428197163,0.9919851269320443,1.2908647593011466,0.20056303242181178,-0.24659741896757884,1.6181553195597935,0.9788906500260368,-0.16408479594549957,0.12086215242518107,-0.015543974468555932
486.7187837855015,-0.6689328906300639,-0.7684330276009042,0.12000187951310112,2.643499928505859,0.9915296431375425,1.284178609189985,0.20177174492207614,-0.24652812098108015,1.6178524861121546,0.9788326544414597,-0.16417765283495522,0.12098128855271646,-0.017200602571283627
499.19875260051396,-0.6655683205274824,-0.7671571136833576,0.12039862057594616,2.6429220431874167,0.9910829957620194,1.2775147671631217,0.2029804574223405,-0.24645882299458144,1.617549652664516,0.9787719469070676,-0.16427005485446639,0.12110008948998044,-0.018857183018091042
511.6787214155269,-0.6622400418032522,-0.7658734291464319,0.12078954648334297,2.642363326863808,0.9906451119132239,1.2708730046696755,0.20418916992260486,-0.24638952500808275,1.617246819216877,0.9787085275910566,-0.16436200174802434,0.1212185549078236,-0.020513711219263014
524.15869023054,-0.6589476286648313,-0.7645820384048223,0.1211746416343885,2.6418235227129925,0.9902159180254377,1.2642530955717273,0.20539788242286922,-0.24632022702158407,1.616943985769238,0.9786423966691362,-0.16445349326088146,0.1213366844780262,-0.02217018258522924
536.6386590455527,-0.655690659540935,-0.7632830052224759,0.12155389083186681,2.6413023770855193,0.9897953399207042,1.2576548161535097,0.2066065949231336,-0.2462509290350854,1.6166411523215993,0.9785735543245281,-0.16454452913955164,0.12145447787329883,-0.023826592526576765
549.1186278605657,-0.6524687171048178,-0.761976392722729,0.12192727927693928,2.640799639496499,0.9893833028675988,1.251077945128269,0.20781530742339796,-0.2461816310485867,1.6163383188739604,0.9785020007479669,-0.1646351091318113,0.12157193476728365,-0.025482936454062872
561.5985966755786,-0.6492813882933851,-0.7606622633983655,0.12229479256387984,2.6403150626156227,0.9889797316376137,1.2445222636429243,0.20902401992366232,-0.24611233306208802,1.6160354854263215,0.9784277361376985,-0.1647252329866999,0.12168905483455504,-0.02713920977862775
574.0785654905911,-0.6461282643223573,-0.7593406791215881,0.12265641667485849,2.6398484022553568,0.9885845505592341,1.2379875552806532,0.21023273242392668,-0.2460430350755893,1.6157326519786828,0.9783507606994803,-0.16481490045452055,0.12180583775062062,-0.02879540791140718
586.5585343056041,-0.643008940697686,-0.7580117011538963,0.12301213797477498,2.6393994173574313,0.9881976835697712,1.2314736060615081,0.21144144492419104,-0.24597373708909062,1.6154298185310438,0.9782710746465799,-0.16490411128684104,0.12192228319192207,-0.030451526263745293
599.0385031206166,-0.639923017223426,-0.7566753901558687,0.1233619432061393,2.638967869977724,0.9878190542650193,1.224980204441193,0.2126501574244554,-0.24590443910259194,1.6151269850834051,0.9781886781997754,-0.16499286523649412,0.12203839083583617,-0.03210756024720723
611.5184719356296,-0.6368700980062482,-0.7553318061968436,0.12370581948400797,2.638553525269662,0.9874485859468131,1.2185071413080906,0.21385886992471975,-0.24583514111609325,1.6148241516357662,0.978103571587354,-0.16508116205757847,0.12215416036067556,-0.033763505273591905
623.9984407506428,-0.6338497914567821,-0.7539810087644954,0.12404375429097153,2.638156151466229,0.9870862016685436,1.2120542099786582,0.21506758242498414,-0.24576584312959457,1.6145213181881273,0.9780157550451116,-0.1651690015054593,0.12226959144568961,-0.03541935675494468
636.478409565655,-0.6308617102879596,-0.7526230567742983,0.1243757354721932,2.6377755198606874,0.9867318242787028,1.2056212061912788,0.21627629492524847,-0.24569654514309588,1.6142184847404886,0.9779252288163526,-0.16525638333676898,0.12238468377106548,-0.03707511010357012
648.9583783806683,-0.6279054715105294,-0.7512580085788884,0.12470175123051498,2.6374114047861,0.9863853764625212,1.1992079280986687,0.21748500742551286,-0.24562724715659717,1.6139156512928496,0.9778319931518882,-0.16534330730940772,0.12249943701792874,-0.03873076073204465
661.4383471956813,-0.624980696425908,-0.749885921977298,0.12502179012160283,2.6370635835937404,0.9860467807817602,1.1928141762589322,0.2186937199257772,-0.2455579491700985,1.6136128178452107,0.9777360483100372,-0.16542977318254437,0.12261385086834463,-0.04038630405322927
673.9183160106937,-0.6220870106165122,-0.7485068542240819,0.12533584104916096,2.6367318366304855,0.9857159597127201,1.1864397536253415,0.21990243242604157,-0.2454886511835998,1.613309984397572,0.9776373945566239,-0.1655157807166169,0.1227279250053185,-0.04204173548028235
686.3982848257069,-0.6192240439337341,-0.7471208620383244,0.12564389326020414,2.6364159472152586,0.9853928356825254,1.1800844655349343,0.22111114492630596,-0.24541935319710112,1.613007150949933,0.9775360321649778,-0.16560132967333316,0.12284165911279704,-0.04369705042667224
698.8782536407197,-0.6163914304836934,-0.7457280016125188,0.12594593634038026,2.6361157016146026,0.985077331103751,1.1737481196960013,0.2223198574265703,-0.24535005521060244,1.6127043175022941,0.9774319614159331,-0.16568641981567162,0.12295505287566898,-0.04535224430618998
711.3582224557323,-0.6135888086109001,-0.7443283286213292,0.1262419602093581,2.6358308890174653,0.9847693684074328,1.1674305261745395,0.22352856992683467,-0.24528075722410375,1.6124014840546554,0.9773251825978281,-0.16577105090788177,0.12306810597976603,-0.04700731253296208
723.8381912707451,-0.6108158208799692,-0.7429218982302285,0.1265319551162757,2.6355613015092505,0.9844688700745375,1.1611314973797435,0.224737282427099,-0.24521145923760504,1.6120986506070165,0.9772156960065036,-0.16585522271548514,0.12318081811186374,-0.04866225052146319
736.3181600857583,-0.6080721140554982,-0.7415087651040045,0.12681591163524011,2.635306734045212,0.9841757586659303,1.1548508480486022,0.2259459949273634,-0.24514216125110636,1.6117958171593776,0.9771035019453026,-0.16593893500527562,0.12329318895968225,-0.05031705368652872
748.7981289007708,-0.605357339080237,-0.7400889834151463,0.12709382066089467,2.635066984423249,0.9838899568509036,1.1485883952296658,0.22715470742762775,-0.24507286326460767,1.6114929837117389,0.9769886007250698,-0.16602218754532028,0.12340521821188741,-0.05197171744336773
761.2780977157838,-0.6026711510516591,-0.738662606852099,0.12736567340404276,2.63484185325616,0.983611387434314,1.1423439582660464,0.2283634199278921,-0.245003565278109,1.6111901502641,0.9768709926641497,-0.16610498010495997,0.12351690555809139,-0.05362623720757545
773.758066530797,-0.6000132091970417,-0.737229688627392,0.1276314613873304,2.6346311439434147,0.9833399733823794,1.1361173587777065,0.2295721324281565,-0.2449342672916103,1.610887316816461,0.976750678088387,-0.16618731245481,0.12362825068885372,-0.05528060839514609
786.2380353458093,-0.5973831768471619,-0.7357902814856372,0.12789117644098935,2.6344346626424913,0.9830756378471867,1.129908420643097,0.23078084492842083,-0.2448649693051116,1.6105844833688223,0.9766276573311247,-0.16626918436676064,0.12373925329568199,-0.056934826422485485
798.7180041608225,-0.5947807214087057,-0.7343444377113995,0.1281448106986416,2.6342522182398387,0.9828183041899544,1.123716969980194,0.2319895574286852,-0.2447956713186129,1.6102816499211834,0.9765019307332036,-0.16635059561397786,0.12384991307103282,-0.05858888670642381
811.1979729758356,-0.5922055143354834,-0.7328922091369382,0.12839235659315923,2.634083622321499,0.9825678960031002,1.117542835126986,0.23319826992894957,-0.24472637333211422,1.6099788164735445,0.9763734986429613,-0.1664315459709041,0.12396022970831272,-0.060242784664228305
823.677941790848,-0.5896572310985418,-0.7314336471498173,0.128633806852584,2.6339286891434446,0.9823243371311541,1.111385846621459,0.23440698242921393,-0.24465707534561554,1.6096759830259058,0.9762423614162311,-0.1665120352132585,0.12407020290187881,-0.06189651571361595
836.1579106058609,-0.5871355511552621,-0.7299688027003916,0.12886915449611194,2.633787235601669,0.9820875516905688,1.1052458371811267,0.2356156949294783,-0.24458777735911685,1.6093731495782668,0.9761085194163416,-0.166592063118038,0.12417983234703985,-0.06355007527276614
848.637879420874,-0.5846401579175172,-0.7284977263091567,0.1290983928301254,2.6336590812020715,0.981857464088458,1.0991226416821445,0.23682440742974264,-0.24451847937261817,1.609070316130628,0.9759719730141146,-0.16667162946351755,0.12428911774005691,-0.06520345876033343
861.1178482358866,-0.5821707387189748,-0.7270204680739796,0.1293215154442934,2.63354404803017,0.9816339990403137,1.0930160971380565,0.23803311993000703,-0.24444918138611949,1.6087674826829892,0.9758327225878652,-0.16675073402925095,0.12439805877814433,-0.06685666159546014
873.5978170508995,-0.579726984781615,-0.7255370776771943,0.12953851620772297,2.6334419607206843,0.9814170815867392,1.086926042678206,0.23924183243027136,-0.24437988339962077,1.6084646492353503,0.9756907685234,-0.16682937659607144,0.12450665515947049,-0.06850967919778918
886.0777858659127,-0.5773085911815307,-0.7240476043925739,0.12974938926517013,2.6333526464270185,0.9812066371092327,1.0808523195258473,0.24045054493053575,-0.2443105854131221,1.6081618157877113,0.9755461112140164,-0.16690755694609224,0.12461490658315873,-0.0701625069874767
898.5577546809251,-0.5749152568140861,-0.7225520970921746,0.12995412903330555,2.633275934790675,0.9810025913450648,1.074794770976005,0.2416592574308001,-0.2442412874266234,1.6078589823400726,0.9753987510605012,-0.16698527486270714,0.12472281274928805,-0.0718151403852045
911.0377234959382,-0.572546684358485,-0.7210506042530581,0.13015273019704426,2.6332116579106284,0.9808048704012836,1.068753242373091,0.24286796993106446,-0.24417198944012472,1.6075561488924337,0.97524868847113,-0.16706253013059125,0.12483037335889409,-0.07346757481219328
923.5176923109511,-0.5702025802418185,-0.7195431739638813,0.13034518770591413,2.633159650312693,0.9806134007678763,1.0627275810883383,0.24407668243132882,-0.24410269145362604,1.6072533154447948,0.9750959238616657,-0.16713932253570138,0.12493758811396985,-0.0751198056902148
935.9976611259636,-0.5678826546026445,-0.7180298539313704,0.13053149677049686,2.633119748918901,0.980428109330135,1.0567176364970574,0.24528539493159318,-0.24403339346712735,1.606950481997156,0.9749404576553571,-0.16721565186527684,0.12504445671746658,-0.07677182844160485
948.4776299409768,-0.5655866212541538,-0.7165106914866687,0.13071165285891623,2.6330917930169218,0.9802489233802462,1.0507232599557539,0.24649410743185757,-0.24396409548062864,1.6066476485495171,0.9747822902829382,-0.16729151790783986,0.12515097887329446,-0.07842363848927585
960.9575987559891,-0.563314197646975,-0.7149857335915603,0.13088565169337366,2.6330756242295457,0.9800757706281391,1.044744304779138,0.2477028199321219,-0.24389479749412996,1.6063448151018784,0.9746214221826272,-0.16736692045319634,0.12525715428632378,-0.0800752312567295
973.4375675710023,-0.5610651048316657,-0.7134550268445786,0.1310534892467495,2.63307108648425,0.9799085792116303,1.038780626217037,0.24891153243238628,-0.24382549950763127,1.6060419816542395,0.9744578538001244,-0.16744185929243632,0.1253629826623853,-0.08172660216806955
985.917536386015,-0.5588390674209365,-0.7119186174869911,0.13121516173924602,2.633078025982872,0.9797472777058829,1.0328320814312473,0.2501202449326506,-0.2437562015211326,1.6057391482066006,0.9742915855886117,-0.16751633421793444,0.12546846370827128,-0.08337774664801442
998.3975052010277,-0.5566358135516515,-0.710376551408668,0.1313706656350874,2.6330962911713978,0.9795917951322178,1.026898529472343,0.251328957432915,-0.2436869035346339,1.6054363147589619,0.9741226180087512,-0.16759034502335085,0.12557359713173646,-0.08502866012190981
1010.8774740160409,-0.5544550748466461,-0.708828874153832,0.13151999763926803,2.633125732709901,0.9794420609663004,1.0209798312564564,0.2525376699331794,-0.24361760554813522,1.605133481311323,0.9739509515286837,-0.16766389150363145,0.12567838264149855,-0.0866793380157415
1023.3574428310537,-0.552296586376401,-0.7072756309266969,0.1316631546943548,2.63316620344263,0.9792980051457288,1.015075849542062,0.2537463824334437,-0.2435483075616365,1.604830647863684,0.9737765866240279,-0.16773697345500876,0.12578281994723928,-0.08832977575614792
1035.8374116460664,-0.550160086620607,-0.7057168665969864,0.13180013397733434,2.633217558368272,0.979159558077055,1.0091864489067668,0.2549550949337081,-0.24347900957513782,1.6045278144160453,0.9735995237778782,-0.1678095906750021,0.12588690875960498,-0.08997996877043299
1048.3173804610792,-0.5480453174296626,-0.7041526257053444,0.13193093289651228,2.6332796546103983,0.9790266506422504,1.0033114957241436,0.25616380743397243,-0.24340971158863914,1.6042249809684064,0.9734197634808043,-0.16788174296241856,0.12599064879020772,-0.09162991248657856
1060.7973492760925,-0.5459520239861244,-0.7025829524686333,0.13205554908846043,2.633352351388111,0.9788992142046592,0.9974508581406005,0.2573725199342368,-0.24334041360214045,1.6039221475207674,0.9732373062308495,-0.16795343011735334,0.1260940397516257,-0.09327960233325713
1073.2773180911054,-0.5438799547661545,-0.7010078907851168,0.13217398041500553,2.6334355099868976,0.978777180614439,0.9916044060523216,0.2585812324345012,-0.24327111561564177,1.6036193140731287,0.973052152533529,-0.1680246519411902,0.1261970813574044,-0.09492903373984476
1085.757286906118,-0.5418288615009839,-0.6994274842395474,0.1322862249602798,2.6335289937297097,0.9786604822135371,0.9857720110822812,0.25978994493476554,-0.24320181762914306,1.6033164806254898,0.9728643029018288,-0.1680954082366023,0.12629977332205714,-0.09657820213643337
1098.2372557211313,-0.5397984991384249,-0.6978417761081291,0.1323922810277952,2.6336326679482682,0.9785490518401984,0.9799535465573512,0.2609986574350299,-0.24313251964264437,1.6030136471778509,0.9726737578562045,-0.16816569880755253,0.12640211536106594,-0.09822710295384357
1110.7172245361435,-0.5377886258044544,-0.6962508093633909,0.13249214713758314,2.6337463999546142,0.9784428228330422,0.9741488874855069,0.26220736993529425,-0.2430632216561457,1.6027108137302122,0.9724805179245795,-0.16823552345929413,0.1265041071908824,-0.09987573162363755
1123.1971933511566,-0.5357990027648931,-0.6946546266789461,0.13258582202336788,2.633870059012906,0.9783417290347235,0.9683579105331495,0.26341608243555864,-0.242993923669647,1.6024079802825733,0.9722845836423433,-0.16830488199837115,0.12660574852892836,-0.10152408357813121
1135.6771621661699,-0.5338293943872067,-0.6930532704341538,0.13267330462978494,2.6340035163114734,0.9782457047951929,0.9625804940025572,0.264624794935823,-0.24292462568314832,1.6021051468349343,0.9720859555523509,-0.16837377423261918,0.12670703909359674,-0.10317215425040728
1148.157130981182,-0.5318795681024431,-0.6914467827186764,0.13275459410964371,2.634146644935134,0.978154684974581,0.9568165178094613,0.26583350743608736,-0.24285532769664964,1.6018023133872956,0.9718846342049202,-0.16844219997116555,0.12680797860425225,-0.10481993907432782
1160.637099796195,-0.5299492943673321,-0.6898352053369435,0.13282968982123486,2.634299319837783,0.9780686049457177,0.9510658634607774,0.2670422199363517,-0.24278602971015095,1.6014994799396567,0.9716806201578317,-0.16851015902443034,0.1269085667812324,-0.10646743348454682
1173.117068611208,-0.5280383466265605,-0.6882185798125082,0.1328985913256719,2.634461417815255,0.977987400596312,0.9453284140324787,0.2682509324366161,-0.24271673172365224,1.6011966464920178,0.9714739139763257,-0.16857765120412635,0.1270088033458479,-0.10811463291652289
1185.5970374262208,-0.5261465012752442,-0.6865969473923179,0.13296129838428117,2.6346328174784674,0.9779110083307953,0.9396040541476399,0.26945964493688046,-0.24264743373715356,1.600893813044379,0.9712645162331013,-0.16864467632326002,0.12710868802038378,-0.10976153280653186
1198.0770062412337,-0.5242735376216118,-0.6849703490508829,0.1330178109560283,2.634813399226852,0.9778393650718615,0.9338926699546398,0.2706683574371448,-0.24257813575065487,1.6005909795967401,0.9710524275083153,-0.1687112341961319,0.12720822052809994,-0.11140812859167964
1210.5569750562468,-0.5224192378499112,-0.6833388254943551,0.13306812919498404,2.6350030452220703,0.9777724082617032,0.9281941491055428,0.2718770699374092,-0.2425088377641562,1.6002881461491012,0.97083764838958,-0.168777324638337,0.12730740059323203,-0.11305441570991445
1223.036943871259,-0.520583386983558,-0.6817024171645123,0.13311225344782526,2.6352016393620246,0.9777100758629619,0.9225083807346612,0.2730857824376735,-0.2424395397776575,1.5999853127014625,0.9706201794719612,-0.16884294746676531,0.12740622794099207,-0.11470038960003992
1235.5169126862722,-0.5187657728485373,-0.6800611642426568,0.1331501842513842,2.635409067255165,0.9776523063594206,0.9168352554373015,0.2742944949379379,-0.24237024179115882,1.5996824792538236,0.9704000213579776,-0.16890810249960264,0.12750470229756955,-0.1163460457017273
1247.9968815012849,-0.5169661860370676,-0.6784151066534222,0.13318192233022363,2.6356252161950926,0.9775990387564284,0.9111746652487017,0.2755032074382022,-0.2423009438046601,1.5993796458061846,0.9701771746575986,-0.1689727895563306,0.1276028233901317,-0.11799137945552846
1260.4768503162977,-0.5151844198715398,-0.6767642840684917,0.13320746859425228,2.6358499751354625,0.9775502125810858,0.9055265036231684,0.2767119199384666,-0.24223164581816142,1.599076812358546,0.969951639988242,-0.1690370084577275,0.1277005909468247,-0.11963638630288836
1272.956819131311,-0.5134202703687445,-0.6751087359102347,0.13322682413637943,2.636083234665192,0.9775057678822048,0.8998906654134075,0.277920632438731,-0.24216234783166274,1.598773978910907,0.9697234179747732,-0.1691007590258688,0.12779800469677413,-0.12128106168615764
1285.4367879463239,-0.5116735362043898,-0.6734485013552584,0.13323999023020136,2.6363248869839664,0.9774656452300411,0.8942670468500654,0.2791293449389953,-0.24209304984516405,1.598471145463268,0.9694925092495037,-0.16916404108412736,0.12789506437008583,-0.12292540104860526
1297.9167567613365,-0.5099440186779238,-0.6717836193378725,0.13324696832771815,2.6365748258780553,0.9774297857158235,0.8886555455214722,0.2803380574392597,-0.24202375185866537,1.5981683120156294,0.9692589144521877,-0.16922685445717414,0.12799176969784662,-0.12456939983443126
1310.3967255763498,-0.5082315216776683,-0.6701141285534811,0.1332477600570978,2.6368329466964258,0.9773981309510895,0.8830560603535991,0.2815467699395241,-0.24195445387216669,1.5978654785679904,0.9690226342300226,-0.1692891989709787,0.12808812041212517,-0.12621305348877918
1322.876694391362,-0.5065358516462681,-0.6684400674618856,0.13324236722045404,2.637099146327169,0.9773706230668268,0.877468491590226,0.28275548243978843,-0.24188515588566797,1.5975626451203517,0.9687836692376448,-0.1693510744528096,0.12818411624597253,-0.12785635745774876
1335.3566632063746,-0.5048568175464659,-0.6667614742905176,0.13323079179167488,2.637373323174225,0.9773472047124456,0.8718927407733252,0.28396419494005276,-0.2418158578991693,1.5972598116727128,0.9685420201371302,-0.16941248073123483,0.12827975693342306,-0.12949930718840869
1347.8366320213886,-0.503194230827205,-0.6650783870375886,0.13321303591426956,2.637655377134414,0.9773278190545812,0.8663287107236632,0.2851729074403172,-0.2417465599126706,1.5969569782250739,0.9682976875979906,-0.16947341763612248,0.12837504220949508,-0.13114189812880905
1360.3166008364008,-0.5015479053900684,-0.6633908434751705,0.13318910189925562,2.637945209574776,0.9773124097757403,0.8607763055216208,0.28638161994058153,-0.24167726192617192,1.5966541447774352,0.968050672297173,-0.16953388499864094,0.12846997181019157,-0.132784125727994
1372.7965696514134,-0.4999176575560542,-0.6616988811521974,0.13315899222307076,2.6382427233102077,0.9773009210727952,0.8552354304882327,0.28759033244084586,-0.24160796393967324,1.5963513113297962,0.9678009749190567,-0.16959388265125955,0.1285645454725009,-0.13442598543601436
1385.2765384664267,-0.49830330603269773,-0.6600025373973969,0.13312270952551808,2.638547822581407,0.9772932976553463,0.8497059921664512,0.28879904494111025,-0.24153866595317455,1.5960484778821573,0.9675485961554523,-0.1696534104277491,0.12865876293439774,-0.13606747270394018
1397.7565072814396,-0.49670467188153666,-0.6583018493221517,0.13308025660773834,2.6388604130331137,0.9772894847439416,0.8441878983026302,0.29000775744137464,-0.24146936796667584,1.5957456444345186,0.9672935367055997,-0.16971246816318222,0.12875262393484352,-0.13770858298387348
1410.2364760964524,-0.49512157848592825,-0.6565968538232891,0.13303163643021218,2.639180401692658,0.9772894280681801,0.8386810578282342,0.29121646994163897,-0.24140006998017716,1.5954428109868797,0.9670357972761652,-0.16977105569393364,0.12884612821378733,-0.13934931172896073
1422.716444911465,-0.4935538515192166,-0.6548875875858045,0.13297685211079238,2.639507696948798,0.9772930738646974,0.8331853808417689,0.2924251824419033,-0.24133077199367847,1.5951399775392407,0.9667753785812409,-0.1698291728576812,0.12893927551216666,-0.14098965439340547
1435.1964137264779,-0.49200131891325477,-0.6531740870855148,0.13291590692275623,2.6398422085308613,0.9773003688750364,0.8277007785909369,0.2936338949421677,-0.2412614740071798,1.594837144091602,0.9665122813423416,-0.1698868194934055,0.1290320655719079,-0.14262960643248088
1447.6763825414912,-0.4904638108272836,-0.6514563885916514,0.13284880429289633,2.640183847488179,0.9773112603434218,0.8222271634550189,0.29484260744243207,-0.2411921760206811,1.5945343106439631,0.9662465062884035,-0.16994399544139116,0.12912449813592733,-0.14426916330254244
1460.1563513565038,-0.4889411596171667,-0.6497345281693846,0.13277554779962808,2.640532526169813,0.9773256960144329,0.816764448927477,0.2960513199426964,-0.24112287803418242,1.5942314771963242,0.965978054155782,-0.17000070054322666,0.12921657294813163,-0.1459083204610405
1472.6363201715167,-0.4874331998049837,-0.6480085416822847,0.13269614117112633,2.6408881582045707,0.9773436241305904,0.8113125495987815,0.2972600324429608,-0.2410535800476837,1.5939286437486855,0.9657069256882493,-0.17005693464180507,0.12930828975341874,-0.1475470733665328
1485.11628898653,-0.48593976804898253,-0.6462784647947266,0.13261058828349132,2.641250658481317,0.9773649934298574,0.805871381139463,0.2984687449432252,-0.24098428206118502,1.5936258103010466,0.9654331216369929,-0.17011269758132444,0.12939964829767836,-0.14918541747869718
1497.5962578015426,-0.4844607031138909,-0.6445443329742282,0.13251889315893245,2.6416199431295597,0.97738975314306,0.8004408602833845,0.2996774574434895,-0.24091498407468634,1.5933229768534076,0.9651566427606134,-0.1701679892072882,0.12949064832779297,-0.150823348258344
1510.0762266165548,-0.48299584584158584,-0.6428061814937319,0.13242105996398051,2.6419959295003337,0.9774178529912382,0.7950209048112375,0.30088616994375383,-0.24084568608818765,1.593020143405769,0.9648774898251219,-0.17022280936650555,0.1295812895916382,-0.15246086116742888
1522.556195431568,-0.4815450391221243,-0.6410640454338296,0.13231709300772346,2.642378536147351,0.9774492431829259,0.7896114335342603,0.3020948824440182,-0.24077638810168897,1.59271730995813,0.9645956636039384,-0.17027715790709208,0.12967157183808375,-0.15409795166906506
1535.0361642465814,-0.48010812786512913,-0.6393179596849291,0.13220699674006628,2.6427676828084437,0.977483874411373,0.7842123662781701,0.3033035949442826,-0.24070709011519026,1.592414476510491,0.9643111648778896,-0.17033103467846983,0.129761494816994,-0.15573461522753626
1547.5161330615933,-0.47868495897153623,-0.6375679589493658,0.13209077575000955,2.64316329038727,0.9775216978517008,0.7788236238673235,0.30451230744454694,-0.24063779212869157,1.5921116430628524,0.9640239944352064,-0.17038443953136803,0.12985105827922866,-0.15737084730830894
1559.9961018766066,-0.47727538130569447,-0.6358140777434592,0.13196843476395664,2.6435652809353045,0.9775626651580152,0.7734451281090875,0.3057210199448113,-0.2405684941421929,1.5918088096152134,0.9637341530715222,-0.17043737231782352,0.1299402619766436,-0.1590066433780451
1572.47607069162,-0.47587924566782325,-0.6340563503995182,0.13183997864403546,2.6439735776340894,0.9776067284604578,0.7680768017784302,0.3069297324450757,-0.2404991961556942,1.5915059761675745,0.9634416415898701,-0.17048983289118086,0.13002910566209144,-0.1606419989046148
1584.956039506632,-0.4744964047668241,-0.632294811067793,0.1317054123864501,2.6443881047777595,0.9776538403622248,0.7627185686027261,0.30813844494534004,-0.24042989816919552,1.5912031427199358,0.9631464608006814,-0.17054182110609298,0.13011758908942217,-0.16227690935710845
1597.4360083216452,-0.47312671319344335,-0.6305294937183741,0.13156474111984506,2.6448087877558297,0.977703953936536,0.7573703532467746,0.3093471574456044,-0.24036060018269684,1.5909003092722969,0.9628486115217828,-0.1705933368185216,0.13020571201348397,-0.16391137020584984
1609.9159771366585,-0.471770027393787,-0.6287604321430473,0.1314179701036962,2.6452355530362426,0.9777570227235668,0.7520320812980312,0.3105558699458688,-0.24029130219619815,1.590597475824658,0.9625480945783943,-0.17064437988573744,0.13029347419012385,-0.16554537692240834
1622.3959459516707,-0.47042620564318205,-0.6269876599570942,0.13126510472671798,2.645668328148675,0.9778130007273526,0.7467036792520512,0.31176458244613314,-0.24022200420969944,1.5902946423770192,0.9622449108031269,-0.17069495016632086,0.13038087537618825,-0.16717892497961143
1634.8759147666833,-0.46909510802038645,-0.6252112106010476,0.13110615050529295,2.6461070416681034,0.9778718424126547,0.741385074498137,0.3129732949463975,-0.24015270622320076,1.5899918089293803,0.9619390610359804,-0.1707450475201619,0.13046791532952381,-0.1688120098515575
1647.3558835816966,-0.46777659638214236,-0.6234311173424006,0.13094111308191805,2.6465516231986137,0.9779335027018071,0.7360761953051989,0.31418200744666186,-0.24008340823670207,1.5896889754817414,0.9616305461243408,-0.17079467180846117,0.13055459380897794,-0.17044462701362806
1659.8358523967095,-0.46647053433807145,-0.6216474132772697,0.13076999822367144,2.6470020033574704,0.9779979369715287,0.7307769708078171,0.31539071994692625,-0.2400141102502034,1.5893861420341027,0.9613193669229786,-0.1708438228937298,0.13064091057439972,-0.17207677194250073
1672.315821211722,-0.46517678722590966,-0.6198601313320143,0.1305928118207003,2.647458113759424,0.9780651010497292,0.725487330992507,0.3165994324471906,-0.2399448122637047,1.5890833085864637,0.9610055242940453,-0.17089250063978992,0.1307268653866401,-0.1737084401161612
1684.7957900267343,-0.46389522208707923,-0.6180693042648097,0.13040955988471692,2.6479198870012635,0.978134951212279,0.720207206684191,0.3178081449474549,-0.23987551427720602,1.588780475138825,0.960689019107072,-0.1709407049117752,0.13081245800755317,-0.1753396270139163
1697.2757588417476,-0.46262570764259375,-0.6162749646671837,0.1302202485475278,2.6483872566466107,0.9782074441797786,0.7149365295328637,0.3190168574477193,-0.2398062162907073,1.588477641691186,0.9603698522389671,-0.17098843557613108,0.13089768819999623,-0.1769703281164061
1709.7557276567607,-0.4613681142692967,-0.6144771449655035,0.13002488405956475,2.6488601572109487,0.9782825371143057,0.7096752320004586,0.3202255699479837,-0.23973691830420862,1.5881748082435472,0.9600480245740126,-0.17103569250061518,0.13098255572783096,-0.17860053890561667
1722.2356964717728,-0.4601223139764268,-0.6126758774224293,0.1298234727884409,2.6493385241468848,0.9783601876161537,0.7044232473479123,0.321434282448248,-0.23966762031770994,1.5878719747959085,0.9597235370038633,-0.17108247555429765,0.13106706035592366,-0.18023025486489264
1734.7156652867861,-0.4588881803825082,-0.6108711941383265,0.12961602121752763,2.649822293829644,0.9784403537205657,0.6991805096224147,0.3226429949485124,-0.23959832233121126,1.5875691413482695,0.9593963904275429,-0.1711287846075616,0.1311512018501462,-0.18185947147894946
1747.1956341017994,-0.45766558869256635,-0.6090631270526355,0.12940253594453455,2.6503114035427906,0.9785229938944533,0.6939469536448623,0.3238517074487768,-0.23952902434471257,1.5872663079006306,0.9590665857514424,-0.17117461953210325,0.13123497997737643,-0.1834881842338862
1759.6756029168114,-0.45645441567566036,-0.6072517079452088,0.12918302368011741,2.65080579146417,0.9786080670331199,0.6887225149974919,0.3250604199490411,-0.2394597263582139,1.586963474452992,0.9587341238893174,-0.17121998020093257,0.13131839450549906,-0.1851163886171977
1772.1555717318247,-0.45525453964273244,-0.6054369684376082,0.1289574912464979,2.6513053966520763,0.9786955324569776,0.6835071300117049,0.3262691324493055,-0.23939042837171517,1.586660641005353,0.9583990057622854,-0.17126486648837352,0.1314014452034061,-0.1867440801177876
1784.635540546838,-0.45406584042477194,-0.6036189399943667,0.12872594557609404,2.651810159031635,0.9787853499082616,0.6783007357560792,0.3274778449495699,-0.2393211303852165,1.586357807557714,0.9580612322988233,-0.1713092782700643,0.13148413184099766,-0.18837125422598036
1797.11550936185,-0.45288819935128716,-0.6017976539242164,0.12848839371017312,2.652320019381402,0.9788774795477503,0.6731032700245615,0.3286865574498342,-0.2392518323987178,1.5860549741100753,0.957720804434765,-0.17135321542295787,0.13156645418918247,-0.1899979064335339
1809.5954781768628,-0.45172149922908483,-0.5999731413812809,0.12824484279751489,2.652834919320169,0.9789718819514844,0.6679146713248428,0.32989526995009855,-0.23918253441221912,1.5857521406624364,0.9573777231132984,-0.17139667782532206,0.1316484120198785,-0.19162403223365213
1822.075446991876,-0.4505656243213531,-0.5981454333662343,0.12799530009308843,2.6533548012939865,0.979068518107492,0.6627348788669105,0.33110398245036293,-0.23911323642572044,1.5854493072147975,0.9570319892849632,-0.17143966535674013,0.1317300051060138,-0.1932496271209975
1834.555415806889,-0.44942046032704475,-0.5963145607274277,0.127739772956743,2.6538796085633845,0.9791673494125173,0.6575638325517831,0.3323126949506273,-0.23904393843922175,1.5851464737671588,0.9566836039076485,-0.17148217789811096,0.13181123322152682,-0.1948746865917033
1847.0353846219016,-0.4482858943605553,-0.5944805541619873,0.12747826885192118,2.6544092851907988,0.9792683376687632,0.652401472960411,0.33352140745089165,-0.23897464045272304,1.5848436403195199,0.9563325679465889,-0.17152421533164955,0.13189209614136732,-0.19649920614338642
1859.515353436915,-0.4471618149316961,-0.5926434442168734,0.12721079534436824,2.6549437760281944,0.9793714450806312,0.6472477413427591,0.33473011995115604,-0.23890534246622436,1.584540806871881,0.9559788823743637,-0.1715657775408871,0.13197259364149677,-0.1981231812751593
1871.9953222519277,-0.4460481119259569,-0.590803261289918,0.12693736010087114,2.655483026704891,0.9794766342514811,0.6421025796070535,0.3359388324514204,-0.23883604447972567,1.5842379734242422,0.9556225481708925,-0.17160686441067155,0.1320527254988892,-0.19974660748764325
1884.4752910669404,-0.44494467658505393,-0.5889600356308287,0.12665797088800262,2.656026983615573,0.9795838681803958,0.6369659303092003,0.33714754495168475,-0.238766746493227,1.5839351399766033,0.9552635663234335,-0.17164747582716772,0.1321324914915315,-0.20136948028297993
1896.9552598819532,-0.4438514014877618,-0.5871137973421624,0.12637263557087783,2.656575593908499,0.9796931102589604,0.6318377366423689,0.3383562574519491,-0.2386974485067283,1.5836323065289644,0.9549019378265802,-0.1716876116778579,0.13221189139842446,-0.20299179516484464
1909.435228696966,-0.4427681805310244,-0.5852645763802756,0.12608136211192753,2.6571288054738913,0.9798043242680546,0.6267179424267386,0.33956496995221347,-0.23862815052022962,1.5833294730813257,0.9545376636822592,-0.1717272718515418,0.13229092499958292,-0.20461354763845815
1921.9151975119792,-0.4416949089113422,-0.583412402556243,0.12578415856967676,2.657686566932515,0.9799174743746543,0.621606492099412,0.34077368245247786,-0.2385588525337309,1.5830266396336867,0.954170744899727,-0.17176645623833706,0.1323695920760367,-0.20623473321059968
1934.395166326992,-0.44063148310643224,-0.5815573055367532,0.1254810330975436,2.658248827624438,0.9800325251286549,0.6165033307044807,0.3419823949527422,-0.23848955454723222,1.5827238061860478,0.9538011824955672,-0.17180516472967966,0.1324478924098312,-0.20785534738961903
1946.8751351420042,-0.4395778008571564,-0.5796993148449744,0.12517199394264053,2.658815537597966,0.9801494414597055,0.611408403883257,0.3431911074530065,-0.23842025656073354,1.582420972738409,0.9534289774936879,-0.17184339721832395,0.13252582578402775,-0.2094753856854489
1959.3551039570182,-0.4385337611497164,-0.577838459861399,0.12485704944459716,2.659386647598759,0.9802681886740616,0.6063216578646534,0.34439981995327096,-0.23835095857423486,1.5821181392907702,0.9530541309253189,-0.17188115359834316,0.1326033919827045,-0.21109484360961797
1971.8350727720308,-0.4374992641981112,-0.5759747698246623,0.12453620803438399,2.6599621090591197,0.9803887324514511,0.6012430394557233,0.3456085324535353,-0.23828166058773617,1.5818153058431312,0.9526766438290085,-0.17191843376512964,0.13268059079095684,-0.21271371667526248
1984.315041587043,-0.4364742114268524,-0.5741082738323358,0.12420947823315477,2.660541874087448,0.9805110388419637,0.5961724960323485,0.3468172449537996,-0.2382123626012375,1.5815124723954925,0.952296517250621,-0.17195523761539508,0.13275742199489804,-0.21433200039713915
1996.7950104020563,-0.43545850545393566,-0.5722390008416997,0.12387686865109827,2.6611258954578707,0.9806350742629564,0.591109975530074,0.348025957454064,-0.23814306461473878,1.5812096389478536,0.9519137522433335,-0.17199156504717086,0.13283388538165986,-0.2159496902916376
2009.2749792170696,-0.43445205007406434,-0.5703669796704908,0.12353838798629492,2.6617141266000295,0.9807608054959729,0.5860554264350987,0.3492346699543284,-0.2380737666282401,1.5809068055002147,0.9515283498676332,-0.17202741595980842,0.13290998073939325,-0.21756678187679301
2021.7549480320818,-0.43345475024212166,-0.5684922389976292,0.12319404502359131,2.6623065215890365,0.9808881996836928,0.5810087977754025,0.3504433824545927,-0.2380044686417414,1.580603972052576,0.9511403111913146,-0.17206279025397933,0.13298570785726863,-0.2191832706722977
2034.2349168470944,-0.43246651205688824,-0.5666148073639266,0.12284384863348301,2.662903035135588,0.9810172243268901,0.5759700391120228,0.35165209495485705,-0.23793517065524272,1.580301138604937,0.9507496372894757,-0.17209768783167567,0.13306106652547675,-0.22079915219951435
2046.714885662107,-0.4314872427450013,-0.5647347131727656,0.12248780777100003,2.6635036225762314,0.9811478472814187,0.570939100530469,0.35286080745512144,-0.23786587266874404,1.5799983051572983,0.9503563292445163,-0.17213210859621042,0.13313605653522922,-0.22241442198148806
2059.1948544771203,-0.4305168506451536,-0.5628519846907692,0.12212593147461472,2.664108239863798,0.9812800367552177,0.5659159326322769,0.3540695199553858,-0.23779657468224535,1.5796954717096594,0.9499603881461338,-0.17216605245221747,0.133210677678759,-0.22402907554295892
2071.6748232921327,-0.42955524519252697,-0.5609666500484446,0.12175822886515039,2.6647168435579722,0.981413761305336,0.5609004865267019,0.35527823245565016,-0.23772727669574664,1.5793926382620205,0.9495618150913215,-0.17219951930565222,0.13328492974932107,-0.22564310841037433
2084.1547921071456,-0.42860233690345756,-0.5590787372408066,0.12138470914469678,2.665329390816027,0.9815489898349778,0.5558927138225492,0.35648694495591454,-0.23765797870924796,1.5790898048143818,0.9491606111843639,-0.17223250906379142,0.13335881254119294,-0.22725651611190112
2096.634760922159,-0.4276580373603313,-0.5571882741279879,0.12100538159554793,2.6659458393836926,0.9816856915905764,0.5508925666201296,0.35769565745617893,-0.23758868072274927,1.5787869713667428,0.9487567775368351,-0.17226502163523388,0.13343232584967524,-0.2288692941774387
2109.1147297371717,-0.4267222591967033,-0.5552952884358271,0.12062025557913308,2.6665661475861797,0.9818238361588797,0.5458999975033573,0.35890436995644326,-0.2375193827362506,1.578484137919104,0.948350315267595,-0.1722970569299003,0.13350546947109224,-0.2304814381386304
2121.594698552184,-0.4257949160826422,-0.553399807756441,0.1202293405349677,2.6671902743193407,0.9819633934640667,0.540914959531972,0.36011308245670764,-0.2374500847497519,1.5781813044714652,0.9479412255027861,-0.17232861485903392,0.13357824320279263,-0.2320929435288768
2134.0746673671974,-0.4248759227102899,-0.5515018595487801,0.11983264597961042,2.6678181790409727,0.9821043337648842,0.5359374062338863,0.36132179495697203,-0.2373807867632532,1.5778784710238263,0.9475295093758311,-0.1723596953352004,0.13365064684314967,-0.23370380588334744
2146.5546361822103,-0.4239651947796425,-0.5496014711391665,0.11943018150562495,2.6684498217622568,0.9822466276518033,0.5309672915976653,0.36253050745723636,-0.2373114887767545,1.5775756375761874,0.9471151680274291,-0.17239029827228833,0.13372268019156225,-0.23531402073899355
2159.0346049972227,-0.4230626489845396,-0.5476986697218162,0.11902195678055272,2.669085163039332,0.9823902460442014,0.5260045700651275,0.36373921995750075,-0.23724219079025582,1.5772728041285486,0.9466982026055524,-0.1724204235855093,0.13379434304845494,-0.23692358363456034
2171.514573812236,-0.422168202998866,-0.5457934823593481,0.11860798154589931,2.6697241639650104,0.9825351601875693,0.5210491965240635,0.36494793245776513,-0.23717289280375714,1.5769699706809097,0.9462786142654436,-0.1724500711913983,0.13386563521527903,-0.23853249011059946
2183.994542627249,-0.4212817754629603,-0.5438859359832754,0.11818826561611942,2.67036678616061,0.982681341650737,0.5161011263010838,0.36615664495802946,-0.23710359481725846,1.5766671372332708,0.9458564041696128,-0.17247924100781376,0.1339365564945127,-0.24014073570948097
2196.474511442261,-0.42040328597022625,-0.541976057394482,0.11776281887761242,2.6710129917679284,0.9828287623231226,0.5111603151545803,0.3673653574582938,-0.23703429683075977,1.576364303785632,0.9454315734878335,-0.17250793295393788,0.1340071066896617,-0.24174831597540622
2208.954480257274,-0.4195326550539461,-0.540063873263689,0.11733165128773618,2.671662743441336,0.9829773944120146,0.5062267192678028,0.3685740699585582,-0.2369649988442611,1.5760614703379932,0.9450041233971395,-0.1725361469502769,0.13407728560525992,-0.2433552264544195
2221.434449072288,-0.4186698041742911,-0.5381494101319018,0.11689477287380969,2.6723160043399985,0.98312721043986,0.5013002952420557,0.36978278245882257,-0.23689570085776238,1.5757586368903542,0.9445740550818229,-0.17256388291866126,0.13414709304687006,-0.24496146269442148
2233.9144178873,-0.41781465570552745,-0.5362326944108495,0.11645219373214037,2.672972738120218,0.983278183241592,0.4963810000900048,0.3709914949590869,-0.2368264028712637,1.5754558034427155,0.9441413697334289,-0.17259114078224572,0.1342165288210838,-0.24656702024518024
2246.394386702313,-0.4169671329234134,-0.5343137523834094,0.11600392402705376,2.6736329089278974,0.9834302859619743,0.491468791229096,0.3722002074593513,-0.236757104884765,1.5751529699950766,0.9437060685507537,-0.17261792046550978,0.13428559273552268,-0.24817189465834444
2258.874355517327,-0.4161271599927881,-0.5323926102040148,0.11554997398992158,2.6742964813911203,0.9835834920529675,0.486563626475087,0.37340891995961567,-0.23668780689826632,1.5748501365474377,0.9432681527398413,-0.17264422189425782,0.13435428459883852,-0.24977608148745575
2271.354324332339,-0.4152946619553433,-0.5304692938990606,0.11509035391820999,2.674963420612852,0.9837377752711195,0.4816654640356851,0.37461763245988,-0.23661850891176764,1.574547303099799,0.9428276235139792,-0.17267004499561917,0.13442260422071392,-0.2513795762879604
2283.834293147351,-0.4144695647175814,-0.5285438293672886,0.11462507417452977,2.675633692163751,0.9838931096749844,0.4767742625042898,0.37582634496014433,-0.23654921092526895,1.57424446965216,0.9423844820936961,-0.17269538969804843,0.13449055141186278,-0.2529823746172222
2296.314261962365,-0.41365179503895294,-0.5266162423801639,0.11415414518568977,2.6763072620750927,0.9840494696225583,0.4718899808538455,0.3770350574604087,-0.23647991293877024,1.573941636204521,0.9419387297067578,-0.17272025593132564,0.13455812598403089,-0.25458447203453444
2308.7942307773774,-0.41284128052017394,-0.524686558582244,0.11367757744176259,2.676984096831808,0.9842068297687413,0.46701257843079486,0.3782437699606731,-0.23641061495227156,1.5736388027568824,0.941490367588164,-0.1727446436265566,0.13462532774999642,-0.25618586410113264
2321.2741995923902,-0.41203794959171575,-0.5227548034915346,0.11319538149515719,2.677664163365626,0.984365165062823,0.4621420149491328,0.37945248246093743,-0.23634131696577287,1.5733359693092435,0.9410393969801449,-0.17276855271617278,0.13469215652357044,-0.25778654638020626
2333.7541684074026,-0.41124173150247084,-0.5208210024998338,0.11270756795969104,2.6783474290483262,0.9845244507459896,0.4572782504845655,0.38066119496120177,-0.2362720189792742,1.5730331358616045,0.9405858191321582,-0.17279198313393182,0.13475861211959744,-0.2593865144369116
2346.234137222415,-0.4104525563085856,-0.5188851808730705,0.11221414750967833,2.6790338616850975,0.9846846623488563,0.4524212454687642,0.38186990746146615,-0.2362027209927755,1.5727303024139658,0.9401296353008844,-0.17281493481491741,0.13482469435395572,-0.26098576383838323
2358.714106037429,-0.4096703548624647,-0.516947363751632,0.11171513087902002,2.679723429507994,0.9848457756890201,0.4475709606837169,0.38307861996173054,-0.23613342300627682,1.572427468966327,0.9396708467502249,-0.17283740769553982,0.13489040304355823,-0.26258429015374757
2371.194074852441,-0.4088950588019359,-0.5150075761506799,0.11121052886029666,2.6804161011695014,0.985007766868637,0.442727357256179,0.38428733246199487,-0.2360641250197781,1.572124635518688,0.9392094547512975,-0.17285940171353575,0.1349557380063527,-0.2641820889541339
2383.6740436674536,-0.4081266005395802,-0.5130658429604625,0.11070035230387516,2.681111845736197,0.9851706122720213,0.4378903966522156,0.38549604496225925,-0.23599482703327943,1.5718218020710493,0.9387454605824326,-0.17288091680796858,0.13502069906132225,-0.2657791558126872
2396.1540124824674,-0.40736491325222246,-0.5111221889466151,0.11018461211701852,2.681810632682508,0.9853342885632694,0.4330600406718357,0.38670475746252364,-0.23592552904678074,1.5715189686234103,0.938278865529171,-0.17290195291922875,0.13508528602848616,-0.26737548630458047
2408.6339812974797,-0.4066099308705768,-0.5091766387504528,0.1096633192629976,2.682512431884572,0.9854987726839007,0.42823625144372357,0.38791346996278797,-0.23585623106028206,1.5712161351757714,0.9378096708842588,-0.1729225099890337,0.13514949872889997,-0.268971076007027
2421.1139501124917,-0.4058615880690486,-0.5072292168892567,0.10913648476021465,2.683217213614185,0.9856640418505285,0.4234189914200522,0.3891221824630523,-0.23578693307378337,1.5709133017281327,0.9373378779476449,-0.17294258796042805,0.1352133369846563,-0.27056592049929246
2433.5939189275055,-0.40511982025569104,-0.5052799477565535,0.10860411968133243,2.683924948532847,0.9858300735525458,0.4186082233713942,0.3903308949633167,-0.2357176350872847,1.5706104682804938,0.9368634880264769,-0.1729621867777839,0.13527680061888506,-0.2721600153627068
2446.073887742518,-0.40438456356230823,-0.5033288556223842,0.10806623515240277,2.6846356076859013,0.9859968455498374,0.4138039103817117,0.3915396074635811,-0.23564833710078598,1.570307634832855,0.9363865024350977,-0.17298130638680084,0.1353398894557542,-0.2737533561806774
2458.5538565575303,-0.4036557548347095,-0.5013759646335711,0.10752284235201152,2.6853491624967565,0.9861643358705136,0.40900601584343893,0.3927483199638454,-0.2355790391142873,1.5700048013852161,0.9359069224950416,-0.17299994673450614,0.13540260332047008,-0.2753459385387006
2471.033825372544,-0.40293333162310735,-0.49942129881397435,0.10697395251041761,2.686065584761207,0.9863325228086622,0.40421450345264576,0.3939570324641098,-0.2355097411277886,1.5697019679375772,0.9354247495350307,-0.1730181077692549,0.1354649420392778,-0.2769377580243741
2483.5137941875564,-0.4022172321726605,-0.49746488206474543,0.10641957690870829,2.686784846641832,0.9865013849221255,0.3994293372042863,0.3951657449643742,-0.23544044314128992,1.5693991344899385,0.9349399848909716,-0.17303578944073025,0.13552690543946205,-0.27852881022740916
2495.993763002569,-0.4015073954141568,-0.49550673816456997,0.10585972687795153,2.6875069206624858,0.9866709010302975,0.39465048138752706,0.3963744574646385,-0.23537114515479124,1.5690963010422996,0.9344526299059513,-0.17305299169994348,0.13558849334934725,-0.28011909073964314
2508.4737318175817,-0.4008037609548362,-0.4935468907699124,0.10529441379836142,2.688231779702869,0.9868410502119416,0.38987790058116084,0.39758316996490284,-0.23530184716829255,1.5687934675946607,0.9339626859302337,-0.173069714499234,0.13564970559829828,-0.28170859515505103
2520.953700632594,-0.40010626906934954,-0.4915853634152453,0.10472364909845894,2.688959396993185,0.9870118118030288,0.3851115596490944,0.3987918824651672,-0.23523254918179384,1.568490634147022,0.9334701543212552,-0.17308595779226973,0.13571054201672056,-0.2832973190697584
2533.433669447608,-0.3994148606908534,-0.48962217951328524,0.10414744425425412,2.689689746108877,0.9871831653945993,0.38035142373591785,0.4000005949654316,-0.23516325119529516,1.568187800699383,0.9329750364436222,-0.17310172153404707,0.13577100243606105,-0.28488525808205317
2545.91363826262,-0.3987294774022363,-0.4876573623552117,0.10356581078841248,2.690422800965443,0.987355090830639,0.37559745826255153,0.40120930746569594,-0.23509395320879647,1.567884967251744,0.9324773336691065,-0.17311700568089106,0.1358310866888084,-0.2864724077923979
2558.393607077632,-0.39805006142747584,-0.4856909351108908,0.10297876026944748,2.691158535813335,0.9875275682059839,0.3708496289219647,0.40241801996596027,-0.2350246552222978,1.5675821338041054,0.9319770473766408,-0.17313181019045548,0.13589079460849332,-0.288058763803442
2570.873575892646,-0.39737655562312507,-0.483722920829089,0.10238630431090319,2.6918969252329275,0.9877005778642381,0.3661079016749744,0.40362673246622466,-0.2349553572357991,1.5672793003564665,0.9314741789523167,-0.17314613502172302,0.13595012602968934,-0.2896443217200338
2583.3535447076597,-0.39670890346992466,-0.4817533424376864,0.10178845457055127,2.692637944129569,0.9878741003957151,0.3613722427461129,0.4048354449664891,-0.2348860592493004,1.5669764669088275,0.9309687297893794,-0.1731599801350054,0.13600908078801308,-0.29122907714923313
2595.8335135226716,-0.39604704906453897,-0.4797822227438812,0.10118522274958498,2.693381567728707,0.9880481166353953,0.35664261861957214,0.40604415746675343,-0.2348167612628017,1.5666736334611888,0.9304607012882242,-0.17317334549194333,0.13606765872012466,-0.29281302570032264
2608.3134823376854,-0.3953909371114168,-0.4778095844343955,0.10057662059182765,2.6941277715710825,0.9882226076609102,0.35191899603521337,0.4072528699670178,-0.23474746327630303,1.56637080001355,0.929950094856393,-0.17318623105550685,0.13612585966372837,-0.29439616298482096
2620.793451152698,-0.3947405129147701,-0.4758354500756749,0.09996265988293927,2.694876531508002,0.9883975547905366,0.3472013419846517,0.40846158246728215,-0.23467816528980434,1.566067966565911,0.9294369119085698,-0.17319863678999528,0.13618368345757284,-0.2959784846164944
2633.27341996771,-0.39409572237067336,-0.4738598421140832,0.09934335244962608,2.695627823696676,0.9885729395812147,0.34248962370740943,0.40967029496754653,-0.23460886730330566,1.5657651331182723,0.9289211538665773,-0.17321056266103735,0.13624112994145177,-0.2975599862113691
2645.753388782723,-0.39345651195927944,-0.4718827828761,0.098718710158869,2.6963816245956336,0.9887487438265891,0.3377838086871336,0.41087900746781086,-0.23453956931680697,1.5654622996706333,0.9284028221593724,-0.17322200863559126,0.13629819895620413,-0.29914066338774287
2658.2333575977364,-0.3928228287371501,-0.46990429456850547,0.09808874491713408,2.6971379109601963,0.9889249495550569,0.33308386464788364,0.41208771996807525,-0.2344702713303083,1.5651594662229944,0.9278819182230432,-0.17323297468194487,0.13635489034371476,-0.300720511766198
2670.7133264127483,-0.3921946203296996,-0.4679243992785723,0.09745346866960918,2.6978966598380287,0.9891015390278466,0.3283897595504835,0.4132964324683396,-0.23440097334380958,1.5648566327753557,0.9273584435008039,-0.17324346076971567,0.13641120394691467,-0.30229952696961293
2683.193295227762,-0.39157183492375114,-0.46594311897425034,0.09681289339943681,2.6986578485647525,0.989278494737108,0.32370146158893853,0.41450514496860397,-0.2343316753573109,1.5645537993277168,0.9268323994429912,-0.1732534668698509,0.13646713960978163,-0.3038777046231744
2695.6732640427754,-0.39095442126020097,-0.46396047550434655,0.09616703112694554,2.6994214547596216,0.9894557994040201,0.31901893918691565,0.41571385746886835,-0.2342623773708122,1.5642509658800778,0.9263037875070612,-0.1732629929546278,0.13652269717734059,-0.3054550403543899
2708.1532328577873,-0.39034232862679225,-0.4619764905987078,0.09551589390889767,2.700187456321268,0.9896334359769209,0.31434216099428686,0.4169225699691327,-0.23419307938431352,1.5639481324324391,0.9257726091575836,-0.17327203899765342,0.13657787649566394,-0.30703152979309933
2720.633201672801,-0.38973550685099406,-0.4599911858683985,0.09485949383773484,2.7009558314235074,0.9898113876294514,0.30967109588373337,0.41813128246939707,-0.23412378139781484,1.5636452989848002,0.9252388658662392,-0.17328060497386474,0.13663267741187204,-0.3086071685714874
2733.1131704878135,-0.3891339062929858,-0.4580045828058763,0.09419784304082712,2.7017265585112065,0.9899896377587161,0.30500571294741186,0.4193399949696614,-0.23405448341131616,1.5633424655371613,0.9247025591118146,-0.173288690859529,0.13668709977413374,-0.3101819523240956
2745.5931393028263,-0.38853747783874415,-0.45601670278516643,0.09353095367973074,2.702499616296213,0.9901681699834648,0.3003459814936788,0.4205487074699258,-0.23398518542481744,1.5630396320895226,0.9241636903801997,-0.17329629663224344,0.13674114343166666,-0.3117558766878345
2758.0731081178387,-0.3879461728932312,-0.4540275670620371,0.09285883794944925,2.7032749837533445,0.9903469681422862,0.29569187104387445,0.4217574199701901,-0.23391588743831876,1.5627367986418836,0.9236222611643818,-0.1733034222709355,0.1367948082347376,-0.31332893730199535
2770.553076932852,-0.3873599433736829,-0.4520371967741675,0.09218150807769691,2.7040526401164375,0.9905260162918222,0.29104335132916315,0.4229661324704545,-0.23384658945182007,1.5624339651942447,0.9230782729644423,-0.17331006775586297,0.13684809403466314,-0.31490112980826307
2783.0330457478644,-0.38677874170299564,-0.45004561294132095,0.09149897632416833,2.7048325648744522,0.9907052987049962,0.2864003922874344,0.42417484497071883,-0.2337772914653214,1.562131131746606,0.9225317272875532,-0.1733162330686139,0.13690100068380986,-0.31647244985072726
2795.5130145628777,-0.3862025208032084,-0.4480528364655114,0.09081125497981275,2.705614737767641,0.9908847998692588,0.28176296406025325,0.4253835574709832,-0.2337079934788227,1.561828298298967,0.9219826256479713,-0.17332191819210663,0.13695352803559474,-0.31804289307589484
2807.992983377891,-0.38563123408908195,-0.4460588881311739,0.09011835636611158,2.7063991387837607,0.9910645044848485,0.2771310369898733,0.4265922699712476,-0.23363869549232402,1.5615254648513281,0.9214309695670356,-0.17332712311059004,0.1370056759444858,-0.3196124551327023
2820.4729521929034,-0.38506483546176984,-0.4440637886053291,0.08942029283436,2.7071857481543544,0.9912443974630694,0.27250458161629787,0.42780098247151194,-0.2335693975058253,1.5612226314036894,0.9208767605731621,-0.17333184780964342,0.1370574442660022,-0.3211811316725273
2832.9529210079168,-0.3845032793025825,-0.4420675584377525,0.08871707676495721,2.707974546351078,0.9914244639245846,0.2678835686743963,0.4290096949717763,-0.23350009951932663,1.5609197979560505,0.9203200002018402,-0.17333609227617647,0.1371088328567148,-0.3227489183492008
2845.4328898229287,-0.3839465204668423,-0.4400702180611372,0.08800872056669246,2.7087655140820823,0.991604689197722,0.26326796909107575,0.43021840747204065,-0.23343080153282794,1.5606169645084118,0.9197606899956278,-0.17333985649842953,0.13715984157424665,-0.3243158108190194
2857.9128586379425,-0.3833945142778268,-0.4380717877912611,0.08729523667604405,2.7095586322884504,0.9917850588168006,0.25865775398249763,0.43142711997230504,-0.23336150354632926,1.5603141310607729,0.9191988315041476,-0.1733431404659735,0.13721047027727323,-0.32588180474075723
2870.392827452955,-0.3828472165208007,-0.43607228782715113,0.08657663755647782,2.710353882140685,0.9919655585204661,0.254052894651353,0.43263583247256937,-0.23329220555983057,1.560011297613134,0.9186344262840823,-0.17334594416970972,0.13726071882552274,-0.3274468957756777
2882.8727962679673,-0.38230458343713497,-0.4340717382512471,0.08585293569774961,2.711151245035244,0.9921461742500455,0.2494533625841822,0.43384454497283376,-0.2332229075733319,1.5597084641654952,0.918067475899171,-0.1733482676018704,0.13731058707977684,-0.3290110795875459
2895.35276508298,-0.38176657171850886,-0.43207015902956686,0.08512414361521399,2.711950702591131,0.9923268921479133,0.24485912944874436,0.4350532574730981,-0.23315360958683318,1.5594056307178563,0.9174979819202039,-0.17335011075601814,0.13736007490187072,-0.3305743518426405
2907.8327338979934,-0.38123313850119833,-0.43006757001186935,0.08439027384913622,2.7127522366465313,0.9925076985558751,0.24027016709143686,0.4362619699733625,-0.2330843116003345,1.5591027972702174,0.916925945925019,-0.17335147362704634,0.13740918215469364,-0.3321367082097657
2920.312702713006,-0.3807042413604455,-0.4280639909318208,0.08365133896400881,2.713555829255499,0.9926885800135616,0.23568644753476314,0.43747068247362686,-0.2330150136138358,1.5587999638225787,0.9163513694984966,-0.17335235621117903,0.13745790870218924,-0.3336981443602632
2932.7926715280187,-0.38017983830490937,-0.4260594414071567,0.08290735154786999,2.7143614626846886,0.9928695232568412,0.2311079429748425,0.4386793949738912,-0.23294571562733712,1.5584971303749398,0.915774254232556,-0.17335275850597093,0.13750625440935588,-0.3352586559680242
2945.272640343032,-0.37965988777119664,-0.4240539409398487,0.08215832421163033,2.715169119410136,0.9930505152162408,0.22653462577897152,0.4398881074741556,-0.23287641764083844,1.5581942969273008,0.9151946017261505,-0.17335268051030744,0.13755421914224725,-0.33681823870950167
2957.7526091580444,-0.3791443486184717,-0.4220475089162674,0.08140426958839676,2.715978782114086,0.9932315430153849,0.2219664684832284,0.4410968199744199,-0.23280711965433976,1.5578914634796621,0.9146124135852628,-0.1733521222244047,0.13760180276797235,-0.33837688826372186
2970.2325779730577,-0.37863318012314306,-0.42004016460735005,0.08064520033281174,2.7167904336818625,0.993412593969447,0.2174034437901189,0.4423055324746843,-0.23273782166784104,1.5575886300320232,0.9140276914229013,-0.17335108364980942,0.13764900515469625,-0.33993460031229655
2982.71254678807,-0.3781263419736273,-0.41803192716876403,0.07988112912038069,2.717604057198785,0.9935936555836112,0.21284552456627306,0.4435142449749486,-0.23266852368134236,1.5572857965843843,0.9134404368590947,-0.17334956478939909,0.1376958261716401,-0.341491370539435
2995.192515603083,-0.3776237942651867,-0.41602281564107424,0.0791120686468191,2.718419635947128,0.9937747155515513,0.20829268384017718,0.444722957475213,-0.23259922569484368,1.5569829631367456,0.9128506515208882,-0.1733475656473819,0.13774226568908196,-0.34304719463195593
3007.6724844180953,-0.37712549749484153,-0.4140128489499114,0.07833803162739342,2.719237153403128,0.993955761753918,0.20374489479995372,0.44593166997547734,-0.232529927708345,1.5566801296891066,0.9122583370423385,-0.17334508622929662,0.13778832357835652,-0.34460206827929946
3020.1524532331086,-0.3766314125563551,-0.4120020459061373,0.07755903079626943,2.7200565932340237,0.9941367822568447,0.1992021307911809,0.4471403824757417,-0.2324606297218463,1.5563772962414677,0.91166349506451,-0.17334212654201278,0.1378339997118561,-0.34615598717353874
3032.6324220481215,-0.37614150073528996,-0.4099904252060163,0.076775078905865,2.7208779392951494,0.994317765310459,0.19466436531475226,0.4483490949760061,-0.23239133173534762,1.556074462793829,0.9110661272354693,-0.1733386865937304,0.13787929396303047,-0.3477089470093924
3045.112390863134,-0.3756557237041348,-0.4079780054313823,0.07598618872620486,2.7217011756270595,0.9944986993474119,0.19013157202477884,0.44955780747627044,-0.2323220337488489,1.55577162934619,0.9104662352102814,-0.17333476639398024,0.13792420620638765,-0.3492609434842362
3057.592359678147,-0.3751740435175008,-0.4059648050498096,0.07519237304427949,2.7225262864527005,0.9946795729814154,0.18560372472652856,0.45076651997653483,-0.23225273576235023,1.5554687958985511,0.9098638206510046,-0.1733303659536235,0.13796873631749393,-0.35081197229811495
3070.07232849316,-0.37469642260738634,-0.4039508424147874,0.07439364466341146,2.7233532561746183,0.9948603750057942,0.1810807973744077,0.4519752324767992,-0.23218343777585154,1.5551659624509124,0.9092588852266864,-0.17332548528485217,0.1380128841729744,-0.3523620291537544
3082.5522973081734,-0.3742228237785078,-0.40193613576588655,0.07359001640261818,2.7241820693722087,0.9950410943920491,0.17656276406997687,0.4531839449770636,-0.23211413978935286,1.5548631290032735,0.9086514306133584,-0.17332012440118846,0.1380566496505131,-0.35391110975657336
3095.0322661231858,-0.37375321020369934,-0.39992070322894024,0.07278150109598798,2.7250127107990023,0.9952217202884296,0.17204959906000902,0.45439265747732793,-0.23204484180285417,1.5545602955556346,0.9080414584940318,-0.17331428331748536,0.13810003262885365,-0.35545920981469525
3107.5122349381986,-0.3732875454193737,-0.3979045628162118,0.07196811159204923,2.725845165379991,0.9954022420185211,0.16754127673457989,0.4556013699775923,-0.2319755438163555,1.5542574621079959,0.9074289705586932,-0.17330796204992605,0.1381430329877993,-0.3570063250389602
3119.992203753211,-0.37282579332105104,-0.3958877324265766,0.07114986075315553,2.7266794182089895,0.995582649079842,0.16303777162519817,0.45681008247785665,-0.23190624582985678,1.553954628660357,0.9068139685042987,-0.1733011606160242,0.13818565060821347,-0.35855245114293727
3132.4721725682243,-0.37236791815894865,-0.3938702298456962,0.07032676145486227,2.727515454546034,0.9957629311424498,0.15853905840297194,0.45801879497812104,-0.2318369478433581,1.553651795212718,0.9061964540347711,-0.1732938790346239,0.13822788537201994,-0.3600975838429354
3144.9521413832367,-0.37191388453363355,-0.39185207274619677,0.06949882658531292,2.728353259814819,0.9959430780475622,0.15404511187680878,0.45922750747838537,-0.2317676498568594,1.5533489617650793,0.9055764288609932,-0.17328611732589946,0.13826973716220325,-0.36164171885801627
3157.43211019825,-0.37146365739173615,-0.3898332786878529,0.0686660690446343,2.7291928196001667,0.9961230798061858,0.1495559069916499,0.46043621997864975,-0.23169835187036072,1.5530461283174404,0.9049538947008042,-0.17327787551135537,0.13831120586280893,-0.3631848519100056
3169.912079013263,-0.3710172020217241,-0.38781386511776483,0.06782850174432427,2.730034119645535,0.9963029265977558,0.14507141882673988,0.4616449324789141,-0.23162905388386204,1.5527432948698014,0.9043288532789949,-0.1732691536138265,0.13835229135894409,-0.36472697872350524
3182.3920478282753,-0.3705744840497354,-0.3857938493705432,0.06698613760664868,2.730877145850555,0.9964826087687874,0.14059162259393085,0.46285364497917847,-0.23155975589736333,1.5524404614221627,0.9037013063273024,-0.17325995165747757,0.13839299353677728,-0.36626809502590485
3194.8720166432886,-0.37013546943547077,-0.38377324866849544,0.06613898956404803,2.7317218842686093,0.9966621168315367,0.13611649363601808,0.46406235747944286,-0.23149045791086464,1.5521376279745238,0.9030712555844059,-0.17325026966780355,0.13843331228353933,-0.36780819654739366
3207.351985458301,-0.36970012446814193,-0.38175208012180856,0.06528707055853335,2.7325683211044365,0.9968414414626711,0.13164600742510768,0.4652710699797072,-0.23142115992436596,1.551834794526885,0.9024387027959214,-0.17324010767162928,0.13847324748752318,-0.3693472790209726
3219.8319542733143,-0.3692684157624779,-0.37973036072874056,0.06443039354110243,2.7334164427117744,0.9970205735019514,0.12718013956101698,0.46647978247997157,-0.23135186193786728,1.5515319610792462,0.9018036497143971,-0.1732294656971096,0.13851279903808464,-0.3708853381824661
3232.3119230883267,-0.3688403102547859,-0.3777081073758053,0.06356897147114324,2.7342662355910328,0.9971995039509212,0.12271886576970788,0.4676884949802359,-0.2312825639513686,1.5512291276316073,0.9011660980993085,-0.17321834377372908,0.13855196682564222,-0.37242236977053356
3244.7918919033395,-0.36841577519906865,-0.375685336837968,0.06270281731585563,2.7351176863869986,0.9973782239716084,0.1182621619017469,0.4688972074805003,-0.2312132659648699,1.5509262941839685,0.9005260497170534,-0.1732067419323021,0.13859075074167782,-0.37395836952668143
3257.271860718352,-0.3679947781631941,-0.37366206577883626,0.06183194404966758,2.735970781886573,0.997556724885235,0.11381000393080086,0.4701059199807646,-0.23114396797837122,1.5506234607363296,0.8998835063409476,-0.17319466020497268,0.13862915067873702,-0.37549333319527517
3269.7518295333653,-0.3675772870251188,-0.3716383107508528,0.06095636465365557,2.7368255090165374,0.9977349981709372,0.1093623679521587,0.471314632481029,-0.2310746699918725,1.5503206272886907,0.8992384697512191,-0.1731820986252144,0.1386671665304289,-0.3770272565235501
3282.2317983483777,-0.3671632699691651,-0.36961408819549396,0.06007609211497131,2.7376818548413553,0.9979130354644907,0.10491923018128273,0.47252334498129334,-0.23100537200537383,1.550017793841052,0.8985909417350034,-0.1731690572278303,0.13870479819142706,-0.378560135261625
3294.711767163391,-0.36675269548234707,-0.3675894144434671,0.05919113942627547,2.738539806560997,0.9980908285570556,0.10048056695238956,0.4737320574815577,-0.23093607401887514,1.549714960393413,0.8979409240863393,-0.1731555360489528,0.13874204555746925,-0.38009196516251176
3307.1917359784043,-0.3663455323507507,-0.3655643057149098,0.05830151958516253,2.7393993515087978,0.9982683693939152,0.09604635471706194,0.4749407699818221,-0.23086677603237646,1.5494121269457741,0.8972884186061629,-0.1731415351260437,0.13877890852535818,-0.38162274198212887
3319.6717047934167,-0.36594174965596077,-0.3635387781195915,0.057407245593601615,2.7402604771493455,0.9984456500732354,0.09161657004288333,0.47614948248208644,-0.23079747804587777,1.5491092934981354,0.8966334271023035,-0.17312705449789387,0.1388153869929614,-0.38315246147931226
3332.15167360843,-0.3655413167715392,-0.3615128476571165,0.05650833045737709,2.741123171076398,0.9986226628448316,0.08719118961210298,0.4773581949823508,-0.2307281800593791,1.5488064600504965,0.8959759513894778,-0.17311209420462323,0.13885148085921176,-0.38468111941582706
3344.6316424234424,-0.36514420335955144,-0.35948653021713123,0.05560478718552914,2.7419874210108217,0.9987994001089353,0.08277019022032822,0.47856690748261516,-0.23065888207288038,1.5485036266028576,0.8953159932892852,-0.1730966542876808,0.13888719002410785,-0.38620871155637987
3357.111611238455,-0.3647503793671397,-0.3574598415795278,0.05469662878980117,2.742853214798568,0.9989758544149822,0.07835354877524275,0.47977561998287954,-0.2305895840863817,1.5482007931552189,0.8946535546302032,-0.17308073478984426,0.13892251438871392,-0.38773523366862994
3369.5915800534676,-0.3643598150231451,-0.35543279741465705,0.05378386828409115,2.7437205404086686,0.9991520184603967,0.07394124229534879,0.4809843324831439,-0.230520286099883,1.54789795970758,0.8939886372475816,-0.17306433575522018,0.13895745385516045,-0.3892606815232014
3382.071548868481,-0.3639724808347732,-0.3534054132835345,0.05286651868390151,2.7445893859312642,0.9993278850893929,0.06953324790873912,0.48219304498340826,-0.23045098811338433,1.547595126259941,0.8933212429836379,-0.17304745722924364,0.13899200832664435,-0.39078505089369436
3394.5515176834933,-0.36358834758430897,-0.3513777046380586,0.051944593005801065,2.7454597395756544,0.9995034472917799,0.06512954285188978,0.4834017574836726,-0.23038169012688564,1.5472922928123023,0.8926513736874517,-0.17303009925867818,0.13902617770742906,-0.3923083375566975
3407.0314864985066,-0.3632073863258726,-0.34934968682121986,0.05101810426687962,2.7463315896683764,0.9996786982017746,0.060730104468481136,0.484610469983937,-0.23031239214038696,1.5469894593646634,0.8919790312149606,-0.17301226189161578,0.13905996190284511,-0.3938305372917986
3419.5114553135204,-0.3628295683822229,-0.3473213750673219,0.050087065484217416,2.7472049246513115,0.999853631096827,0.05633491020823983,0.48581918248420136,-0.23024309415388824,1.5466866259170244,0.8913042174289535,-0.1729939451774765,0.13909336081929005,-0.3953516458815973
3431.9914241285323,-0.36245486534160287,-0.34529278450219664,0.04915148967434584,2.748079733079811,1.000028239396445,0.051943937625808914,0.4870278949844657,-0.23017379616738956,1.5463837924693857,0.890626934199067,-0.1729751491670086,0.139126374364229,-0.3968716591117163
3444.4713929435457,-0.3620832490546274,-0.34326393014342593,0.04821138985272286,2.748956003620854,1.0002025166610367,0.04755716437963598,0.4882366074847301,-0.23010449818089088,1.5460809590217468,0.8899471834017793,-0.17295587391228825,0.13915900244619486,-0.39839057277081297
3456.9513617585585,-0.36171469163121517,-0.3412348269005643,0.04726677903320296,2.7498337250512246,1.0003764565907505,0.04317456823089027,0.4894453199849944,-0.2300352001943922,1.5457781255741079,0.8892649669204052,-0.1729361194667194,0.13919124497478827,-0.3999083826505913
3469.431330573571,-0.36134916543756,-0.33920548957536145,0.04631767022751603,2.7507128862557155,1.0005500530243316,0.038796127042396045,0.4906540324852588,-0.2299659022078935,1.5454752921264692,0.8885802866450909,-0.17291588588503357,0.1392231018606783,-0.40142508454581344
3481.9112993885833,-0.36098664309314527,-0.3371759328619916,0.04536407644474859,2.7515934762253567,1.000723299937979,0.03442181877759561,0.4918627449855231,-0.22989660422139482,1.5451724586788302,0.8878931444728089,-0.1728951732232899,0.1392545730156023,-0.40294067425431096
3494.391268203597,-0.3606270974677971,-0.33514617134727576,0.04440601069082266,2.752475484055664,1.0008961914442134,0.030051621499525605,0.4930714574857875,-0.2298273062348961,1.5448696252311913,0.8872035423073523,-0.1728739815388748,0.13928565835236653,-0.4044551475769974
3506.871237018609,-0.3602705016787783,-0.3331162195109178,0.04344348596798613,2.7533588989449154,1.0010687217907486,0.02568551336982518,0.49428016998605184,-0.22975800824839743,1.5445667917835526,0.8865114820593305,-0.17285231089050182,0.139316357784846,-0.40596850031787896
3519.3512058336228,-0.3599168290879208,-0.33108609172573217,0.04247651527430364,2.7542437101924464,1.0012408853593777,0.02132347264775242,0.4954888824863163,-0.22968871026189874,1.5442639583359137,0.8858169656461624,-0.17283016133821164,0.13934667122798503,-0.4074807282840665
3531.8311746486356,-0.3595660532987973,-0.32905580225788017,0.04150511160314702,2.755129907196969,1.0014126766648555,0.016965477689235047,0.4966975949865806,-0.22961941227540006,1.5439611248882747,0.8851199949920727,-0.17280753294337167,0.13937659859779727,-0.4089918272857874
3544.311143463648,-0.3592181481539308,-0.32702536526710213,0.040529287942690555,2.756017479454915,1.0015840903537954,0.012611506945932245,0.497906307486845,-0.22955011428890137,1.543658291440636,0.8844205720280853,-0.1727844257686761,0.13940613981136607,-0.4105017931363968
3556.7911122786604,-0.35887308773204085,-0.3249947948069587,0.03954905727541492,2.7569064165587984,1.0017551212035705,0.008261538964317494,0.49911501998710933,-0.2294808163024027,1.5433554579929971,0.8837186986920188,-0.1727608398781455,0.13943529478684477,-0.41201062165238955
3569.2710810936733,-0.3585308463453274,-0.3229641048250678,0.038564432577605924,2.757796708195599,1.0019257641212216,0.003915552384786714,0.5003237324873737,-0.22941151831590398,1.5430526245453584,0.8830143769284805,-0.17273677533712686,0.13946406344345655,-0.41351830865341127
3581.7510499086857,-0.3581913985367916,-0.3209333091633474,0.037575426818865325,2.758688344145171,1.0020960141423734,-0.00042647405922107757,0.501532444987638,-0.2293422203294053,1.5427497910977195,0.8823076086888616,-0.1727122322122934,0.1394924457014952,-0.41502484996227046
3594.2310187236985,-0.3578547190775905,-0.31890242155825554,0.03658205296161078,2.7595813142786687,1.00226586643015,-0.004764561542079525,0.5027411574879024,-0.2292729223429066,1.5424469576500806,0.8815983959313312,-0.17268721057164407,0.13952044148232487,-0.4165302414049498
3606.7109875387123,-0.3575207829644285,-0.31687145564103975,0.0355843239605997,2.7604756085569946,1.0024353162741095,-0.009098731146815003,0.5039498699881668,-0.22920362435640793,1.5421441242024416,0.8808867406208314,-0.17266171048450382,0.13954805070838067,-0.41803447881061784
3619.1909563537242,-0.3571895654169837,-0.3148404249379801,0.034582252762434124,2.761371217029267,1.00260435908917,-0.01342900386592568,0.5051585824884312,-0.22913432636990924,1.541841290754803,0.8801726447290714,-0.172635732021523,0.1395752733031685,-0.41953755801164044
3631.670925168737,-0.3568610418753674,-0.3128093428706395,0.03357585230508613,2.762268129831307,1.0027729904145561,-0.017755400602184945,0.5063672949886955,-0.22906502838341053,1.541538457307164,0.8794561102345226,-0.17260927525467756,0.13960210919126553,-0.4210394748435925
3644.1508939837504,-0.35653518799761763,-0.3107782227561136,0.03256513551741682,2.7631663371841504,1.00294120591274,-0.022077942169426417,0.5075760074889599,-0.22899573039691185,1.5412356238595253,0.8787371391224126,-0.1725823402572684,0.13962855829832047,-0.4225402251452693
3656.630862798763,-0.35621197965722684,-0.3087470778072826,0.03155011531869997,2.7640658293925684,1.0031090013683954,-0.026396649293310332,0.5087847199892243,-0.22892643241041316,1.5409327904118864,0.8780157333847196,-0.17255492710392153,0.13965462055105343,-0.42403980475869807
3669.1108316137756,-0.35589139294070055,-0.30671592113306656,0.03053080461815157,2.76496659684362,1.0032763726873537,-0.030711542612074694,0.5099934324894886,-0.22885713442391448,1.5406299569642474,0.8772918950201677,-0.17252703587058782,0.13968029587725647,-0.42553820952914934
3681.590800428789,-0.35557340414515026,-0.304684765738679,0.02950721631445857,2.765868630005214,1.003443315895569,-0.03502264267726937,0.511202144989753,-0.2287878364374158,1.5403271235166087,0.8765656260342204,-0.1724986666345425,0.13970558420579363,-0.42703543530514915
3694.0707692438004,-0.3552579897759164,-0.3026536245258859,0.028479363295314915,2.766771919424694,1.0036098271380862,-0.03932996995447309,0.5124108574900172,-0.2287185384509171,1.5400242900689698,0.8758369284390758,-0.17246981947438528,0.13973048546660116,-0.42853147793848967
3706.5507380588147,-0.3549451265442235,-0.300622510293264,0.02744725843695588,2.76767645572744,1.0037759026780175,-0.0436335448239951,0.5136195699902817,-0.22864924046441842,1.5397214566213309,0.8751058042536604,-0.17244049447004003,0.13975499959068777,-0.43002633328424134
3719.030706873828,-0.354634791364866,-0.29859143573646224,0.026410914603698474,2.768582229615489,1.0039415388955206,-0.0479333875815582,0.5148282824905461,-0.2285799424779197,1.5394186231736922,0.8743722555036237,-0.17241069170275444,0.13977912651013466,-0.4315199972007638
3731.5106756888395,-0.3543269613539247,-0.2965604134484638,0.025370344647485728,2.769489231866175,1.0041067322867876,-0.052229518438972514,0.5160369949908103,-0.22851064449142103,1.5391157897260532,0.8736362842213334,-0.17238041125509995,0.13980286615809595,-0.4330124655497178
3743.9906445038537,-0.3540216138265121,-0.29452945591985097,0.024325561407430932,2.770397453330781,1.0042714794630334,-0.05652195752478704,0.5172457074910748,-0.22844134650492234,1.5388129562784143,0.8728978924458685,-0.17234965321097154,0.13982621846879864,-0.43450373419607663
3756.4706133188656,-0.35371872629454865,-0.29249857553906883,0.023276577709364366,2.7713068849332156,1.004435777149496,-0.060810724884930646,0.5184544199913391,-0.22837204851842366,1.5385101228307756,0.8721570822230138,-0.17231841765558714,0.13984918337754285,-0.43599379900813734
3768.950582133878,-0.3534182764645671,-0.2904677845926966,0.022223406365390816,2.7722175176687025,1.0045996221844373,-0.06509584048333723,0.5196631324916035,-0.22830275053192498,1.5382072893831367,0.8714138556052557,-0.172286704675488,0.13987176082070218,-0.43748265585753227
3781.4305509488922,-0.3531202422355458,-0.28843709526571126,0.02116606017343501,2.773129342602487,1.004763011518149,-0.06937732420255528,0.5208718449918679,-0.2282334525454263,1.5379044559354977,0.8706682146517746,-0.17225451435853797,0.13989395073572372,-0.43897030061924086
3793.910519763904,-0.3528246016967702,-0.2864065196417639,0.02010455191680749,2.7740423508685597,1.0049259422119678,-0.07365519584434484,0.5220805574921322,-0.22816415455892758,1.537601622487859,0.8699201614284401,-0.17222184679392327,0.13991575306112797,-0.44045672917160034
3806.390488578917,-0.35253133312572266,-0.28437606970344737,0.019038894363760814,2.774956533668398,1.0050884114372935,-0.0779294751302605,0.5232892699923966,-0.2280948565724289,1.53729878904022,0.869169698007806,-0.17218870207215276,0.1399371677365097,-0.4419419373963178
3818.870457393931,-0.352240414985998,-0.2823457573325725,0.0179691002670519,2.7758718822697204,1.0052504164746088,-0.08220018170221856,0.524497982492661,-0.2280255585859302,1.5369959555925812,0.8684168264691028,-0.17215508028505683,0.13995819470253734,-0.44342592117848106
3831.3504262089427,-0.35195182592524865,-0.2803155943104406,0.016895182363508177,2.776788388005261,1.0054119547125089,-0.08646733512305599,0.5257066949929253,-0.22795626059943153,1.5366931221449425,0.8676615488982335,-0.17212098152578803,0.1399788339009538,-0.44490867640657106
3843.8303950239556,-0.35166554477315376,-0.2782855923181234,0.015817153373600294,2.777706042271557,1.0055730236467382,-0.09073095487706881,0.5269154074931897,-0.22788696261293284,1.5363902886973035,0.8669038673877671,-0.17208640588882015,0.13999908527457608,-0.44639019897247173
3856.3103638389694,-0.35138155053941644,-0.2762557629367383,0.014735026001008435,2.778624836527752,1.0057336208792205,-0.0949910603705455,0.5281241199934541,-0.22781766462643416,1.5360874552496646,0.8661437840369329,-0.17205135346994838,0.1400189487672959,-0.44787048477148295
3868.7903326539804,-0.35109982241178644,-0.27422611764772975,0.013648812932198346,2.779544762294413,1.0058937441171072,-0.09924767093228003,0.5293328324937183,-0.22774836663993547,1.535784621802026,0.8653813009516149,-0.17201582436628876,0.14003842432407948,-0.4493495297023306
3881.2703014689946,-0.35082033975410676,-0.27219666783314705,0.012558526835998977,2.7804658111523683,1.006053391171822,-0.10350080581408035,0.5305415449939828,-0.22767906865343676,1.535481788354387,0.8646164202443456,-0.17197981867627815,0.140057511890968,-0.4508273296671788
3893.750270284007,-0.3505430821043884,-0.2701674247759316,0.011464180363183306,2.781387974741553,1.0062125599581138,-0.10775048419125699,0.5317502574942471,-0.22760977066693808,1.535178954906748,0.8638491440343004,-0.1719433364996737,0.14007621141507742,-0.45230388057164095
3906.230239099019,-0.35026802917290667,-0.2681383996601941,0.010365786146048061,2.7823112447598755,1.006371248493114,-0.11199672516310778,0.5329589699945114,-0.2275404726804394,1.5348761214591093,0.8630794744472915,-0.17190637793755278,0.14009452284459897,-0.453779178324791
3918.710207914033,-0.34999516084032395,-0.2661096035715048,0.00926335679800252,2.7832356129620925,1.006529454895396,-0.11623954775338377,0.5341676824947759,-0.2274711746939407,1.5345732880114704,0.8623074136157627,-0.1718689430923127,0.1401124461287991,-0.45525321883917497
3931.190176729045,-0.349724457155836,-0.26408104749717626,0.008156904913152468,2.7841610711587035,1.0066871773840411,-0.12047897091074707,0.5353763949950402,-0.22740187670744202,1.5342704545638317,0.8615329636787824,-0.17183103206767023,0.14012998121801962,-0.4567259980308222
3943.6701455440575,-0.34945589833534146,-0.2620527423265525,0.0070464430658951135,2.7850876112148564,1.0068444142777107,-0.12471501350921761,0.5365851074953045,-0.2273325787209433,1.5339676211161928,0.8607561267820385,-0.17179264496866153,0.14014712806367785,-0.4581975118192565
3956.1501143590717,-0.3491894647596353,-0.26002469885129514,0.005931983810508486,2.7860152250492676,1.0070011639937178,-0.12894769434860837,0.537793819995569,-0.22726328073444463,1.5336647876685539,0.8599769050778323,-0.17175378190164176,0.1401638866182668,-0.45966775612750765
3968.6300831740837,-0.34892513697262495,-0.2579969277656763,0.004813539680750045,2.786943904633158,1.0071574250471076,-0.1331770321549493,0.5390025324958333,-0.22719398274794594,1.5333619542209151,0.8591953007250723,-0.17171444297428473,0.14018025683535534,-0.46113672688212276
3981.110051989096,-0.34866289567956926,-0.2559694396668664,0.003691123189454201,2.787873641989197,1.0073131960497415,-0.13740304558090238,0.5402112449960976,-0.22712468476144726,1.5330591207732762,0.8584113158892683,-0.17167462829558275,0.14019623866958816,-0.4626044200131774
3993.5900208041103,-0.34840272174533965,-0.2539422450552283,0.0025647468281346036,2.7888044291904683,1.0074684757093841,-0.14162575320616355,0.5414199574963621,-0.22705538677494858,1.5327562873256373,0.8576249527425255,-0.17163433797584615,0.14021183207668605,-0.46407083145428674
4006.069989619121,-0.3481445961927046,-0.25191535433460965,0.0014344230665861712,2.7897362583594383,1.0076232628287922,-0.14584517353785617,0.5426286699966263,-0.2269860887884499,1.5324534538779986,0.8568362134635387,-0.17159357212670323,0.1402270370134461,-0.46553595714261736
4018.549958434135,-0.3478885002006323,-0.2498887778126352,0.00030016435249158855,2.7906691216669492,1.007777556304816,-0.15006132501091662,0.5438373824968907,-0.2269167908019512,1.5321506204303597,0.8560451002375854,-0.17155233086109964,0.14024185343774143,-0.4669997930188978
4031.029927249149,-0.34763441510261983,-0.2478625257010057,-0.0008380168889670644,2.791603011331214,1.0079313551274935,-0.15427422598846435,0.5450460949971552,-0.2268474928154525,1.5318477869827207,0.855251615256521,-0.1715106142932982,0.14025628130852175,-0.4684623350274301
4043.50989606416,-0.34738232238503935,-0.24583660811579036,-0.0019801082555008036,2.7925379196168323,1.008084658379159,-0.1584838947621694,0.5462548074974194,-0.2267781948289538,1.531544953535082,0.8544557607187717,-0.17146842253887873,0.1402703205858133,-0.46992357911610155
4055.989864879174,-0.3471322036855067,-0.24381103507772528,-0.0031260973680975234,2.793473838833815,1.0082374652335488,-0.16269034955260528,0.5474635199976838,-0.22670889684245513,1.531242120087443,0.8536575388293289,-0.17142575571473753,0.14028397123071887,-0.47138352123639493
4068.469833694187,-0.34688404079127083,-0.24178581651251274,-0.004275971871404573,2.79441076133662,1.0083897749549144,-0.16689360850959492,0.5486722324979482,-0.22663959885595644,1.5309392866398042,0.8528569517997431,-0.17138261393908716,0.14029723320541806,-0.4728421573434007
4080.949802509199,-0.3466378156376227,-0.23976096225111745,-0.005429719434114002,2.795348679523204,1.0085415868971368,-0.17109368971254646,0.5498809449982125,-0.22657030086945776,1.5306364531921655,0.8520540018481172,-0.171338997331456,0.1403101064731673,-0.4742994833958272
4093.429771324213,-0.3463935103063245,-0.2377364820300686,-0.006587327749336422,2.7962875858340834,1.0086929005028493,-0.17529061117078368,0.5510896574984769,-0.22650100288295905,1.5303336197445265,0.8512486911991012,-0.17129490601268804,0.14032259099829994,-0.47575549535601314
4105.9097401392255,-0.34615110702405893,-0.23571238549175955,-0.007748784534980233,2.7972274727514077,1.0088437153025591,-0.17948439082386125,0.5522983699987413,-0.22643170489646036,1.5300307862968876,0.8504410220838858,-0.17125034010494258,0.14033468674622646,-0.47721018918993735
4118.389708954238,-0.3459105881608969,-0.2336886821847486,-0.008914077534125682,2.798168332798044,1.0089940309137744,-0.1836750465418798,0.5535070824990056,-0.22636240690996168,1.529727952849249,0.8496309967401955,-0.17120529973169368,0.14034639368343435,-0.47866356086723105
4130.869677769252,-0.345671936228785,-0.2316653815640634,-0.010083194515392092,2.7991101585366756,1.009143847040139,-0.18786259612578493,0.55471579499927,-0.226293108923463,1.52942511940161,0.8488186174122835,-0.17115978501773002,0.14035771177748851,-0.48011560636118844
4143.3496465842645,-0.3454351338800527,-0.22964249299150058,-0.011256123273313599,2.800052942568909,1.009293163470564,-0.19204705730766303,0.5559245074995344,-0.2262238109369643,1.529122285953971,0.8480038863509244,-0.17111379608915453,0.140368640997031,-0.4815663216487782
4155.829615399277,-0.3452001639059356,-0.2276200257359309,-0.012432851628702531,2.800996677534394,1.0094419800783667,-0.1962284477510285,0.5571332199997987,-0.22615451295046562,1.5288194525063323,0.8471868058134091,-0.17106733307338387,0.14037918131178137,-0.4830157027106543
4168.309584214291,-0.34496700923512014,-0.22559798897360456,-0.013613367429011076,2.8019413561099524,1.0095902968204176,-0.2004067850511021,0.5583419325000631,-0.22608521496396694,1.5285166190586934,0.8463673780635375,-0.1710203960991484,0.14038933269253673,-0.4844637455311675
4180.789553029303,-0.3447356529323039,-0.22357639178845526,-0.014797658548698077,2.802886971008723,1.0097381137362802,-0.20458208673508152,0.5595506450003274,-0.22601591697746823,1.5282137856110545,0.8455456053716127,-0.1709729852964914,0.14039909511117163,-0.48591044609837614
4193.269521844315,-0.34450607819677515,-0.22155524317240272,-0.01598571288958951,2.80383351497931,1.0098854309473635,-0.20875437026240606,0.5607593575005918,-0.22594661899096954,1.5279109521634158,0.8447214900144351,-0.17092510079676912,0.14040846854063843,-0.48735580040405757
4205.749490659328,-0.3442782683610095,-0.2195345520256659,-0.01717751838122797,2.8047809808049493,1.0100322486560782,-0.21292365302501282,0.5619680700008561,-0.22587732100447086,1.5276081187157768,0.8438950342752953,-0.17087674273265016,0.14041745295496708,-0.4887998044437187
4218.229459474342,-0.34405220688928345,-0.2175143271570618,-0.018373062981238347,2.8057293613026815,1.0101785671449872,-0.21708995234758713,0.5631767825011205,-0.22580802301797218,1.527305285268138,0.8430662404439682,-0.17082791123811508,0.1404260483292654,-0.4902424542166079
4230.709428289354,-0.3438278773763062,-0.21549457728431629,-0.01957233467567469,2.8066786493225333,1.0103243867759713,-0.22125328548780457,0.5643854950013849,-0.22573872503147346,1.5270024518204992,0.8422351108167064,-0.17077860644845635,0.14043425463971912,-0.4916837457257257
4243.189397104368,-0.34360526354586735,-0.2134753110343718,-0.020775321479374373,2.8076288377467153,1.0104697079893885,-0.22541366963656498,0.5655942075016493,-0.22566942704497478,1.5266996183728603,0.8414016476962349,-0.1707288285002776,0.14044207186359184,-0.49312367497783527
4255.669365919382,-0.34338434924950134,-0.21145653694369526,-0.02198201143630173,2.808579919488826,1.0106145313032464,-0.22957112191822554,0.5668029200019137,-0.2256001290584761,1.5263967849252214,0.8405658533917427,-0.17067857753149335,0.1404494999792252,-0.4945622379834745
4268.149334734393,-0.3431651184651686,-0.20943826345858396,-0.02319239261990303,2.8095318874930633,1.010758857312366,-0.23372565939082185,0.568011632502178,-0.2255308310719774,1.5260939514775826,0.8397277302188786,-0.1706278536813288,0.1404565389660389,-0.49599943075696684
4280.629303549407,-0.3429475552959524,-0.2074204989354776,-0.024406453133442595,2.810484734733453,1.0109026866875612,-0.23787729904628285,0.5692203450024425,-0.22546153308547873,1.5257911180299437,0.8388872804997429,-0.17057665709031916,0.14046318880453074,-0.49743524931643135
4293.109272364421,-0.34273164396877254,-0.20540325164126494,-0.025624181110352074,2.811438454213081,1.0110460201748117,-0.2420260578106427,0.5704290575027068,-0.22539223509898004,1.5254882845823048,0.8380445065628823,-0.17052498790030957,0.14046944947627668,-0.49886968968379514
4305.589241179432,-0.3425173688331138,-0.2033865297535943,-0.026845564714566256,2.8123930389633354,1.0111888585944455,-0.24617195254424565,0.5716377700029711,-0.22532293711248136,1.525185451134666,0.8371994107432832,-0.17047284625445444,0.140475320963931,-0.5003027478848034
4318.069209994446,-0.3423047143597703,-0.2013703413611825,-0.028070592140861998,2.813348482043166,1.0113312028403236,-0.2503150000419437,0.5728464825032356,-0.22525363912598265,1.5248826176870272,0.8363519953823643,-0.17042023229721728,0.1404808032512261,-0.5017344199490311
4330.549178809458,-0.3420936651396051,-0.1993546944641255,-0.02929925161519686,2.8143047765383398,1.0114730538790233,-0.2544552170332881,0.5740551950034998,-0.22518434113948396,1.5245797842393882,0.8355022628279712,-0.17036714617437002,0.14048589632297287,-0.503164701909893
4343.02914762447,-0.3418842058823255,-0.19733959697420744,-0.030531531395041875,2.815261915560719,1.01161441274903,-0.2585926201827184,0.5752639075037642,-0.22511504315298528,1.5242769507917495,0.8346502154343698,-0.17031358803299287,0.14049060016506032,-0.504593589804656
4355.5091164394835,-0.34167632141527193,-0.19532505671521055,-0.03176741976971333,2.8162198922475383,1.0117552805599317,-0.26272722608974314,0.5764726200040285,-0.2250457451664866,1.5239741173441106,0.8337958555622389,-0.17025955802147388,0.14049491476445616,-0.5060210796744488
4367.989085254496,-0.3414699966822224,-0.19331108142322714,-0.033006905060702814,2.8171786997607,1.0118956584916137,-0.26685905128911586,0.5776813325042929,-0.2249764471799879,1.5236712838964719,0.8329391855786646,-0.17020505628950827,0.1404988401092063,-0.5074471675642735
4380.469054069509,-0.34126521674221194,-0.19129767874696776,-0.03424997562200749,2.8181383312860677,1.0120355477934577,-0.2709881122510079,0.5788900450045573,-0.2249071491934892,1.523368450448833,0.8320802078571334,-0.1701500829880984,0.1405023761884352,-0.5088718495230173
4392.9490228845225,-0.34106196676836503,-0.18928485624807412,-0.03549661984045474,2.819098780032781,1.012174949783544,-0.27511442538117015,0.5800987575048216,-0.2248378512069905,1.523065617001194,0.8312189247775253,-0.17009463826955304,0.14050552299234584,-0.5102951216034619
4405.428991699535,-0.34086023204674304,-0.18727262140142537,-0.03674682613602923,2.8200600392325677,1.0123138658478583,-0.27923800702109913,0.581307470005086,-0.22476855322049183,1.5227627835535553,0.830355338726108,-0.1700387222874871,0.14050828051221964,-0.5117169798622951
4417.908960514548,-0.3406599979752051,-0.18526098159545443,-0.03800058296218954,2.821022102139072,1.0124522974395007,-0.28335887344818983,0.5825161825053504,-0.22469925523399314,1.5224599501059164,0.8294894520955296,-0.16998233519682124,0.14051064874041672,-0.5131374203601224
4430.3889293295615,-0.34046125006228317,-0.1832499441324525,-0.03925787880619787,2.8219849620271895,1.0125902460778937,-0.2874770408758887,0.5837248950056148,-0.22462995724749446,1.5221571166582775,0.8286212672848119,-0.16992547715378123,0.14051262767037556,-0.514556439161477
4442.868898144574,-0.3402639739260703,-0.18123951622888382,-0.04051870218943095,2.8229486121924072,1.012727713348,-0.29159252545383946,0.5849336075058791,-0.22456065926099578,1.5218542832106388,0.8277507866993441,-0.16986814831589775,0.1405142172966134,-0.5159740323348311
4455.348866959587,-0.34006815529312223,-0.17922970501569188,-0.04178304166770282,2.8239130459501585,1.0128647008995388,-0.2957053432680272,0.5861423200061435,-0.2244913612744971,1.5215514497629998,0.8268780127508765,-0.16981034884200588,0.1405154176147261,-0.5173901959526069
4467.828835774599,-0.33987377999737217,-0.17722051753861345,-0.04305088583157752,2.8248782566351798,1.0130012104462045,-0.2998155103409133,0.5873510325064077,-0.22442206328799838,1.521248616315361,0.8260029478575128,-0.16975207889224458,0.14051622862138793,-0.5188049260911869
4480.308804589612,-0.3396808339790589,-0.17521196075848494,-0.04432222330668441,2.8258442376008786,1.013137243764892,-0.3039230426315733,0.5885597450066722,-0.2243527653014997,1.5209457828677222,0.8251255944437047,-0.16969333862805638,0.14051665031435204,-0.5202182188309258
4492.788773404625,-0.33948930328366705,-0.17320404155155542,-0.04559704275402579,2.826810982218711,1.0132728026949227,-0.3080279560358235,0.5897684575069366,-0.224283467315001,1.5206429494200833,0.8242459549402438,-0.1696341282121868,0.14051668269245002,-0.5216300702561601
4505.268742219637,-0.3392991740608806,-0.17119676670979206,-0.04687533287029511,2.8277784838775633,1.013407889137271,-0.31213026638634755,0.5909771700072008,-0.22421416932850233,1.5203401159724443,0.8233640317842555,-0.1695744478086839,0.14051632575559214,-0.5230404764552202
4517.74871103465,-0.33911043256354867,-0.16919014294119242,-0.04815708238817913,2.828746735983145,1.0135425050537976,-0.31622998945281877,0.5921858825074653,-0.22414487134200364,1.5200372825248056,0.8224798274191931,-0.16951429758289804,0.14051557950476737,-0.52444943352044
4530.2286798496625,-0.33892306514666365,-0.1671841768700917,-0.049442280076666296,2.8297157319573873,1.0136766524664838,-0.3203271409420184,0.5933945950077296,-0.22407557335550496,1.5197344490771667,0.8215933442948293,-0.16945367770148126,0.14051444394204332,-0.5258569375481692
4542.708648664676,-0.3387370582663509,-0.1651788750374728,-0.050730914741352204,2.8306854652378504,1.0138103334566693,-0.3244217364979482,0.594603307507994,-0.22400627536900625,1.5194316156295278,0.8207045848672508,-0.16939258833238663,0.14051291907056607,-0.5272629846387824
4555.188617479689,-0.338552398478872,-0.16317424390127117,-0.05202297522474622,2.8316559292771393,1.0139435501642895,-0.3285137917019427,0.5958120200082584,-0.22393697738250756,1.519128782181889,0.8198135515988507,-0.16933102964486818,0.14051100489456048,-0.5286675708966914
4567.6685862947015,-0.3383690724396375,-0.16117028983668602,-0.053318450406569025,2.8326271175423234,1.0140763047871209,-0.3326033220727764,0.5970207325085227,-0.22386767939600888,1.5188259487342501,0.8189202469583224,-0.16926900180948012,0.14050870141932995,-0.530070692430355
4580.148555109715,-0.33818706690223377,-0.1591670191364859,-0.05461732920405595,2.833599023514369,1.014208599580025,-0.33669034306676676,0.598229445008787,-0.2237983814095102,1.5185231152866112,0.8180246734206521,-0.1692065049980766,0.14050600865125648,-0.5314723453522906
4592.628523924728,-0.33800636871745926,-0.1571644380113145,-0.055919600572256485,2.834571640687575,1.0143404368541966,-0.34077487007787544,0.5994381575090515,-0.2237290834230115,1.5182202818389725,0.8171268334671122,-0.169143539383811,0.14050292659780067,-0.532872525779084
4605.1084927397405,-0.3378269648323737,-0.1551625525899999,-0.0572252535043291,2.835544962569017,1.014471818976414,-0.3448569184378059,0.6006468700093158,-0.22365978543651283,1.5179174483913336,0.8162267295852547,-0.16908010514113556,0.1404994552675016,-0.534271229831401
4617.588461554754,-0.3376488422893575,-0.15316136891985618,-0.058534277031841164,2.8365189826779993,1.014602748368293,-0.348936503416097,0.6018555825095802,-0.2235904874500141,1.5176146149436947,0.8153243642689033,-0.16901620244580093,0.14049559466997694,-0.5356684536339978
4630.068430369767,-0.33747198822518304,-0.15116089296699226,-0.059846660225060945,2.8374936945455125,1.0147332275055412,-0.35301364022021503,0.6030642950098446,-0.22352118946351543,1.517311781496056,0.8144197400181481,-0.1689518314748557,0.14049134481592282,-0.5370641933157316
4642.548399184779,-0.3372963898700959,-0.14916113061661393,-0.06116239219325225,2.8384690917137014,1.0148632589172186,-0.35708834399564254,0.6042730075101088,-0.22345189147701675,1.517008948048417,0.8135128593393373,-0.16888699240664584,0.14048670571711394,-0.5384584450095721
4655.028367999792,-0.3371220345469075,-0.14716208767332986,-0.06248146208496399,2.839445167735336,1.0149928451849972,-0.3611606298259618,0.6054817200103733,-0.22338259349051806,1.516706114600778,0.8126037247450708,-0.16882168542081416,0.14048167738640333,-0.5398512048526106
4667.508336814804,-0.33694890967009866,-0.1451637698614525,-0.0638038590883251,2.840421916173289,1.0151219889424232,-0.36523051273294144,0.6066904325106376,-0.22331329550401938,1.5164032811531394,0.8116923387541934,-0.16875591069829998,0.1404762598377224,-0.5412424689860726
4679.988305629818,-0.3367770027449326,-0.1431661828253019,-0.06512957243133036,2.8413993306000265,1.0152506928741856,-0.3692980076766136,0.6078991450109019,-0.2232439975175207,1.5161004477055005,0.8107787038917873,-0.16868966842133842,0.14047045308608108,-0.5426322335553274
4692.468274444831,-0.3366063013665797,-0.1411693321295098,-0.06645859138212569,2.842377404597098,1.0153789597153842,-0.3733631295553534,0.6091078575111664,-0.22317469953102198,1.5157976142578615,0.8098628226891658,-0.16862295877346017,0.14046425714756752,-0.5440204947098987
4704.948243259843,-0.3364367932192512,-0.13917322325931528,-0.06779090524930409,2.8433561317546365,1.015506792250797,-0.3774258932059527,0.6103165700114307,-0.2231054015445233,1.5154947808102228,0.8089446976838655,-0.16855578193949064,0.14045767203934814,-0.5454072486034757
4717.428212074857,-0.33626846607534333,-0.1371778616208697,-0.06912650338218113,2.8443355056708657,1.0156341933141597,-0.38148631340369604,0.611525282511695,-0.2230361035580246,1.515191947362584,0.8080243314196397,-0.16848813810554966,0.1404506977796676,-0.5467924913939237
4729.908180889869,-0.3361013077945921,-0.13518325254153477,-0.07046537517108295,2.845315519951611,1.0157611657874366,-0.38554440486242775,0.6127339950119595,-0.22296680557152593,1.5148891139149452,0.8071017264464517,-0.16842002745905102,0.14044333438784873,-0.5481762192432944
4742.388149704882,-0.3359353063232375,-0.13318940127018136,-0.07180751004762963,2.8462961682098205,1.015887712600101,-0.38960018223462445,0.6139427075122238,-0.22289750758502724,1.5145862804673063,0.8061768853204672,-0.16835145018870182,0.14043558188429264,-0.5495584283178374
4754.868118519896,-0.3357704496931962,-0.13119631297748569,-0.07315289748501788,2.84727744406509,1.0160138367284148,-0.39365366011145764,0.6151514200124881,-0.22282820959852856,1.5142834470196673,0.805249810604047,-0.1682824064845019,0.14042744029047824,-0.5509391147880094
4767.348087334908,-0.3356067260212465,-0.12920399275622865,-0.07450152699829947,2.8482593411431947,1.0161395411947118,-0.3977048530228607,0.6163601325127526,-0.22275891161202988,1.5139806135720286,0.804320504865741,-0.16821289653774354,0.14041890962896267,-0.5523182748284863
4779.82805614992,-0.33544412350822,-0.12721244562159073,-0.07585338814465978,2.8492418530756267,1.0162648290666854,-0.4017537754375907,0.6175688450130168,-0.22268961362553116,1.5136777801243897,0.8033889706802795,-0.1681429205410107,0.14040998992338094,-0.5536959046181728
4792.308024964934,-0.3352826304382037,-0.12522167651144575,-0.0772084705237001,2.850224973499142,1.016389703456672,-0.4058004417632884,0.6187775575132812,-0.22262031563903248,1.5133749466767508,0.8024552106285676,-0.16807247868817857,0.14040068119844595,-0.5550720003402131
4804.787993779945,-0.3351222351777526,-0.12323169028665742,-0.07856676377771084,2.8512086960553065,1.016514167520945,-0.40984486634653733,0.6199862700135456,-0.2225510176525338,1.513072113229112,0.801519227297677,-0.16800157117441306,0.14039098347994838,-0.5564465581820021
4817.267962594959,-0.3349629261751084,-0.12124249173136924,-0.07992825759195174,2.8521930143900565,1.0166382244590044,-0.4138870634729225,0.6211949825138099,-0.2224817196660351,1.5127692797814731,0.8005810232808396,-0.1679301981961703,0.14038089679475677,-0.5578195743351955
4829.747931409973,-0.3348046919594302,-0.119254085553299,-0.08129294169492307,2.8531779221532596,1.0167618775128733,-0.4179270473670827,0.6224036950140743,-0.22241242167953643,1.5124664463338342,0.7996406011774396,-0.16785835995119588,0.14037042117081716,-0.55919104499572
4842.227900224984,-0.33464752114003227,-0.11726647638402855,-0.0826608058586433,2.8541634129982825,1.0168851299663926,-0.42196483219276737,0.6236124075143387,-0.22234312369303771,1.5121636128861955,0.7986979635930064,-0.16778605663852467,0.14035955663715333,-0.5605609663637848
4854.707869039998,-0.3344914024056311,-0.11527966877929299,-0.08403183989891948,2.8551494805815665,1.017007985144524,-0.42600043205288685,0.624821120014603,-0.22227382570653903,1.5118607794385566,0.7977531131392084,-0.16771328845847985,0.1403483032238665,-0.5619293346438909
4867.187837855012,-0.334336324523601,-0.11329366721927,-0.08540603367562413,2.856136118562207,1.0171304464126454,-0.4300338609895645,0.6260298325148674,-0.22220452772004035,1.5115579459909176,0.7968060524338441,-0.16764005561267264,0.1403366609621353,-0.563296146044843
4879.667806670023,-0.33418227633923886,-0.11130847610886792,-0.08678337709296015,2.857123320601539,1.0172525171758604,-0.43406513298418664,0.6272385450151318,-0.22213522973354166,1.511255112543279,0.7958567841008358,-0.1675663583040017,0.14032462988421573,-0.5646613967797589
4892.147775485037,-0.33402924677503537,-0.10932409977801069,-0.08816386009973624,2.858111080362729,1.0173742008783018,-0.4380942619574488,0.6284472575153961,-0.22206593174704298,1.51095227909564,0.7949053107702234,-0.16749219673665258,0.14031221002344116,-0.5660250830660801
4904.627744300051,-0.33387722482995746,-0.10734054248192189,-0.08954747268963868,2.859099391510372,1.017495501002437,-0.44212126176940547,0.6296559700156605,-0.2219966337605443,1.510649445648001,0.7939516350781544,-0.16741757111609687,0.14029940141422184,-0.5673872011255832
4917.107713115061,-0.3337261995787364,-0.10535780840141253,-0.09093420490149327,2.8600882477100944,1.0176164210683813,-0.44614614621951376,0.6308646825159248,-0.2219273357740456,1.5103466122003624,0.792995759666879,-0.16734248164909213,0.1402862040920454,-0.5687477471843893
4929.587681930076,-0.3335761601711648,-0.10337590164315918,-0.0923240468195389,2.8610776426281626,1.0177369646332102,-0.4501689290466798,0.6320733950161892,-0.2218580377875469,1.5100437787527234,0.7920376871847418,-0.16726692854368083,0.14027261809347616,-0.5701067174729747
4942.06765074509,-0.3334270958314032,-0.10139482623998725,-0.09371698857369555,2.862067569931095,1.0178571352902703,-0.4541896239293014,0.6332821075164536,-0.2217887398010482,1.5097409453050845,0.7910774202861746,-0.1671909120091902,0.14025864345615552,-0.5714641082261821
4954.5476195601,-0.33327899585729126,-0.09941458615115188,-0.09511302033982566,2.8630580232852836,1.0179769366684996,-0.45820824448531144,0.6344908200167179,-0.22171944181454953,1.5094381118574458,0.7901149616316888,-0.1671144322562313,0.14024428021880153,-0.5728199156832301
4967.027588375115,-0.3331318496196701,-0.09743518526261376,-0.09651213234000625,2.864048996356617,1.0180963724317447,-0.4622248042722197,0.6356995325169823,-0.22165014382805084,1.5091352784098069,0.7891503138878687,-0.1670374894966986,0.14022952842120892,-0.5741741360877238
4979.507557190128,-0.33298564656171004,-0.09545662738731776,-0.09791431484279238,2.86504048281011,1.0182154462780786,-0.46623931678715336,0.6369082450172466,-0.22158084584155216,1.508832444962168,0.7881834797273635,-0.16696008394376946,0.14021438810424894,-0.5755267656876658
4991.987526005139,-0.3328403761982469,-0.09347891626547002,-0.09931955816347816,2.8660324763095404,1.0183341619391282,-0.4702517954668993,0.638116957517511,-0.22151154785505345,1.5085296115145292,0.7872144618288799,-0.16688221581190335,0.14019885930986933,-0.5768778007354659
5004.467494820154,-0.33269602811512616,-0.0915020555648093,-0.10072785266436654,2.867024970517087,1.0184525231793957,-0.474262253687941,0.6393256700177754,-0.22144224986855476,1.5082267780668903,0.7862432628771748,-0.1668038853168414,0.14018294208109408,-0.5782272374879519
5016.947463635166,-0.3325525919685532,-0.08952604888088245,-0.10213918875503045,2.8680179590929753,1.0185705337955848,-0.4782707047664983,0.6405343825180397,-0.22137295188205608,1.5079239446192516,0.7852698855630486,-0.1667250926756058,0.14016663646202338,-0.5795750722063797
5029.4274324501785,-0.33241005748445235,-0.0875508997373139,-0.10355355689257494,2.869011435695131,1.018688197615932,-0.4822771619585666,0.6417430950183041,-0.2213036538955574,1.5076211111716127,0.7842943325833363,-0.1666458381064991,0.14014994249783355,-0.5809213011564438
5041.907401265193,-0.33226841445783206,-0.08557661158607753,-0.10497094758190025,2.870005393978832,1.0188055184995353,-0.48628163845995404,0.6429518075185685,-0.2212343559090587,1.5073182777239738,0.7833166066409009,-0.16656612182910369,0.1401328602347768,-0.5822659206082877
5054.387370080206,-0.33212765275215805,-0.0836031878077633,-0.10639135137596478,2.8709998275963713,1.0189225003356863,-0.4902841474063186,0.6441605200188328,-0.22116505792256003,1.5070154442763348,0.7823367104446262,-0.1664859440642812,0.1401153897201812,-0.5836089268365143
5066.8673388952175,-0.3319877622987327,-0.08163063171184379,-0.10781475887604733,2.8719947301967217,1.0190391470432063,-0.4942847018732043,0.6453692325190972,-0.22109575993606134,1.5067126108286961,0.7813546467094086,-0.16640530503417175,0.14009753100245045,-0.5849503161201959
5079.347307710232,-0.331848733096082,-0.07965894653694125,-0.10924116073200452,2.8729900954252057,1.0191554625697823,-0.49828331487607935,0.6465779450193616,-0.22102646194956263,1.5064097773810572,0.7803704181561499,-0.1663242049621936,0.1400792841310639,-0.5862900847428846
5091.827276525243,-0.33171055520934933,-0.07768813545108995,-0.11067054764253563,2.8739859169231736,1.019271450891305,-0.5022799993703699,0.6477866575196258,-0.22095716396306395,1.5061069439334185,0.7793840275117498,-0.1662426440730422,0.14006064915657618,-0.5876282289926229
5104.3072453402565,-0.3315732187696954,-0.07571820155199777,-0.11210291035544158,2.87498218832768,1.0193871160112087,-0.5062747682514982,0.6489953700198903,-0.22088786597656526,1.5058041104857796,0.7783954775090982,-0.1661606225926899,0.14004162613061735,-0.5889647451619537
5116.78721415527,-0.3314367139737057,-0.07374914786730705,-0.11353823966788495,2.8759789032711724,1.019502461959814,-0.510267634354916,0.6502040825201546,-0.22081856799006658,1.5055012770381406,0.7774047708870677,-0.166078140748385,0.14002221510589247,-0.5902996295479308
5129.267182970282,-0.33130103108280456,-0.07178097735485377,-0.11497652642664963,2.8769760553811783,1.0196174927936716,-0.514258610456141,0.6514127950204189,-0.2207492700035679,1.505198443590502,0.7764119103905065,-0.16599519876865146,0.1400024161361817,-0.5916328784521289
5141.7471517852955,-0.33116616042267427,-0.06981369290292304,-0.11641776152839979,2.8779736382800016,1.0197322125949095,-0.5182477092707933,0.6526215075206834,-0.22067997201706918,1.504895610142863,0.7754168987702295,-0.16591179688328792,0.13998222927633994,-0.5929644881806538
5154.227120600309,-0.3310320923826832,-0.06784729733050629,-0.11786193591994042,2.878971645584422,1.0198466254705771,-0.522234943454627,0.6538302200209477,-0.2206106740305705,1.504592776695224,0.7744197387830118,-0.16582793532336734,0.13996165458229684,-0.594294455044153
5166.707089415323,-0.3308988174153179,-0.0658817933875515,-0.11930904059847834,2.879970070905396,1.019960735551998,-0.5262203256035685,0.6550389325212123,-0.2205413760440718,1.5042899432475854,0.7734204331915809,-0.16574361432123622,0.13994069211105659,-0.5956227753578258
5179.1870582303345,-0.3307663260356232,-0.06391718375521893,-0.12075906661187373,2.8809689078477687,1.0200745469941208,-0.5302038682537509,0.6562476450214765,-0.22047207805757313,1.5039871097999464,0.7724189847646094,-0.165658834110514,0.1399193419206977,-0.5969494454414331
5191.667027045348,-0.33063460882064677,-0.0619534710461267,-0.12221200505890878,2.8819681500099854,1.020188063974871,-0.5341855838815484,0.6574563575217409,-0.22040278007107444,1.5036842763523075,0.7714153962767054,-0.16557359492609233,0.13989760407037288,-0.5982744616193082
5204.146995860359,-0.33050365640889245,-0.059990657804603255,-0.12366784708953824,2.882967790983809,1.020301290694506,-0.5381654849036114,0.6586650700220051,-0.22033348208457576,1.5033814429046688,0.7704096705084079,-0.16548789700413466,0.13987547862030905,-0.5995978202203665
5216.6269646753735,-0.3303734594997765,-0.05802874650692854,-0.1251265839051538,2.8839678243540425,1.0204142313749727,-0.5421435836769037,0.6598737825222696,-0.22026418409807705,1.5030786094570299,0.7694018102461763,-0.16540174058207519,0.13985296563180677,-0.600919517578116
5229.106933490387,-0.33024400885309274,-0.05606773956158301,-0.12658820675883842,2.8849682436982547,1.0205268902592641,-0.546119892498736,0.661082495022534,-0.22019488611157836,1.502775776009391,0.7683918182823841,-0.1653151258986186,0.13983006516724047,-0.6022395500306674
5241.586902305398,-0.33011529528848166,-0.05410763930948755,-0.12805270695562765,2.8859690425865105,1.02063927161078,-0.5500944236068023,0.6622912075227982,-0.22012558812507968,1.5024729425617522,0.7673796974153113,-0.16522805319373926,0.13980677729005817,-0.6035579139207441
5254.0668711204125,-0.3299873096849059,-0.05214844802424317,-0.12952007585276618,2.88697021458111,1.020751379712692,-0.5540671891792178,0.6634999200230627,-0.220056290138581,1.5021701091141133,0.7663654504491356,-0.16514052270868035,0.13978310206478103,-0.6048746055956924
5266.546839935426,-0.3298600429801321,-0.050190167912372685,-0.13099030485996846,2.887971753236322,1.0208632188672992,-0.5580382013345512,0.6647086325233271,-0.2199869921520823,1.5018672756664744,0.7653490801939258,-0.16505253468595352,0.13975903955700364,-0.6061896214074916
5279.026808750437,-0.32973348617021775,-0.048232801113553256,-0.13246338543967792,2.888973652098133,1.0209747933953992,-0.5620074721318653,0.6659173450235913,-0.2199176941655836,1.5015644422188357,0.7643305894656329,-0.16496408936933804,0.13973458983339343,-0.6075029577127641
5291.506777565452,-0.3296076303090038,-0.04627634970085482,-0.13393930910732038,2.8899759047039915,1.0210861076356563,-0.5659750135707541,0.6671260575238558,-0.21984839617908492,1.5012616087711967,0.7633099810860837,-0.16487518700388012,0.13970975296169075,-0.6088146108727858
5303.986746380465,-0.32948246650761354,-0.044320815680970106,-0.13541806743157048,2.890978504582564,1.0211971659439631,-0.5699408375913767,0.6683347700241202,-0.21977909819258623,1.5009587753235578,0.7622872578829714,-0.16478582783589235,0.1396845290107085,-0.6101245772534954
5316.466715195476,-0.32935798593395615,-0.042366200994446365,-0.13689965203460688,2.8919814452534873,1.0213079726928147,-0.5739049560744998,0.6695434825243844,-0.21970980020608755,1.500655941875919,0.7612624226898486,-0.16469601211295284,0.1396589180503321,-0.611432853225506
5328.946684010491,-0.3292341798122352,-0.04041250751591257,-0.1383840545923721,2.8929847202271333,1.021418532270681,-0.5778673808415324,0.6707521950246489,-0.21964050221958886,1.5003531084282802,0.7602354783461198,-0.1646057400839047,0.1396329201515191,-0.6127394351641128
5341.426652825501,-0.3291110394224648,-0.0384597370543085,-0.13987126683483203,2.8939883230043715,1.0215288490813768,-0.5818281236545678,0.6719609075249131,-0.21957120423309018,1.5000502749806413,0.759206427697033,-0.16451501199885518,0.13960653538629922,-0.6140443194493053
5353.9066216405145,-0.32898855609998834,-0.036507891353105115,-0.14136128054623773,2.894992247076338,1.0216389275434383,-0.5857871962164231,0.6731696200251776,-0.2195019062465915,1.4997474415330025,0.7581752735936713,-0.16442382810917522,0.13957976382777398,-0.6153475024657765
5366.386590455529,-0.32886672123500427,-0.03455697209053218,-0.14285408756538095,2.895996485924209,1.0217487720894998,-0.5897446101706765,0.674378332525442,-0.21943260826009278,1.4994446080853636,0.7571420188929469,-0.16433218866749855,0.13955260555011662,-0.6166489806029326
5378.866559270539,-0.32874552627209674,-0.03260698087979252,-0.14434967978586208,2.8970010330189773,1.0218583871656688,-0.5937003771017122,0.6755870450257062,-0.2193633102735941,1.4991417746377247,0.7561066664575903,-0.16424009392772096,0.13952506062857162,-0.6179487502549037
5391.346528085553,-0.3286249627097698,-0.03065791926928377,-0.14584804915634528,2.898005881821235,1.021967777230908,-0.5976545085347588,0.6767957575259707,-0.2192940122870954,1.498838941190086,0.7550692191561452,-0.1641475441449998,0.13949712913945492,-0.6192468078205529
5403.826496900567,-0.3285050220999903,-0.02870978874281311,-0.1473491876808227,2.899011025780955,1.0220769467564135,-0.6016070159359349,0.6780044700262351,-0.21922471430059673,1.498536107742447,0.7540296798629589,-0.16405453957575317,0.13946881116015336,-0.6205431497034875
5416.306465715577,-0.32838569604773094,-0.026762590719811005,-0.1488530874188737,2.900016458337284,1.0221859002250002,-0.6055579107122906,0.6792131825264993,-0.21915541631409804,1.4982332742948081,0.7529880514581747,-0.16396108047765912,0.13944010676912466,-0.6218377723120678
5428.786434530591,-0.3282669762105225,-0.024816326555541557,-0.15035974048593262,2.9010221729183328,1.0222946421304815,-0.6095072042118485,0.6804218950267638,-0.21908611832759936,1.4979304408471694,0.7519443368277242,-0.16386716710965502,0.13941101604589706,-0.6231306720594174
5441.266403345605,-0.32814885429800866,-0.02287099754131239,-0.15186913905354615,2.902028162940973,1.0224031769770574,-0.6134549077236549,0.6816306075270282,-0.21901682034110065,1.4976276073995305,0.7508985388633188,-0.16377279973193695,0.13938153907106918,-0.6244218453634337
5453.7463721606155,-0.3280313220715066,-0.020926604904682827,-0.1533812753496393,2.9030344218106396,1.0225115092786992,-0.6174010324778196,0.6828393200272924,-0.21894752235460196,1.4973247739518918,0.7498506604624422,-0.16367797860595867,0.1393516759263098,-0.6257112886467969
5466.22634097563,-0.3279143713435713,-0.018983149809664767,-0.15489614165878066,2.904040942921134,1.0226196435585384,-0.6213455896455663,0.6840480325275569,-0.21887822436810328,1.4970219405042529,0.7488007045283421,-0.1635827039944313,0.13932142669435768,-0.6269989983369809
5478.706309790641,-0.327797993977566,-0.01704063335692863,-0.1564137303224456,2.905047719654431,1.0227275843482553,-0.6252885903392779,0.6852567450278211,-0.2188089263816046,1.496719107056614,0.7477486739700223,-0.16348697616132232,0.13929079145902123,-0.6282849708662623
5491.1862786056545,-0.327682181887236,-0.015099056584002072,-0.1579340337392803,2.9060547453804935,1.0228353361874711,-0.6292300456125449,0.6864654575280855,-0.2187396283951059,1.496416273608975,0.7466945717022341,-0.16339079537185477,0.13925977030517825,-0.6295692026717308
5503.666247420668,-0.3275669270362884,-0.013158420465465597,-0.15945704436537447,2.9070620134570873,1.0229429036231363,-0.6331699664602161,0.68767417002835,-0.21867033040860723,1.4961134401613363,0.7456384006454693,-0.16329416189250687,0.13922836331877586,-0.6308516901952989
5516.146216235679,-0.3274522214379747,-0.011218725913151806,-0.16098275471451803,2.9080695172296,1.0230502912089288,-0.6371083638184477,0.6888828825286142,-0.21860103242210852,1.4958106067136974,0.7445801637259511,-0.16319707599101088,0.1391965705868301,-0.6321324298837117
5528.626185050693,-0.32733805715467945,-0.009279973776333272,-0.16251115735847949,2.9090772500308635,1.0231575035046447,-0.6410452485647562,0.6900915950288786,-0.21853173443560983,1.4955077732660587,0.7435198638756265,-0.16309953793635265,0.13916439219742585,-0.6334114181885571
5541.106153865706,-0.3272244262975128,-0.007342164841917701,-0.16404224492726613,2.9100852051809842,1.0232645450755966,-0.6449806315180693,0.6913003075291431,-0.21846243644911115,1.4952049398184197,0.7424575040321578,-0.1630015479987707,0.13913182823971634,-0.6346886515662754
5553.586122680717,-0.32711132102590684,-0.005405299834633526,-0.16557601010939735,2.9110933759871704,1.02337142049201,-0.6489145234387794,0.6925090200294073,-0.21839313846261246,1.4949021063707808,0.7413930871389152,-0.1629031064497555,0.1390988788039232,-0.6359641264781686
5566.066091495731,-0.3269987335472173,-0.0034693794172130014,-0.16711244565217878,2.9121017557435662,1.0234781343284192,-0.6528469350288006,0.6937177325296717,-0.21832384047611378,1.494599272923142,0.7403266161449678,-0.16280421356204897,0.139065543981336,-0.6372378393904113
5578.546060310744,-0.3268866561163288,-0.0015344041905810575,-0.1686515443619632,2.9131103377310925,1.0235846911630744,-0.6567778769316224,0.6949264450299362,-0.2182545424896151,1.4942964394755032,0.7392580940050755,-0.16270486960964317,0.13903182386431204,-0.6385097867740597
5591.0260291257555,-0.3267750810352645,0.00039962530596855634,-0.17019329910443295,2.9141191152172854,1.0236910955773335,-0.6607073597323667,0.6961351575302004,-0.21818524450311638,1.4939936060278642,0.7381875236796817,-0.16260507486778011,0.13899771854627616,-0.6397799651050612
5603.505997940769,-0.32666400065280043,0.0023327085945947772,-0.17173770280486944,2.9151280814561424,1.02379735215507,-0.6646353939578465,0.6973438700304648,-0.2181159465166177,1.4936907725802255,0.7371149081349044,-0.16250482961295076,0.13896322812172035,-0.6410483708642648
5615.985966755782,-0.3265534073640831,0.004264845258731611,-0.17328474844842534,2.9161372296879713,1.0239034654820758,-0.6685619900766271,0.6985525825307293,-0.218046648530119,1.4933879391325866,0.7360402503425277,-0.16240413412289417,0.1389283526862038,-0.6423150005374311
5628.465935570794,-0.3264432936102523,0.006196034942916396,-0.17483442908040303,2.91714655313924,1.024009440145463,-0.6724871584990844,0.6997612950309935,-0.21797735054362033,1.4930851056849477,0.7349635532799943,-0.1623029886765969,0.1388930923363521,-0.6435798506152405
5640.945904385807,-0.32633365187806623,0.008126277352621131,-0.17638673780653144,2.9181560450224358,1.0241152807330738,-0.6764109095774665,0.7009700075312579,-0.21790805255712165,1.492782272237309,0.7338848199303964,-0.16220139355429203,0.13885744716985748,-0.6448429175933047
5653.4258732008175,-0.32622447469953286,0.010055572254081137,-0.17794166779324044,2.9191656985359202,1.0242209918328833,-0.6803332536059594,0.7021787200315222,-0.21783875457062296,1.49247943878967,0.7328040532824688,-0.16209934903745868,0.13882141728547834,-0.6461041979721753
5665.905842015832,-0.3261157546515432,0.011983919474132368,-0.17949921226794394,2.920175506863794,1.0243265780324093,-0.6842542008207498,0.7033874325317866,-0.21776945658412428,1.4921766053420311,0.7317212563305788,-0.16199685540882094,0.13878500278303885,-0.6473636882573541
5678.385810830845,-0.3260074843555103,0.013911318900049013,-0.1810593645193185,2.921185463175763,1.0244320439181216,-0.6881737614000925,0.704596145032051,-0.21770015859762556,1.4918737718943924,0.7306364320747196,-0.16189391295234729,0.13874820376342897,-0.6486213849593023
5690.865779645856,-0.3258996564770106,0.015837770479380214,-0.1826221178975812,2.922195560627005,1.0245373940748523,-0.6920919454643749,0.7058048575323153,-0.21763086061112688,1.4915709384467535,0.7295495835205007,-0.16179052195324964,0.13871102032860386,-0.6498772845934506
5703.34574846087,-0.32579226372542913,0.017763274219797672,-0.18418746581477977,2.9232057923580466,1.024642633085205,-0.6960087630761891,0.7070135700325797,-0.2175615626246282,1.4912681049991146,0.7284607136791403,-0.16168668269798264,0.13867345258158378,-0.6511313836802083
5715.825717275883,-0.3256852988536104,0.019687830188938393,-0.18575540174507219,2.9242161514946345,1.0247477655289696,-0.6999242242403995,0.7082222825328441,-0.2174922646381295,1.4909652715514758,0.7273698255674571,-0.16158239547424302,0.13863550062645388,-0.6523836787449736
5728.305686090894,-0.3255787546575112,0.02161143851425084,-0.18732591922501046,2.9252266311476176,1.0248527959825338,-0.7038383389042158,0.7094309950331084,-0.21742296665163083,1.490662438103837,0.726276922207861,-0.16147766057096846,0.13859716456836355,-0.6536341663181431
5740.785654905907,-0.325472623975856,0.023534099382851507,-0.18889901185383481,2.92623722441283,1.0249577290182976,-0.7077511169572647,0.7106397075333728,-0.21735366866513212,1.4903596046561982,0.7251820066283458,-0.16137247827833706,0.1385584445135266,-0.6548828429351204
5753.265623720921,-0.3253668996898006,0.025455813041372198,-0.1904746732937539,2.9272479243709757,1.025062569204091,-0.7116625682316655,0.7118484200336372,-0.21728437067863343,1.4900567712085593,0.7240850818624801,-0.16126684888776652,0.1385193405692207,-0.6561297051363275
5765.745592535932,-0.32526157472259365,0.027376579795820352,-0.19205289727024139,2.928258724087518,1.025167321102585,-0.7155727025021058,0.7130571325339015,-0.21721507269213475,1.4897539377609204,0.7229861509493994,-0.16116077269191317,0.13847985284378697,-0.657374749467213
5778.225561350946,-0.32515664203924577,0.02929640001143793,-0.19363367757232602,2.9292696166125727,1.0252719892707134,-0.7194815294859173,0.7142658450341659,-0.21714577470563606,1.4894511043132814,0.7218852169337971,-0.16105424998467127,0.13843998144663003,-0.6586179724782619
5790.7055301659575,-0.3250520946462003,0.03121527411256074,-0.19521700805288156,2.9302805949808044,1.02537657825909,-0.7233890588431582,0.7154745575344301,-0.21707647671913738,1.4891482708656427,0.7207822828659166,-0.1609472810611722,0.13839972648821738,-0.6598593707250057
5803.185498980971,-0.3249479255910087,0.03313320258248711,-0.19680288262892728,2.931291652211324,1.0254810926114264,-0.7272953001766902,0.7166832700346946,-0.2170071787326387,1.4888454374180038,0.7196773518015427,-0.16083986621778368,0.13835908808007924,-0.6610989407680312
5815.665467795984,-0.3248441279620084,0.035050185963342834,-0.19839129528192298,2.9323027813075915,1.0255855368639504,-0.7312002630322617,0.717891982534959,-0.21693788074614,1.488542603970365,0.7185704268019929,-0.16073200575210883,0.13831806633480825,-0.6623366791729909
5828.145436610996,-0.32474069488800433,0.03696622485595149,-0.19998224005806317,2.933313975257323,1.0256899155448322,-0.7351039568985934,0.7191006950352232,-0.2168685827596413,1.4882397705227262,0.7174615109341091,-0.1606236999629854,0.13827666136605907,-0.6635725825106116
5840.62540542601,-0.32463761953795445,0.03888131991971049,-0.20157571106858468,2.9343252270323976,1.0257942331735999,-0.7390063912074601,0.7203094075354877,-0.21679928477314261,1.4879369370750872,0.7163506072702491,-0.16051494915048495,0.13823487328854814,-0.6648066473567045
5853.105374241023,-0.32453489512065753,0.040795471872464045,-0.203171702490063,2.93533652958877,1.025898494260566,-0.7429075753337805,0.7215181200357521,-0.21672998678664393,1.4876341036274483,0.7152377188882784,-0.16040575361591208,0.13819270221805333,-0.6660388702921743
5865.585343056035,-0.3244325148844457,0.04270868149038609,-0.20477020856472228,2.9363478758663843,1.0260027033062462,-0.7468075185957044,0.7227268325360163,-0.21666068880014525,1.4873312701798096,0.7141228488715607,-0.16029611366180352,0.13815014827141367,-0.6672692479030295
5878.065311871049,-0.3243304721168778,0.04462094960785833,-0.2063712236007321,2.9373592587890953,1.026106864800791,-0.7507062302547026,0.7239355450362808,-0.21659139081364656,1.4870284367321707,0.7130060003089507,-0.16018602959192724,0.13810721156652894,-0.6684977767803906
5890.545280686061,-0.3242287601444396,0.04653227711735998,-0.20797474197252797,2.9383706712645856,1.026210983223401,-0.7546037195156601,0.7251442575365452,-0.21652209282714785,1.486725603284532,0.7118871762947843,-0.16007550171128174,0.1380638922223594,-0.6697244535205005
5903.025249501073,-0.32412737233224326,0.04844266496935089,-0.20958075812110868,2.9393821061842926,1.0263150630417601,-0.7584999955269673,0.7263529700368094,-0.21645279484064917,1.486422769836893,0.7107663799288709,-0.15996453032609512,0.1380201903589254,-0.6709492747247334
5915.505218316087,-0.32402630208373295,0.050352114172169275,-0.21118926655436007,2.940393556423336,1.0264191087114576,-0.7623950673806176,0.7275616825370739,-0.21638349685415048,1.486119936389254,0.7096436143164845,-0.15985311574382427,0.13797610609730723,-0.6721722369996047
5927.9851871310975,-0.3239255428403923,0.05226062579191848,-0.21280026184736087,2.941405014840447,1.0265231246754154,-0.7662889441123034,0.7287703950373381,-0.2163141988676518,1.4858171029416154,0.7085188825683548,-0.15974125827315397,0.13793163955964455,-0.6733933369567802
5940.465155946112,-0.32382508808145444,0.05416820095237123,-0.21441373864270352,2.9424164742779024,1.0266271153633177,-0.7701816347015146,0.7299791075376025,-0.2162449008811531,1.4855142694939765,0.7073921878006593,-0.15962895822399606,0.1378867908691361,-0.6746125712130852
5952.945124761126,-0.3237249313236164,0.05607484083486376,-0.21602969165081,2.9434279275614617,1.0267310851910374,-0.7740731480716373,0.731187820037867,-0.21617560289465443,1.4852114360463375,0.7062635331350137,-0.1595162159074886,0.13784156015003957,-0.6758299363905138
5965.4250935761365,-0.323625066120756,0.05798054667820436,-0.2176481156502568,2.9444393675003053,1.0268350385600644,-0.7779634930900595,0.7323965325381312,-0.21610630490815574,1.4849086025986988,0.7051329216984642,-0.15940303163599506,0.137795947527671,-0.6770454291162394
5977.905062391151,-0.32352548606365056,0.05988531977857878,-0.21926900548809655,2.94545078688698,1.0269389798569368,-0.7818526785682733,0.7336052450383956,-0.21603700692165703,1.48460576915106,0.7040003566234784,-0.15928940572310327,0.13774995312840446,-0.6782590460226228
5990.385031206165,-0.32342618477970075,0.061789161489456394,-0.22089235608017949,2.9464621784973413,1.0270429134526713,-0.7857407132619781,0.7348139575386601,-0.21596770893515835,1.484302935703421,0.7028658410479365,-0.15917533848362475,0.13770357707967193,-0.6794707837472214
6002.865000021176,-0.32332715593265565,0.06369207322150823,-0.22251816241149006,2.947473535090504,1.0271468437021896,-0.7896276058711929,0.7360226700389243,-0.21589841094865966,1.4840001022557823,0.7017293781151227,-0.15906083023359371,0.13765681950996267,-0.6806806389327998
6015.34496883619,-0.3232283932223411,0.06559405644252003,-0.22414641953646985,2.9484848494087936,1.0272507749437558,-0.7935133650403617,0.7372313825391887,-0.21582911296216098,1.4836972688081433,0.7005909709737167,-0.15894588129026632,0.137609680548823,-0.6818886082273383
6027.824937651204,-0.3231298903843911,0.06749511267731277,-0.2257771225793555,2.9494961141777,1.027354711498403,-0.7973979993584654,0.7384400950394532,-0.2157598149756623,1.4833944353605044,0.6994506227777848,-0.15883049197211957,0.13756216032685595,-0.6830946882840416
6040.304906466215,-0.3230316411899824,0.06939524350766388,-0.22741026673451198,2.950507322105836,1.0274586576693674,-0.8012815173591372,0.7396488075397174,-0.21569051698916358,1.4830916019128657,0.698308336686771,-0.15871466259885064,0.13751425897572084,-0.6842988757613495
6052.784875281229,-0.32293363944557085,0.07129445057223538,-0.22904584726677255,2.9515184658848974,1.0275626177415214,-0.8051639275207727,0.7408575200399818,-0.2156212190026649,1.4827887684652268,0.6971641158654885,-0.158598393491376,0.13746597662813304,-0.6855011673229449
6065.264844096243,-0.32283587899263133,0.07319273556650009,-0.23068385951177753,2.9525295381896264,1.0276665959808062,-0.8090452382666515,0.7420662325402463,-0.21555192101616621,1.4824859350175879,0.696017963484111,-0.15848168497183032,0.1374173134178633,-0.6867015596377635
6077.744812911254,-0.3227383537074007,0.0750901002426765,-0.2323242988763222,2.953540531677776,1.0277705966336639,-0.8129254579650516,0.7432749450405105,-0.21548262302966753,1.4821831015699491,0.694869882718164,-0.15836453736356582,0.13736826947973785,-0.6879000493800035
6090.224781726268,-0.32264105750062166,0.07698654640966397,-0.23396716083870023,2.954551438990083,1.0278746239264729,-0.8168045949293726,0.744483657540775,-0.21541332504316885,1.4818802681223102,0.6937198767485149,-0.1582469509911511,0.13731884494963753,-0.6890966332291336
6102.704750541282,-0.32254398431729175,0.07888207593298033,-0.23561244094905245,2.9555622527502368,1.0279786820649832,-0.8206826574182574,0.7456923700410394,-0.21534402705667016,1.4815774346746713,0.6925679487613657,-0.1581289261803705,0.13726903996449774,-0.6902913078699039
6115.184719356293,-0.32244712813641396,0.08077669073470549,-0.23726013482972264,2.9565729655648543,1.0280827752337474,-0.8245596536357135,0.7469010825413036,-0.21527472907017148,1.4812746012270326,0.6914141019482438,-0.15801046325822315,0.13721885466230804,-0.6914840699923533
6127.664688171307,-0.32235048297074786,0.0826703927934283,-0.2389102381756093,2.9575835700234605,1.0281869075955596,-0.828435591731243,0.748109795041568,-0.21520543108367277,1.4809717677793937,0.6902583395059924,-0.15789156255292192,0.1371682891821116,-0.6926749162918199
6140.144656986321,-0.32225404286656806,0.08456318414419321,-0.24056274675452724,2.958594058698465,1.0282910832908874,-0.8323104797999682,0.7493185075418325,-0.21513613309717408,1.4806689343317547,0.6891006646367619,-0.15777222439389257,0.13711734366400488,-0.6938638434689498
6152.624625801332,-0.3221578019034203,0.08645506687845558,-0.24221765640756696,2.9596044241451485,1.0283953064373088,-0.8361843258827625,0.7505272200420967,-0.2150668351106754,1.480366100884116,0.6879410805480023,-0.15765244911177304,0.13706601824913744,-0.6950508482297062
6165.104594616346,-0.3220617541938828,0.08834604314403616,-0.24387496304945785,2.960614658901647,1.0284995811289497,-0.8400571379663817,0.7517359325423612,-0.2149975371241767,1.480063267436477,0.6867795904524522,-0.15753223703841215,0.13701431307971118,-0.6962359272853784
6177.584563431359,-0.3219658938833298,0.09023611514508263,-0.2455346626689421,2.9616247554889434,1.0286039114359147,-0.8439289239835973,0.7529446450426256,-0.214928239137678,1.4797604339888384,0.6856161975681313,-0.157411588506869,0.13696222829898025,-0.6974190773525911
6190.06453224637,-0.3218702151496972,0.09212528514202926,-0.2471967513291369,2.962634706410855,1.0287083014037286,-0.8477996918133325,0.7541533575428898,-0.21485894115117932,1.4794576005411995,0.6844509051183314,-0.15729050385141194,0.1369097640512505,-0.6986002951533136
6202.544501061384,-0.3217747122032502,0.094013555451569,-0.24886122516791664,2.9636445041540327,1.0288127550527701,-0.8516694492808013,0.7553620700431543,-0.21478964316468063,1.4791547670935605,0.6832837163316072,-0.15716898340751764,0.13685692048187925,-0.6997795774148684
6215.024469876398,-0.3216793792863547,0.09590092844661774,-0.25052808039828467,2.964654141187954,1.0289172763777084,-0.8555382041576455,0.7565707825434187,-0.21472034517818195,1.4788519336459216,0.682114634441767,-0.15704702751187014,0.13680369773727463,-0.7009569208699411
6227.504438691409,-0.3215842106732497,0.09778740655629324,-0.2521973133087598,2.965663609964927,1.0290218693469386,-0.8594059641620779,0.7577794950436829,-0.21465104719168326,1.478549100198283,0.6809436626878645,-0.15692463650235997,0.13675009596489537,-0.7021323222565885
6239.984407506423,-0.3214892006698229,0.09967299226589008,-0.2538689202637558,2.9666729029200907,1.029126537902022,-0.8632727369590257,0.7589882075439474,-0.21458174920518458,1.478246266750644,0.6797708043141895,-0.15680181071808313,0.13669611531325032,-0.7033057783182483
6252.464376321434,-0.3213943436133885,0.10155768811686254,-0.255542897703975,2.96768201247142,1.0292312859571173,-0.867138530160276,0.7601969200442116,-0.2145124512186859,1.4779434333030053,0.6785960625702583,-0.15667855049934026,0.1366417559318981,-0.7044772858037478
6264.944345136448,-0.32129963387246663,0.10344149670680729,-0.2572192421467943,2.9686909310197356,1.029336117398423,-0.8710033513246224,0.761405632544476,-0.2144431532321872,1.4776405998553663,0.6774194407108061,-0.15655485618763568,0.13658701797144648,-0.705646841467313
6277.424313951462,-0.32120506584656694,0.10532442068945336,-0.25889795018666434,2.9696996509487157,1.029441036083609,-0.8748672079580163,0.7626143450447405,-0.2143738552456885,1.4773377664077274,0.6762409419957763,-0.1564307281256763,0.13653190158355238,-0.7068144420685779
6289.904282766473,-0.32111063396597206,0.10720646277465441,-0.26057901849550885,2.9707081646249063,1.0295460458412564,-0.8787301075137167,0.7638230575450047,-0.21430455725918982,1.4770349329600887,0.675060569690313,-0.15630616665737082,0.13647640692092092,-0.7079800843725929
6302.384251581487,-0.3210163326915247,0.10908762572838514,-0.26226244382312586,2.9717164643977405,1.0296511504702934,-0.8825920573924446,0.7650317700452691,-0.21423525927269113,1.4767320995124498,0.6738783270647506,-0.15618117212782875,0.13642053413730543,-0.7091437651498339
6314.864220396501,-0.3209221565144172,0.11096791237274115,-0.26394822299759724,2.972724542599556,1.0297563537394294,-0.8864530649425395,0.7662404825455336,-0.21416596128619245,1.4764292660648108,0.6726942173946062,-0.15605574488335944,0.13636428338750686,-0.710305481176212
6327.3441892115125,-0.32082809995598255,0.11284732558594009,-0.26563635292569543,2.9737323915456177,1.0298616593865955,-0.890313137460114,0.7674491950457978,-0.21409666329969373,1.4761264326171721,0.6715082439605691,-0.1559298852714711,0.13630765482737325,-0.7114652292330811
6339.824158026526,-0.3207341575674876,0.11472586830233403,-0.26732683059330337,2.9747400035341407,1.0299670711183768,-0.8941722821892162,0.7686579075460622,-0.21402736531319505,1.4758235991695332,0.6703204100484923,-0.15580359364086993,0.1362506486137995,-0.7126230061072479
6352.30412684154,-0.32064032392992914,0.11660354351241659,-0.26901965306582865,2.9757473708463187,1.0300725926094523,-0.8980305063219914,0.7698666200463267,-0.21395806732669637,1.4755207657218943,0.669130718949384,-0.15567687034145888,0.1361932649047268,-0.7137788085909808
6364.7840956565515,-0.32054659365383154,0.11848035426284013,-0.2707148174886315,2.976754485746352,1.0301782275020244,-0.901887816998844,0.7710753325465909,-0.21388876934019768,1.4752179322742556,0.6679391739593974,-0.15554971572433712,0.1361355038591422,-0.7149326334820179
6377.264064471566,-0.3204529613790462,0.12035630365643653,-0.2724123210874498,2.9777613404814818,1.0302839794052614,-0.9057442213086039,0.7722840450468553,-0.213819471353699,1.4749150988266166,0.6667457783798224,-0.1554221301417987,0.13607736563707823,-0.7160844775835764
6389.744033286579,-0.32035942177455423,0.12223139485223641,-0.27411216116882825,2.978767927282022,1.0303898518947285,-0.9095997262886947,0.7734927575471198,-0.2137501733672003,1.4746122653789777,0.6655505355170758,-0.15529411394733172,0.1360188503996124,-0.717234337704362
6402.2240021015905,-0.32026596953827013,0.12410563106550085,-0.27581433512056125,2.9797742383613994,1.030495848511823,-0.9134543389253034,0.774701470047384,-0.21368087538070163,1.474309431931339,0.6643534486826926,-0.1551656674956173,0.13595995830886679,-0.7183822106585765
6414.703970916605,-0.3201725993968479,0.12597901556774865,-0.2775188404121233,2.980780265916192,1.0306019727632114,-0.9173080661535526,0.7759101825476484,-0.21361157739420294,1.4740065984837,0.6631545211933171,-0.15503679114252872,0.13590068952800763,-0.7195280932659283
6427.183939731615,-0.3200793061054888,0.12785155168679582,-0.27922567459512554,2.9817860021261726,1.0307082281202602,-0.921160914857673,0.7771188950479127,-0.21354227940770423,1.4737037650360612,0.6619537563706929,-0.15490748524513023,0.13584104422124477,-0.720671982351639
6439.663908546629,-0.3199860844477522,0.1297232428067926,-0.2809348353037593,2.9827914391543526,1.0308146180184692,-0.925012891871181,0.7783276075481771,-0.21347298142120555,1.4734009315884224,0.6607511575416539,-0.1547777501616763,0.1357810225538312,-0.7218138747464545
6452.143877361643,-0.3198929292353672,0.1315940923682662,-0.2826463202552465,2.9837965691470307,1.0309211458569119,-0.9288640039770562,0.7795363200484415,-0.21340368343470686,1.4730980981407835,0.6595467280381159,-0.15464758625161035,0.13572062469206272,-0.7229537672866522
6464.623846176653,-0.31979983530804684,0.13346410386816981,-0.28436012725030724,2.984801384233843,1.0310278149976575,-0.9327142579079215,0.7807450325487058,-0.21333438544820818,1.4727952646931446,0.6583404711970661,-0.154516993875564,0.13565985080327744,-0.7240916568140503
6477.103814991667,-0.31970679753330405,0.13533328085993787,-0.28607625417362054,2.985805876527815,1.031134628765211,-0.9365636603462255,0.7819537450489702,-0.2132650874617095,1.4724924312455059,0.6571323903605553,-0.15438597339535604,0.13559870105585523,-0.7252275401760169
6489.583783806681,-0.31961381080626955,0.13720162695353533,-0.28779469899428906,2.9868100381254186,1.0312415904459429,-0.9404122179244271,0.7831624575492346,-0.21319578947521078,1.472189597797867,0.6559224888756869,-0.15425452517399116,0.13553717561921733,-0.726361414225478
6502.0637526216915,-0.3195208700495122,0.13906914581552318,-0.2895154597663171,2.987813861106627,1.031348703287519,-0.94425993722518,0.7843711700494989,-0.2131264914887121,1.471886764350228,0.6547107700946097,-0.15412264957565938,0.1354752746638259,-0.7274932758209266
6514.543721436705,-0.3194279702128594,0.14093584116912405,-0.29123853462909255,2.988817337534978,1.031455970498331,-0.9481068247815237,0.7855798825497633,-0.21305719350221342,1.4715839309025893,0.6534972373745062,-0.15399034696573463,0.1354129983611834,-0.7286231218264317
6527.023690251719,-0.31933510627322265,0.14280171679428633,-0.2929639218078614,2.989820459457635,1.0315633952469285,-0.9519528870770732,0.7867885950500277,-0.21298789551571473,1.4712810974549504,0.6522818940775856,-0.15385761771077403,0.13535034688383238,-0.7297509491116465
6539.50365906673,-0.3192422732344211,0.14466677652776264,-0.2946916196142262,2.9908232189054527,1.0316709806614455,-0.9557981305462103,0.787997307550292,-0.21291859752921605,1.4709782640073117,0.6510647435710732,-0.15372446217851674,0.13528732040535474,-0.7308767545518172
6551.983627881744,-0.31914946612701,0.14653102426318665,-0.296421626446638,2.9918256078930443,1.0317787298290289,-0.9596425615742802,0.7892060200505564,-0.21284929954271736,1.4706754305596728,0.6498457892272015,-0.1535908807378829,0.13522391910037143,-0.7320005350277917
6564.463596696755,-0.31905668000810944,0.14839446395115302,-0.29815394079089175,2.992827618418854,1.0318866457952696,-0.9634861864977868,0.7904147325508206,-0.21278000155621868,1.4703725971120338,0.6486250344232,-0.15345687375897268,0.13516014314454175,-0.7331222874260285
6576.943565511769,-0.31896390996123497,0.15025709959930816,-0.2998885612206417,2.993829242465226,1.0319947315636218,-0.9673290116045932,0.7916234450510851,-0.21271070356971997,1.470069763664395,0.6474024825412874,-0.15332244161306538,0.13509599271456324,-0.7342420086386049
6589.423534326782,-0.3188711510961308,0.15211893527243933,-0.30162548639790226,2.994830471998483,1.032102990094837,-0.9711710431341205,0.7928321575513495,-0.21264140558322128,1.4697669302167562,0.6461781369686609,-0.1531875846726181,0.13503146798817073,-0.7353596955632256
6601.903503141793,-0.31877839854860374,0.1539799750925709,-0.3033647150735721,2.995831298969001,1.0322114243063831,-0.975012287277553,0.7940408700516137,-0.2125721075967226,1.4694640967691173,0.6449520010974875,-0.15305230331126493,0.13496656914413618,-0.7364753451032318
6614.383471956806,-0.3186856474803591,0.15584022323906604,-0.30510624608795167,2.996831715311292,1.0323200370718724,-0.9788527501780423,0.7952495825518782,-0.21250280961022391,1.4691612633214786,0.6437240783248941,-0.15291659790381587,0.1349012963622681,-0.7375889541676095
6626.86344077182,-0.3185928930788396,0.15769968394873152,-0.30685007837127654,2.9978317129440843,1.0324288312204803,-0.9826924379309153,0.7964582950521426,-0.21243351162372523,1.4688584298738396,0.6424943720529589,-0.15278046882625582,0.13483564982341098,-0.7387005196709978
6639.3434095868315,-0.3185001305570637,0.15955836151592764,-0.30859621094424844,2.998831283770408,1.0325378095363709,-0.9865313565838817,0.7976670075524068,-0.21236421363722652,1.4685555964262007,0.6412628856887008,-0.15264391645574335,0.1347696297094448,-0.7398100385336978
6651.823378401844,-0.31840735515346763,0.16141626029268513,-0.31034464291857927,2.999830419677682,1.0326469747581148,-0.990369512137248,0.7988757200526713,-0.21229491565072783,1.468252762978562,0.6400296226440713,-0.15250694117061,0.1347032362032847,-0.7409175076816811
6664.303347216858,-0.3183145621317479,0.16327338468881977,-0.312095373497531,3.0008291125378044,1.0327563295781121,-0.9942069105441291,0.8000844325529357,-0.21222561766422915,1.467949929530923,0.638794586335944,-0.15236954335035893,0.13463646948888025,-0.742022924046598
6676.78331603187,-0.31822174678070614,0.16512973917206342,-0.3138484019764775,3.0018273542072436,1.0328658766420082,-0.9980435577106648,0.8012931450531999,-0.21215631967773046,1.4676470960832841,0.6375577801861053,-0.152231723375664,0.13456932975121502,-0.7431262845657863
6689.263284846883,-0.318128904414095,0.16698532826818988,-0.3156037277434597,3.0028251365271332,1.0329756185481112,-1.0018794594962388,0.8025018575534644,-0.21208702169123178,1.4673442626356454,0.6363192076212454,-0.1520934816283686,0.13450181717630608,-0.74422758618228
6701.7432536618935,-0.3180360303704664,0.16884015656114854,-0.3173613502797496,3.0038224513233684,1.033085557846809,-1.0057146217136954,0.8037105700537286,-0.2120177237047331,1.4670414291880065,0.6350788720729487,-0.1519548184914849,0.13443393195120357,-0.7453268258448172
6714.223222476908,-0.31794312001302033,0.17069422869320527,-0.31912126916042466,3.004819290406705,1.0331956970399854,-1.0095490501295639,0.804919282553993,-0.2119484257182344,1.4667385957403676,0.6338367769776837,-0.15181573434919227,0.13436567426398993,-0.7464240005078489
6726.703191291921,-0.3178501687294567,0.17254754936508807,-0.3208834840549502,3.00581564557286,1.0333060385804285,-1.0133827504642836,0.8061279950542575,-0.2118791277317357,1.4664357622927289,0.6325929257767939,-0.15167622958683677,0.13429704430377967,-0.7475191071315472
6739.183160106932,-0.3177571719318269,0.17440012333613267,-0.32264799472775774,3.006811508602619,1.0334165848712478,-1.0172157283924255,0.8073367075545217,-0.21180982974523702,1.46613292884509,0.6313473219164888,-0.15153630459092973,0.13422804226071874,-0.7486121426818144
6751.663128921946,-0.3176641250563889,0.1762519554244416,-0.3244148010388461,3.0078068712619372,1.0335273382652823,-1.0210479895429263,0.8085454200547861,-0.21174053175873833,1.465830095397451,0.6300999688478331,-0.15139595974914674,0.13415866832598383,-0.7497031041302905
6764.143097736959,-0.3175710235634621,0.17810305050703973,-0.3261839029443734,3.008801725302051,1.0336383010645098,-1.0248795394993142,0.8097541325550506,-0.21167123377223965,1.4655272619498123,0.6288508700267386,-0.15125519545032667,0.13408892269178213,-0.750791988454362
6776.62306655197,-0.3174778629372852,0.17995341352004396,-0.32795530049727245,3.009796062459588,1.0337494755194536,-1.0287103837999436,0.8109628450553148,-0.21160193578574096,1.4652244285021734,0.6276000289139531,-0.15111401208447053,0.13401880555135062,-0.7518787926371705
6789.103035366984,-0.3173846386858743,0.18180304945882964,-0.3297289938478572,3.0107898744566794,1.0338608638285893,-1.0325405279382294,0.8121715575555792,-0.21153263779924225,1.4649215950545345,0.626347448975052,-0.15097241004274042,0.13394831709895552,-0.7529635136676205
6801.583004181997,-0.317291346340884,0.183651963378209,-0.33150498324445,3.0117831530010766,1.033972468137748,-1.036369977362883,0.8133802700558437,-0.21146333981274357,1.4646187616068957,0.6250931336804286,-0.15083038971745832,0.13387745752989194,-0.7540461485403884
6814.062972997008,-0.3171979814574679,0.18550016039260925,-0.3332832690340056,3.0127758897862673,1.0340842905395207,-1.0401987374781525,0.8145889825561079,-0.21139404182624488,1.4643159281592568,0.6238370865052834,-0.15068795150210523,0.13380622704048303,-0.7551266942559306
6826.542941812022,-0.31710453961414253,0.18734764567626275,-0.3350638516627524,3.0137680764915964,1.0341963330726553,-1.0440268136440607,0.8157976950563723,-0.2113247438397462,1.464013094711618,0.6225793109296156,-0.1505450957913198,0.1337346258280797,-0.7562051478204911
6839.022910627035,-0.317011016412652,0.18919442446339738,-0.33684673167683593,3.014759704782387,1.034308597721458,-1.0478542111766511,0.8170064075566368,-0.21125544585324751,1.4637102612639792,0.6213198104382136,-0.15040182298089763,0.13366265409106012,-0.7572815062461111
6851.502879442046,-0.3169174074778337,0.1910405020484326,-0.33863190972296625,3.015750766310066,1.0344210864151906,-1.0516809353482315,0.818215120056901,-0.21118614786674883,1.4634074278163403,0.620058588520644,-0.15025813346778968,0.13359031202882873,-0.7583557665506362
6863.98284825706,-0.31682370845748536,0.19288588378618662,-0.34041938654908593,3.0167412527122894,1.0345338010274634,-1.0555069913876207,0.8194238325571654,-0.21111684988025015,1.4631045943687013,0.6187956486712433,-0.1501140276501016,0.13351759984181621,-0.7594279257577249
6876.462817072072,-0.31672991502223524,0.19473057509208241,-0.3422091630050332,3.0177311556130735,1.0346467433756288,-1.0593323844803988,0.8206325450574297,-0.21104755189375146,1.4628017609210626,0.6175309943891076,-0.14996950592709235,0.13344451773147864,-0.7604979808968575
6888.942785887085,-0.3166360228654111,0.19657458144236303,-0.3440012400432185,3.018720466622923,1.0347599152201734,-1.0631571197691578,0.8218412575576941,-0.21097825390725275,1.4624989274734237,0.6162646291780829,-0.14982456869917324,0.13337106590029707,-0.7615659290033434
6901.422754702098,-0.3165420277029123,0.19841790837431303,-0.34579561871931114,3.0197091773389655,1.0348733182641054,-1.066981202353756,0.8230499700579585,-0.21090895592075407,1.462196094025785,0.6149965565467556,-0.1496792163679068,0.13329724455177683,-0.7626317671183299
6913.90272351711,-0.316447925273083,0.2002605614864842,-0.34759230019293225,3.0206972793450877,1.0349869541523418,-1.0708046372915698,0.8242586825582228,-0.21083965793425538,1.461893260578146,0.6137267800084427,-0.14953344933600557,0.133223053890447,-0.7636954922888101
6926.382692332123,-0.3163537113365863,0.2021025464389304,-0.3493912857283589,3.0216847642120728,1.0351008244710906,-1.0746274295977571,0.8254673950584872,-0.2107703599477567,1.4615904271305071,0.6124553030811818,-0.14938726800733113,0.13314849412185997,-0.7647571015676314
6938.862661147137,-0.3162593816762801,0.20394386895344072,-0.35119257669522813,3.0226716234977387,1.0352149307472371,-1.078449584245513,0.8266761075587516,-0.21070106196125798,1.4612875936828682,0.611182129287722,-0.14924067278689288,0.13307356545259075,-0.7658165920135035
6951.342629962149,-0.3161649320970939,0.20578453481379033,-0.3529961745692648,3.0236578487470824,1.0353292744477196,-1.0822711061663317,0.8278848200590159,-0.2106317639747593,1.4609847602352295,0.6099072621555133,-0.14909366408084698,0.1329982680902364,-0.7668739606910066
6963.822598777162,-0.3160703584259076,0.20762454986598727,-0.35480208093300586,3.0246434314924233,1.0354438569789077,-1.0860920002502725,0.8290935325592803,-0.21056246598826062,1.4606819267875906,0.6086307052166974,-0.14894624229649508,0.13292260224341548,-0.7679292046705988
6976.302567592175,-0.3159756565114301,0.20946392001853106,-0.35661029747653933,3.0256283632535497,1.0355586796859781,-1.0899122713462215,0.8303022450595448,-0.21049316800176193,1.4603790933399519,0.6073524620080979,-0.14879840784228343,0.13284656812176746,-0.7689823210286255
6988.782536407187,-0.31588082222408215,0.2113026512426741,-0.35842082599825026,3.0266126355378664,1.0356737438522858,-1.0937319242621653,0.831510957559809,-0.21042387001526325,1.460076259892313,0.6060725360712105,-0.1486501611278016,0.1327701659359522,-0.7700333068473271
7001.262505222201,-0.3157858514558765,0.21314074957269613,-0.3602336684055838,3.027596239840547,1.0357890506987315,-1.0975509637654564,0.8327196700600734,-0.21035457202876456,1.459773426444674,0.6047909309521925,-0.14850150256378128,0.13269339589764928,-0.7710821592148462
7013.742474037212,-0.31569074012030296,0.21497822110617348,-0.36204882671580213,3.0285791676446854,1.035904601383132,-1.1013693945830858,0.8339283825603376,-0.21028527404226588,1.4594705929970353,0.603507650201854,-0.14835243256209535,0.13261625821955747,-0.7721288752252368
7026.222442852226,-0.315595484152212,0.21681507200426767,-0.36386630305676915,3.029561410421452,1.036020396999581,-1.1051872214019616,0.8351370950606021,-0.2102159760557672,1.4591677595493964,0.6022226973756477,-0.14820295153575652,0.13253875311539412,-0.7731734519784716
7038.70241166724,-0.3155000795077017,0.21865130849201142,-0.3656860996677311,3.0305429596302496,1.0361364385778138,-1.109004448869178,0.8363458075608665,-0.21014667806926848,1.4588649261017574,0.6009360760336584,-0.1480530598989163,0.1324608807998945,-0.7742158865804507
7051.1823804822525,-0.3154045221640043,0.22048693685860674,-0.3675082189001203,3.0315238067188734,1.0362527270825588,-1.1128210815923,0.837554520061131,-0.2100773800827698,1.4585620926541187,0.5996477897405943,-0.1479027580668639,0.1323826414888114,-0.7752561761430087
7063.662349297264,-0.3153088081193752,0.22232196345772443,-0.36933266321835073,3.0325039431236718,1.0363692634129018,-1.116637124139641,0.8387632325613952,-0.21000808209627111,1.4582592592064798,0.598357842065776,-0.14775204645602497,0.1323040353989143,-0.7762943177839237
7076.142318112278,-0.3152129333929816,0.22415639470781912,-0.3711594352006503,3.0334833602697104,1.0364860484016278,-1.1204525810405437,0.8399719450616596,-0.2099387841097724,1.4579564257588409,0.5970662365831276,-0.1476009254839605,0.13222506274798895,-0.7773303086269244
7088.622286927291,-0.31511689402479487,0.2259902370924398,-0.3729885375398743,3.034462049570937,1.0366030828145787,-1.1242674567856694,0.8411806575619241,-0.20986948612327372,1.4576535923112022,0.5957729768711657,-0.14744939556936557,0.1321457237548366,-0.7783641458016991
7101.102255742302,-0.31502068607548117,0.2278234971605579,-0.37481997304435516,3.03544000243035,1.0367203673499927,-1.1280817558272787,0.8423893700621883,-0.20980018813677503,1.4573507588635632,0.5944780665129907,-0.14729745713206843,0.13206601863927364,-0.7793958264439024
7113.582224557316,-0.3149243056262955,0.2296561815268964,-0.3766537446387467,3.0364172102401668,1.0368379026378505,-1.1318954825795255,0.8435980825624527,-0.20973089015027635,1.4570479254159243,0.593181509096276,-0.1471451105930291,0.13198594762213064,-0.7804253476951643
7126.062193372329,-0.31482774877897546,0.23148829687226738,-0.37848985536488866,3.0373936643819963,1.0369556892392096,-1.135708641418743,0.8448067950627172,-0.20966159216377767,1.4567450919682856,0.5918833082132584,-0.14699235637433825,0.13190551092525216,-0.7814527067030972
7138.54216218734,-0.3147310116556372,0.23331984994391708,-0.38032830838267373,3.038369356227012,1.0370737276455464,-1.1395212366837397,0.8460155075629814,-0.20959229417727898,1.4564422585206467,0.5905834674607279,-0.14683919489921615,0.13182470877149566,-0.7824779006213043
7151.022131002354,-0.31463409039867224,0.23515084755588136,-0.38216910697094153,3.0393442771361303,1.0371920182780794,-1.1433332726760934,0.8472242200632458,-0.2095229961907803,1.4561394250730078,0.5892819904400183,-0.14668562659201131,0.13174354138473135,-0.7835009266093876
7163.502099817365,-0.3145369811706443,0.2369812965893401,-0.3840122545283622,3.040318418460185,1.0373105614871052,-1.147144753660447,0.84843293256351,-0.2094536982042816,1.455836591625369,0.5879788807569963,-0.14653165187819953,0.1316620089898412,-0.7845217818329554
7175.982068632379,-0.3144396801541895,0.23881120399299288,-0.38585775457435784,3.0412917715401075,1.0374293575513152,-1.15095568386481,0.8496416450637745,-0.2093844002177829,1.4555337581777301,0.5866741420220525,-0.14637727118438246,0.1315801118127186,-0.7855404634636302
7188.462037447393,-0.3143421835519153,0.24064057678342615,-0.3877056107500095,3.042264327707113,1.0375484066771246,-1.1547660674808553,0.8508503575640389,-0.20931510223128422,1.4552309247300912,0.5853677778500908,-0.14622248493828668,0.1314978500802675,-0.7865569686790569
7200.942006262404,-0.3142444875863021,0.2424694220455025,-0.3895558268189999,3.0432360782828787,1.0376677089979798,-1.1585759086642258,0.8520590700643031,-0.20924580424478553,1.4549280912824525,0.5840597918605185,-0.14606729356876236,0.1314152240204019,-0.7875712946629102
7213.421975077418,-0.31414658849960525,0.24429774693274894,-0.3914084066685532,3.044207014579734,1.0377872645736765,-1.1623852115348379,0.8532677825645676,-0.20917650625828685,1.4546252578348136,0.5827501876772364,-0.145911697505782,0.1313322338620453,-0.7885834386049025
7225.901943892432,-0.3140484825537586,0.24612555866775718,-0.39326335431039544,3.0451771279008457,1.0379070733896663,-1.1661939801771894,0.854476495064832,-0.20910720827178814,1.4543224243871746,0.5814389689286283,-0.14575569718043951,0.13124887983512984,-0.7895933977007922
7238.381912707443,-0.3139501660302785,0.2479528645425895,-0.3951206738817232,3.0461464095404103,1.0380271353563606,-1.1700022186406682,0.8556852075650963,-0.20903791028528945,1.454019590939536,0.580126139247552,-0.1455992930249487,0.13116516217059587,-0.7906011691523903
7250.861881522457,-0.31385163523016907,0.24977967191919617,-0.39698036964619055,3.047114850783844,1.0381474503084294,-1.1738099309398624,0.8568939200653607,-0.20896861229879077,1.453716757491897,0.5788117022713278,-0.14544248547264235,0.13108108110039124,-0.7916067501675694
7263.341850337471,-0.3137528864738293,0.251605988229837,-0.39884244599490276,3.048082442907978,1.0382680180040995,-1.1776171210548767,0.8581026325656251,-0.20889931431229208,1.453413924044258,0.5774956616417297,-0.1452852749579708,0.1309966368574706,-0.7926101379602709
7275.821819152482,-0.31365391610095994,0.25343182097751527,-0.4007069074474333,3.049049177181253,1.0383888381244397,-1.1814237929316433,0.8593113450658894,-0.2088300163257934,1.4531110905966194,0.5761780210049745,-0.14512766191650087,0.13091182967579482,-0.7936113297505125
7288.301787967496,-0.31355472047047206,0.25525717773641904,-0.40257375865284556,3.050015044863918,1.0385099102726516,-1.1852299504822439,0.8605200575661538,-0.20876071833929472,1.4528082571489804,0.574858784011712,-0.14496964678491464,0.13082665979033034,-0.7946103227643964
7300.7817567825105,-0.3134552959603964,0.2570820661523682,-0.40444300439073105,3.0509800372082316,1.0386312339733488,-1.1890355975852254,0.8617287700664182,-0.20869142035279603,1.4525054237013415,0.5735379543170149,-0.14481123000100818,0.13074112743704855,-0.7956071142341163
7313.261725597521,-0.31335563896779495,0.2589064939432749,-0.4063146495722676,3.05194414545866,1.0387528086718323,-1.1928407380859225,0.8629374825666825,-0.20862212236629735,1.4522025902537028,0.5722155355803689,-0.14465241200369044,0.130655232852925,-0.796601701397966
7325.741694412535,-0.3132557459086707,0.2607304688996107,-0.40818869924128426,3.0529073608520845,1.0388746337333643,-1.1966453757967823,0.8641461950669469,-0.20855282437979863,1.4518997568060639,0.5708915314656616,-0.14449319323298185,0.13056897627593886,-0.7975940815003463
7338.221663227547,-0.31315561321788177,0.2625539988848818,-0.4100651585753471,3.0538696746180043,1.0389967084424307,-1.2004495144976886,0.8653549075672111,-0.20848352639329995,1.4515969233584252,0.5695659456411739,-0.14433357413001333,0.13048235794507226,-0.7985842517917727
7350.70163204256,-0.31305523734905405,0.26437709183611624,-0.41194403288685805,3.0548310779787458,1.0391190320020047,-1.20425315793629,0.8665636200674756,-0.20841422840680127,1.4512940899107862,0.5682387817795683,-0.14417355513702493,0.13039537810030963,-0.7995722095288835
7363.181600857574,-0.3129546147744957,0.26619975576435606,-0.4138253276241641,3.055791562149673,1.0392416035328034,-1.2080563098283297,0.86777233256774,-0.20834493042030258,1.4509912564631473,0.5669100435578796,-0.1440131366973646,0.13030803698263696,-0.800557951974447
7375.661569672586,-0.31285374198511334,0.2680219987551645,-0.41570904837269523,3.056751118339396,1.039364422072533,-1.2118589738579757,0.8689810450680042,-0.2082756324338039,1.4506884230155084,0.5655797346575047,-0.14385231925548705,0.13022033483404125,-0.8015414763973692
7388.141538487598,-0.31275261549032685,0.26984382896914066,-0.4175952008561076,3.0577097377499856,1.0394874865751373,-1.2156611536781567,0.8701897575682687,-0.20820633444730519,1.4503855895678697,0.5642478587641921,-0.14369110325695245,0.13013227189750962,-0.8025227800727011
7400.621507302612,-0.3126512318179884,0.2716652546424374,-0.41948379093743776,3.058667411577191,1.039610795910037,-1.2194628529108966,0.8713984700685331,-0.2081370364608065,1.4500827561202307,0.5629144195680318,-0.14352948914842517,0.13004384841702898,-0.8035018602816466
7413.101476117624,-0.3125495875143,0.2734862840873032,-0.4213748246202958,3.059624131010653,1.0397343488613573,-1.2232640751476522,0.8726071825687973,-0.20806773847430782,1.449779922672592,0.561579420763445,-0.14336747737767264,0.12995506463758502,-0.8044787143115704
7425.581444932637,-0.31244767914373217,0.2753069256926184,-0.42326830805004595,3.060579887234126,1.0398581441271635,-1.2270648239496547,0.8738158950690618,-0.20799844048780913,1.449477089224953,0.5602428660491742,-0.143205068393564,0.12986592080516174,-0.8054533394560043
7438.061413747651,-0.31234550328894506,0.2771271879244553,-0.4251642475150325,3.0615346714256977,1.0399821803186717,-1.2308651028482498,0.8750246075693262,-0.20792914250131045,1.4491742557773142,0.5589047591282721,-0.1430422626460689,0.12977641716674068,-0.8064257330146561
7450.541382562663,-0.3122430565507085,0.2789470793266368,-0.4270626494477996,3.0624884747580112,1.0401064559594697,-1.2346649153452411,0.8762333200695904,-0.20785984451481176,1.4488714223296755,0.5575651037080926,-0.14287906058625635,0.12968655397030024,-0.8073958922934159
7463.021351377676,-0.3121403355478244,0.2807666085213166,-0.4289635204263453,3.0634412883984927,1.0402309694847252,-1.2384642649132394,0.8774420325698549,-0.20779054652831308,1.4485685888820365,0.55622390350028,-0.14271546266629329,0.12959633146481508,-0.8083638146043644
7475.501320192688,-0.3120373369170499,0.2825857842095585,-0.43086686717538336,3.064393103509574,1.0403557192403832,-1.2422631549960073,0.8786507450701191,-0.20772124854181437,1.4482657554343976,0.5548811622207576,-0.1425514693394434,0.12950574990025523,-0.8093294972657796
7487.981289007701,-0.3119340573130203,0.28440461517194054,-0.43277269656763456,3.065343911248924,1.0404807034823629,-1.2460615890088127,0.8798594575703835,-0.20765195055531568,1.447962921986759,0.5535368835897192,-0.14238708106006603,0.12941480952758572,-0.8102929376021456
7500.461257822715,-0.31183049340817426,0.28622311026915426,-0.4346810156251199,3.066293702769678,1.0406059203757472,-1.249859570338778,0.881068170070648,-0.207582652568817,1.44766008853912,0.5521910713316178,-0.14222229828361463,0.12932351059876548,-0.811254132944158
7500.461257822715,-0.31183049340817426,0.28622311026915426,-0.4346810156251199,3.066293702769678,1.0406059203757472,-1.249859570338778,0.881068170070648,-0.207582652568817,1.44766008853912,0.5521910713316178,-0.14222229828361463,0.12932351059876548,-0.811254132944158
7500.461257822715,-0.31183049340817426,0.28622311026915426,-0.4346810156251199,3.066293702769678,1.0406059203757472,-1.249859570338778,0.881068170070648,-0.207582652568817,1.44766008853912,0.5521910713316178,-0.14222229828361463,0.12932351059876548,-0.811254132944158
7500.461257822715,-0.31183049340817426,0.28622311026915426,-0.4346810156251199,3.066293702769678,1.0406059203757472,-1.249859570338778,0.881068170070648,-0.207582652568817,1.44766008853912,0.5521910713316178,-0.14222229828361463,0.12932351059876548,-0.811254132944158
7500.461257822715,-0.31183049340817426,0.28622311026915426,-0.4346810156251199,3.066293702769678,1.0406059203757472,-1.249859570338778,0.881068170070648,-0.207582652568817,1.44766008853912,0.5521910713316178,-0.14222229828361463,0.12932351059876548,-0.811254132944158
7500.461257822715,-0.31183049340817426,0.28622311026915426,-0.4346810156251199,3.066293702769678,1.0406059203757472,-1.249859570338778,0.881068170070648,-0.207582652568817,1.44766008853912,0.5521910713316178,-0.14222229828361463,0.12932351059876548,-0.811254132944158
7500.461257822715,-0.31183049340817426,0.28622311026915426,-0.4346810156251199,3.066293702769678,1.0406059203757472,-1.249859570338778,0.881068170070648,-0.207582652568817,1.44766008853912,0.5521910713316178,-0.14222229828361463,0.12932351059876548,-0.811254132944158
7500.461257822715,-0.31183049340817426,0.28622311026915426,-0.4346810156251199,3.066293702769678,1.0406059203757472,-1.249859570338778,0.881068170070648,-0.207582652568817,1.44766008853912,0.5521910713316178,-0.14222229828361463,0.12932351059876548,-0.811254132944158
7500.461257822715,-0.31183049340817426,0.28622311026915426,-0.4346810156251199,3.066293702769678,1.0406059203757472,-1.249859570338778,0.881068170070648,-0.207582652568817,1.44766008853912,0.5521910713316178,-0.14222229828361463,0.12932351059876548,-0.811254132944158
