waypoint_index,solution_index,j1_deg,j2_deg,j3_deg,j4_deg,j5_deg,j6_deg,cf1,cf4,cf6,cfx,is_selected
0,0,132.24935677129255,-68.42911049034784,-3.928590131569534,-116.20878279679873,24.746697070989185,-166.464384242268,1,-2,-2,2,0
0,1,132.24935677129255,-68.42911049034784,-3.928590131569534,63.79121720320128,-24.746697070989185,13.535615757732005,1,0,0,3,0
0,2,-47.75064322870746,-46.487684501387,5.741605207771259,153.78581865319083,58.23677187666937,89.6073355345876,-1,1,0,6,1
0,3,-47.75064322870746,-46.487684501387,5.741605207771259,-26.21418134680918,-58.23677187666937,-90.39266446541241,-1,-1,-2,7,0
1,0,132.544344784145,-68.49051097425695,-3.941631034896721,-116.29989750614128,24.837395026463195,-166.86639957817238,1,-2,-2,2,0
1,1,132.544344784145,-68.49051097425695,-3.941631034896721,63.70010249385872,-24.837395026463195,13.13360042182761,1,0,0,3,0
1,2,-47.45565521585498,-46.435285661650624,5.776352173294072,153.69658119405685,58.18922235117815,89.16483226271362,-1,1,0,6,1
1,3,-47.45565521585498,-46.435285661650624,5.776352173294072,-26.303418805943153,-58.18922235117815,-90.83516773728638,-1,-1,-2,7,0
2,0,132.83616977644544,-68.55192853111487,-3.9552371998832694,-116.38962376752372,24.926366002130674,-167.26707406109875,1,-2,-2,2,0
2,1,132.83616977644544,-68.55192853111487,-3.9552371998832694,63.61037623247629,-24.926366002130674,12.732925938901253,1,0,0,3,0
2,2,-47.16383022355455,-46.38226242028708,5.810822165152823,153.60914075530013,58.14225684060241,88.72418020020052,-1,1,0,6,1
2,3,-47.16383022355455,-46.38226242028708,5.810822165152823,-26.39085924469988,-58.14225684060241,-91.27581979979948,-1,-1,-2,7,0
3,0,133.12486011676097,-68.61335792584977,-3.9694060917305123,-116.47797158803425,25.013626422123227,-167.6664193465093,1,-2,-2,2,0
3,1,133.12486011676097,-68.61335792584977,-3.9694060917305123,63.522028411965756,-25.013626422123227,12.333580653490724,1,0,0,3,0
3,2,-46.87513988323904,-46.32862035358832,5.845013151490415,153.52347750882646,58.09587702602488,88.28536373927089,-1,1,0,6,1
3,3,-46.87513988323904,-46.32862035358832,5.845013151490415,-26.476522491173544,-58.09587702602488,-91.71463626072911,-1,-1,-2,7,0
4,0,133.41044435890777,-68.67479398860954,-3.9841352052894807,-116.56495103387152,25.099192758365774,-168.0644472574972,1,-2,-2,2,0
4,1,133.41044435890777,-68.67479398860954,-3.9841352052894807,63.43504896612849,-25.099192758365774,11.935552742502809,1,0,0,3,0
4,2,-46.58955564109222,-46.274364982087576,5.878923134259804,153.4395716219522,58.050084275703114,87.84836718421758,-1,1,0,6,1
4,3,-46.58955564109222,-46.274364982087576,5.878923134259804,-26.560428378047803,-58.050084275703114,-92.1516328157824,-1,-1,-2,7,0
5,0,133.6929512163187,-68.73623161470826,-3.999422064937929,-116.65057222209859,25.183081517493388,-168.46116977044167,1,-2,-2,2,0
5,1,133.6929512163187,-68.73623161470826,-3.999422064937929,63.34942777790142,-25.183081517493388,11.538830229558352,1,0,0,3,0
5,2,-46.30704878368132,-46.21950177061305,5.912550149113652,153.3574032708656,58.004879656221874,87.41317476584281,-1,1,0,6,1
5,3,-46.30704878368132,-46.21950177061305,5.912550149113652,-26.64259672913442,-58.004879656221874,-92.5868252341572,-1,-1,-2,7,0
6,0,133.97240953749366,-68.79766576452549,-4.015264224438724,-116.73484531264681,25.26530922839295,-168.8565990012753,1,-2,-2,2,0
6,1,133.97240953749366,-68.79766576452549,-4.015264224438724,63.26515468735319,-25.26530922839295,11.1434009987247,1,0,0,3,0
6,2,-46.02759046250635,-46.16403612838819,5.945892265275235,153.2769526534054,57.960263943458806,86.97977065523736,-1,1,0,6,1
6,3,-46.02759046250635,-46.16403612838819,5.945892265275235,-26.72304734659461,-57.960263943458806,-93.02022934476264,-1,-1,-2,7,0
7,0,134.24884828250947,-68.85909146336053,-4.031659266781478,-116.81778050057233,25.345892430351373,-169.25074719234783,1,-2,-2,2,0
7,1,134.24884828250947,-68.85909146336053,-4.031659266781478,63.18221949942769,-25.345892430351373,10.749252807652162,1,0,0,3,0
7,2,-45.751151717490536,-46.10797340917515,5.978947585391052,153.19820000117633,57.91623763335423,86.54813897691754,-1,1,0,6,1
7,3,-45.751151717490536,-46.10797340917515,5.978947585391052,-26.801799998823657,-57.91623763335423,-93.45186102308247,-1,-1,-2,7,0
8,0,134.52229650056262,-68.92050380124479,-4.048604804007812,-116.89938800856544,25.424847661794193,-169.64362669986687,1,-2,-2,2,0
8,1,134.52229650056262,-68.92050380124479,-4.048604804007812,63.10061199143456,-25.424847661794193,10.356373300133134,1,0,0,3,0
8,2,-45.47770349943738,-46.05131891145932,6.011714245366867,153.12112559102195,57.87280095247827,86.11826382133766,-1,1,0,6,1
8,3,-45.47770349943738,-46.05131891145932,6.011714245366867,-26.878874408978046,-57.87280095247827,-93.88173617866235,-1,-1,-2,7,0
9,0,134.79278330852054,-68.98189793271443,-4.066098477022019,-116.97967807971465,25.502191449596612,-170.03524998189928,1,-2,-2,2,0
9,1,134.79278330852054,-68.98189793271443,-4.066098477022019,63.02032192028535,-25.502191449596612,9.96475001810072,1,0,0,3,0
9,2,-45.207216691479466,-45.99407787867224,6.044190414188096,153.0457097558746,57.82995386838865,85.69012925679581,-1,1,0,6,1
9,3,-45.207216691479466,-45.99407787867224,6.044190414188096,-26.954290244125385,-57.82995386838865,-94.3098707432042,-1,-1,-2,7,0
10,0,135.06033787045448,-69.04326907654608,-4.084137955387543,-117.05866097052319,25.577940298950043,-170.42562958691533,1,-2,-2,2,0
10,1,135.06033787045448,-69.04326907654608,-4.084137955387543,62.941339029476815,-25.577940298950043,9.574370413084667,1,0,0,3,0
10,2,-44.93966212954553,-45.93625549945054,6.076374293725714,152.9719328950034,57.78769609977384,85.26371934075101,-1,1,0,6,1
10,3,-44.93966212954553,-45.93625549945054,6.076374293725714,-27.028067104996612,-57.78769609977384,-94.73628065924899,-1,-1,-2,7,0
11,0,135.32498937812787,-69.10461251545712,-4.102720937111574,-117.13634694417786,25.652110683766523,-170.81477814285947,1,-2,-2,2,0
11,1,135.32498937812787,-69.10461251545712,-4.102720937111574,62.86365305582214,-25.652110683766523,9.185221857140542,1,0,0,3,0
11,2,-44.67501062187215,-45.87785690792809,6.108264118528141,152.8997754836792,57.74602712637733,84.83901813057001,-1,1,0,6,1
11,3,-44.67501062187215,-45.87785690792809,6.108264118528141,-27.100224516320814,-57.74602712637733,-95.16098186942999,-1,-1,-2,7,0
12,0,135.58676703241363,-69.16592359577449,-4.121845148416286,-117.21274626406856,25.724719037603784,-171.2027083467293,1,-2,-2,2,0
12,1,135.58676703241363,-69.16592359577449,-4.121845148416286,62.78725373593145,-25.724719037603784,8.797291653270694,1,0,0,3,0
12,2,-44.41323296758636,-45.818887184060195,6.139858155601505,152.8292180822778,57.70494619869906,84.41600969372107,-1,1,0,6,1
12,3,-44.41323296758636,-45.818887184060195,6.139858155601505,-27.17078191772221,-57.70494619869906,-95.58399030627892,-1,-1,-2,7,0
13,0,135.84570002561364,-69.22719772707191,-4.141508343500978,-117.28786918755492,25.7957817450937,-171.58943295464883,1,-2,-2,2,0
13,1,135.84570002561364,-69.22719772707191,-4.141508343500978,62.71213081244509,-25.7957817450937,8.410567045351169,1,0,0,3,0
13,2,-44.154299974386355,-45.7593513539763,6.1711547041771855,152.76024134483978,57.66445234747125,83.99467811743338,-1,1,0,6,1
13,3,-44.154299974386355,-45.7593513539763,6.1711547041771855,-27.23975865516022,-57.66445234747125,-96.00532188256663,-1,-1,-2,7,0
14,0,136.1018175246531,-69.28843038177975,-4.161708304292967,-117.36172595997846,25.865315133856864,-171.97496477241705,1,-2,-2,2,0
14,1,136.1018175246531,-69.28843038177975,-4.161708304292967,62.63827404002156,-25.865315133856864,8.025035227582954,1,0,0,3,0
14,2,-43.89818247534691,-45.69925439036017,6.20215209546943,152.69282602710769,57.624544392906394,83.5750075178395,-1,1,0,6,1
14,3,-43.89818247534691,-45.69925439036017,6.20215209546943,-27.307173972892333,-57.624544392906394,-96.42499248216052,-1,-1,-2,7,0
15,0,136.35514865512394,-69.34961709476804,-4.182442840189852,-117.43432680891607,25.933335466886685,-172.3593166465177,1,-2,-2,2,0
15,1,136.35514865512394,-69.34961709476804,-4.182442840189852,62.56567319108394,-25.933335466886685,7.640683353482305,1,0,0,3,0
15,2,-43.64485134487605,-45.638601212855185,6.232848692422992,152.6269529940588,57.58522095371622,83.15698204861835,-1,1,0,6,1
15,3,-43.64485134487605,-45.638601212855185,6.232848692422992,-27.373047005941224,-57.58522095371622,-96.84301795138167,-1,-1,-2,7,0
16,0,136.60572248614994,-69.41075346290525,-4.203709787793799,-117.50568193867119,25.999858935385642,-172.74250145557434,1,-2,-2,2,0
16,1,136.60572248614994,-69.41075346290525,-4.203709787793799,62.494318061328826,-25.999858935385642,7.257498544425664,1,0,0,3,0
16,2,-43.39427751385006,-45.57739668849264,6.263242889451312,152.56260322695334,57.546480455900166,82.74058590915647,-1,1,0,6,1
16,3,-43.39427751385006,-45.57739668849264,6.263242889451312,-27.43739677304666,-57.546480455900166,-97.25941409084353,-1,-1,-2,7,0
17,0,136.85356801604712,-69.47183514459462,-4.225507010637821,-117.57580152499874,26.06490165203795,-173.12453210223478,1,-2,-2,2,0
17,1,136.85356801604712,-69.47183514459462,-4.225507010637821,62.42419847500128,-26.06490165203795,6.87546789776522,1,0,0,3,0
17,2,-43.14643198395288,-45.51564563214161,6.2933331121671205,152.49975782991618,57.50832114130393,82.3258033522445,-1,1,0,6,1
17,3,-43.14643198395288,-45.51564563214161,6.2933331121671205,-27.500242170083837,-57.50832114130393,-97.67419664775551,-1,-1,-2,7,0
18,0,137.09871415875358,-69.53285785928962,-4.247832398905404,-117.6446957100596,26.128479644701574,-173.50542150547017,1,-2,-2,2,0
18,1,137.09871415875358,-69.53285785928962,-4.247832398905404,62.355304289940406,-26.128479644701574,6.4945784945298435,1,0,0,3,0
18,2,-42.90128584124645,-45.45335280697846,6.32311781710517,152.43839803607045,57.470741075947274,81.91261869132583,-1,1,0,6,1
18,3,-42.90128584124645,-45.45335280697846,6.32311781710517,-27.561601963929565,-57.470741075947274,-98.08738130867415,-1,-1,-2,7,0
19,0,137.34118973100223,-69.59381738699,-4.270683869144835,-117.71237459759882,26.190608850504017,-173.88518259327478,1,-2,-2,2,0
19,1,137.34118973100223,-69.59381738699,-4.270683869144835,62.28762540240119,-26.190608850504017,6.11481740672523,1,0,0,3,0
19,2,-42.65881026899778,-45.39052292497403,6.352595491438116,152.3785052132412,57.433738158122786,81.50101630731419,-1,1,0,6,1
19,3,-42.65881026899778,-45.39052292497403,6.352595491438116,-27.621494786758824,-57.433738158122786,-98.49898369268583,-1,-1,-2,7,0
20,0,137.58102344021134,-69.65470956772079,-4.294059363977021,-117.77884824834469,26.25130511032645,-174.2638282957505,1,-2,-2,2,0
20,1,137.58102344021134,-69.65470956772079,-4.294059363977021,62.22115175165533,-26.25130511032645,5.736171704249521,1,0,0,3,0
20,2,-42.41897655978866,-45.32716064739765,6.381764652686726,152.32006086924645,57.39731012626618,81.09098065499633,-1,1,0,6,1
20,3,-42.41897655978866,-45.32716064739765,6.381764652686726,-27.679939130753567,-57.39731012626618,-98.90901934500368,-1,-1,-2,7,0
21,0,137.81824387306713,-69.71553030099491,-4.3179568517995826,-117.84412667562106,26.31058416365997,-174.64137153856393,1,-2,-2,2,0
21,1,137.81824387306713,-69.71553030099491,-4.3179568517995826,62.15587332437894,-26.31058416365997,5.3586284614360755,1,0,0,3,0
21,2,-42.181756126932875,-45.26327058533566,6.410623848424359,152.26304665679285,57.36145456659985,80.68249626903595,-1,1,0,6,1
21,3,-42.181756126932875,-45.26327058533566,6.410623848424359,-27.736953343207176,-57.36145456659985,-99.31750373096405,-1,-1,-2,7,0
22,0,138.0528794847736,-69.77627554526138,-4.342374326486486,-117.90821984117018,26.36846164381967,-175.01782523676096,1,-2,-2,2,0
22,1,138.0528794847736,-69.77627554526138,-4.342374326486486,62.09178015882985,-26.36846164381967,4.982174763239064,1,0,0,3,0
22,2,-41.94712051522641,-45.19885730022337,6.439171655976531,152.2074443779926,57.326168920551716,80.27554776959444,-1,1,0,6,1
22,3,-41.94712051522641,-45.19885730022337,6.439171655976531,-27.7925556220074,-57.326168920551716,-99.72445223040557,-1,-1,-2,7,0
23,0,138.28495858894547,-69.83694131734013,-4.367309807084178,-117.97113765117845,26.424953073501836,-175.39320228892578,1,-2,-2,2,0
23,1,138.28495858894547,-69.83694131734013,-4.367309807084178,62.02886234882155,-26.424953073501836,4.606797711074236,1,0,0,3,0
23,2,-41.715041411054536,-45.13392530438929,6.467406682116674,152.15323598851816,57.29145049195147,79.87011986758381,-1,1,0,6,1
23,3,-41.715041411054536,-45.13392530438929,6.467406682116674,-27.846764011481845,-57.29145049195147,-100.12988013241619,-1,-1,-2,7,0
24,0,138.51450934811982,-69.89752369184535,-4.392761337504761,-118.03288995250144,26.48007386066922,-175.76751557167216,1,-2,-2,2,0
24,1,138.51450934811982,-69.89752369184535,-4.392761337504761,61.96711004749858,-26.48007386066922,4.232484428327834,1,0,0,3,0
24,2,-41.48549065188021,-45.06847906160978,6.495327562757778,152.10040360141016,57.25729645400713,79.46619736956666,-1,1,0,6,1
24,3,-41.48549065188021,-45.06847906160978,6.495327562757778,-27.899596398589846,-57.25729645400713,-100.53380263043334,-1,-1,-2,7,0
25,0,138.7415597648628,-69.95801880059773,-4.418726986216886,-118.0934865290811,26.533839294751363,-176.14077793445304,1,-2,-2,2,0
25,1,138.7415597648628,-69.95801880059773,-4.418726986216886,61.9065134709189,-26.533839294751363,3.8592220655469496,1,0,0,3,0
25,2,-41.25844023513718,-45.002522987673466,6.522932962641166,152.0489294905545,57.22370385606429,79.063765182318,-1,1,0,6,1
25,3,-41.25844023513718,-45.002522987673466,6.522932962641166,-27.95107050944549,-57.22370385606429,-100.936234817682,-1,-1,-2,7,0
26,0,138.96613767344942,-70.01842283202753,-4.445204845934589,-118.15293709855115,26.58626454314552,-176.51300219467694,1,-2,-2,2,0
26,1,138.96613767344942,-70.01842283202753,-4.445204845934589,61.847062901448844,-26.58626454314552,3.486997805323067,1,0,0,3,0
26,2,-41.03386232655058,-44.936061450953694,6.550221575022391,151.9987960938433,57.1906696301514,78.66280831706261,-1,1,0,6,1
26,3,-41.03386232655058,-44.936061450953694,6.550221575022391,-28.001203906156693,-57.1906696301514,-101.33719168293739,-1,-1,-2,7,0
27,0,139.18827073209192,-70.07873203056938,-4.47219303330456,-118.21125130902334,26.63736464800541,-176.8842011331189,1,-2,-2,2,0
27,1,139.18827073209192,-70.07873203056938,-4.47219303330456,61.78874869097666,-26.63736464800541,3.1157988668811205,1,0,0,3,0
27,2,-40.81172926790807,-44.86909877298849,6.577192121355237,151.94998601603416,57.15819059731473,78.26331189340254,-1,1,0,6,1
27,3,-40.81172926790807,-44.86909877298849,6.577192121355237,-28.050013983965858,-57.15819059731473,-101.73668810659746,-1,-1,-2,7,0
28,0,139.40798641569708,-70.13894269604948,-4.4996896885928725,-118.26843873605004,26.68715452330496,-177.25438748961483,1,-2,-2,2,0
28,1,139.40798641569708,-70.13894269604948,-4.4996896885928725,61.73156126394996,-26.68715452330496,2.74561251038517,1,0,0,3,0
28,2,-40.59201358430292,-44.80163922906618,6.603843350973401,151.90248203132194,57.12626347374572,77.86526114294732,-1,1,0,6,1
28,3,-40.59201358430292,-44.80163922906618,6.603843350973401,-28.09751796867808,-57.12626347374572,-102.13473885705268,-1,-1,-2,7,0
29,0,139.62531200912917,-70.19905118306701,-4.527692975370266,-118.32450887975779,26.735648952164404,-177.62357395902671,1,-2,-2,2,0
29,1,139.62531200912917,-70.19905118306701,-4.527692975370266,61.67549112024221,-26.735648952164404,2.376426040973292,1,0,0,3,0
29,2,-40.37468799087083,-44.733687048816854,6.630174040771678,151.85626708563706,57.09488487670527,77.4686414126604,-1,1,0,6,1
29,3,-40.37468799087083,-44.733687048816854,6.630174040771678,-28.143732914362932,-57.09488487670527,-102.53135858733961,-1,-1,-2,7,0
30,0,139.84027460095874,-70.25905390036984,-4.556201080197875,-118.3794711621451,26.782862584426805,-177.99177318746882,1,-2,-2,2,0
30,1,139.84027460095874,-70.25905390036984,-4.556201080197875,61.62052883785493,-26.782862584426805,2.008226812531172,1,0,0,3,0
30,2,-40.15972539904127,-44.66524641680728,6.656182994885369,151.8113242986828,57.06405133024798,77.0734381679346,-1,1,0,6,1
30,3,-40.15972539904127,-44.66524641680728,6.656182994885369,-28.18867570131721,-57.06405133024798,-102.9265618320654,-1,-1,-2,7,0
31,0,140.05290107767644,-70.31894731022581,-4.585212212313114,-118.43333492453952,26.8288099344729,-178.35899776878443,1,-2,-2,2,0
31,1,140.05290107767644,-70.31894731022581,-4.585212212313114,61.566665075460485,-26.8288099344729,1.64100223121556,1,0,0,3,0
31,2,-39.94709892232357,-44.59632147313949,6.681869044369464,151.76763696572485,57.03375927075092,76.6796369954081,-1,1,0,6,1
31,3,-39.94709892232357,-44.59632147313949,6.681869044369464,-28.23236303427516,-57.03375927075092,-103.32036300459191,-1,-1,-2,7,0
32,0,140.2632181183523,-70.378727927791,-4.6147246033153335,-118.4861094252092,26.873505379263523,-178.72526024126125,1,-2,-2,2,0
32,1,140.2632181183523,-70.378727927791,-4.6147246033153335,61.513890574790814,-26.873505379263523,1.2747397587387745,1,0,0,3,0
32,2,-39.736781881647694,-44.526916314052045,6.707231046877898,151.72518855914555,57.00400505225065,76.28722360553377,-1,1,0,6,1
32,3,-39.736781881647694,-44.526916314052045,6.707231046877898,-28.274811440854467,-57.00400505225065,-103.71277639446623,-1,-1,-2,7,0
33,0,140.47125218972133,-70.43839232047456,-4.644736506852993,-118.53780383712198,26.916963156598555,-179.09057308457707,1,-2,-2,2,0
33,1,140.47125218972133,-70.43839232047456,-4.644736506852993,61.46219616287802,-26.916963156598555,0.9094269154229417,1,0,0,3,0
33,2,-39.528747810278695,-44.45703499252238,6.732267886342163,151.68396272977415,56.97478495159252,75.89618383491255,-1,1,0,6,1
33,3,-39.528747810278695,-44.45703499252238,6.732267886342163,-28.31603727022586,-56.97478495159252,-104.10381616508747,-1,-1,-2,7,0
34,0,140.67702954167635,-70.49793710730177,-4.675246198311762,-118.58842724584794,26.959197363581,-179.4549487169657,1,-2,-2,2,0
34,1,140.67702954167635,-70.49793710730177,-4.675246198311762,61.41157275415206,-26.959197363581,0.5450512830343036,1,0,0,3,0
34,2,-39.32297045832363,-44.38668151887058,6.756978472650902,151.64394330800533,56.94609517339665,75.5065036484023,-1,1,0,6,1
34,3,-39.32297045832363,-44.38668151887058,6.756978472650902,-28.35605669199469,-56.94609517339665,-104.49349635159771,-1,-1,-2,7,0
35,0,140.880576203151,-70.557358958276,-4.706251974503569,-118.63798864759951,27.000221955277375,-179.81839949259268,1,-2,-2,2,0
35,1,140.880576203151,-70.557358958276,-4.706251974503569,61.362011352400486,-27.000221955277375,0.18160050740734046,1,0,0,3,0
35,2,-39.11942379684898,-44.31585986136324,6.781361741330036,151.6051143047162,56.91793185484484,75.11816914101298,-1,1,0,6,1
35,3,-39.11942379684898,-44.31585986136324,6.781361741330036,-28.394885695283815,-56.91793185484484,-104.88183085898702,-1,-1,-2,7,0
36,0,141.08191797837412,-70.61665459373964,-4.73775215335802,-118.6864969474039,27.0400507435633,179.81906230086665,1,-2,1,2,0
36,1,141.08191797837412,-70.61665459373964,-4.73775215335802,61.31350305259612,-27.0400507435633,-0.18093769913335203,1,0,-1,3,0
36,2,-38.9180820216259,58.98187894547632,-180.02273781363084,40.87825806926518,37.544966380812106,-156.20580276064163,-1,0,-2,4,0
36,3,-38.9180820216259,58.98187894547632,-180.02273781363084,-139.12174193073483,-37.544966380812106,23.794197239358386,-1,-2,0,5,0
36,4,-38.9180820216259,-44.24457394681676,6.805416653223554,151.56745991199327,56.89029107029232,74.73116653959802,-1,1,0,6,1
36,5,-38.9180820216259,-44.24457394681676,6.805416653223554,-28.432540088006753,-56.89029107029232,-105.26883346040199,-1,-1,-2,7,0
37,0,141.28108044347948,-70.6758207837353,-4.769745073614946,-118.73396095740304,27.078697396145408,179.4574244444568,1,-2,1,2,0
37,1,141.28108044347948,-70.6758207837353,-4.769745073614946,61.26603904259697,-27.078697396145408,-0.5425755555432036,1,0,-1,3,0
37,2,-38.718919556520525,59.08140220116999,-180.046463354583,40.85857882763016,37.600668160821655,-156.58798266212833,-1,0,-2,4,0
37,3,-38.718919556520525,59.08140220116999,-180.046463354583,-139.14142117236986,-37.600668160821655,23.41201733787168,-1,-2,0,5,0
37,4,-38.718919556520525,-44.172827661199705,6.829142194175749,151.53096450367883,56.86316883570918,74.34548220435238,-1,1,0,6,1
37,5,-38.718919556520525,-44.172827661199705,6.829142194175749,-28.46903549632117,-56.86316883570918,-105.65451779564762,-1,-1,-2,7,0
38,0,141.47808894345445,-70.73485434736749,-4.80222909451958,-118.7803893952758,27.116175435750616,179.09667478998708,1,-2,1,2,0
38,1,141.47808894345445,-70.73485434736749,-4.80222909451958,61.219610604724195,-27.116175435750616,-0.90332521001294,1,0,-1,3,0
38,2,-38.521911056545555,59.18099692937244,-180.06985853512214,40.838837725145936,37.65509109493162,-156.96831275484197,-1,0,-2,4,0
38,3,-38.521911056545555,59.18099692937244,-180.06985853512214,-139.1611622748541,-37.65509109493162,23.031687245158025,-1,-2,0,5,0
38,4,-38.521911056545555,-44.100624850233665,6.852537374714844,151.49561263574736,56.836561112955394,73.96110263012658,-1,1,0,6,1
38,5,-38.521911056545555,-44.100624850233665,6.852537374714844,-28.50438736425266,-56.836561112955394,-106.03889736987342,-1,-1,-2,7,0
39,0,141.67296858941106,-70.79375215216523,-4.835202595519754,-118.82579088277771,27.15249823947318,178.73680126190067,1,-2,1,2,0
39,1,141.67296858941106,-70.79375215216523,-4.835202595519754,61.17420911722228,-27.15249823947318,-1.2631987380993341,1,0,-1,3,0
39,2,-38.32703141058895,59.280658122936906,-180.09292239014542,40.819043274114094,37.70824764035362,-157.34682087910946,-1,0,-2,4,0
39,3,-38.32703141058895,59.280658122936906,-180.09292239014542,-139.18095672588592,-37.70824764035362,22.653179120890552,-1,-2,0,5,0
39,4,-38.32703141058895,-44.027969319991705,6.875601229738113,151.4613890465206,56.81046381389384,73.57801444756609,-1,1,0,6,1
39,5,-38.32703141058895,-44.027969319991705,6.875601229738113,-28.53861095347941,-56.81046381389384,-106.42198555243392,-1,-1,-2,7,0
40,0,141.86574425616487,-70.85251111344647,-4.868663975965846,-118.87017394439297,27.187679038272147,178.3777918589752,1,-2,1,2,0
40,1,141.86574425616487,-70.85251111344647,-4.868663975965846,61.129826055607026,-27.187679038272147,-1.622208141024808,1,0,-1,3,0
40,2,-38.13425574383513,59.38038084257016,-180.11565397860593,40.79920364536725,37.76015015850529,-157.72353437740009,-1,0,-2,4,0
40,3,-38.13425574383513,59.38038084257016,-180.11565397860593,-139.20079635463276,-37.76015015850529,22.27646562259993,-1,-2,0,5,0
40,4,-38.13425574383513,-43.954864837494284,6.898332818198668,151.42827865673127,56.78487280434577,73.19620442408493,-1,1,0,6,1
40,5,-38.13425574383513,-43.954864837494284,6.898332818198668,-28.57172134326873,-56.78487280434577,-106.80379557591509,-1,-1,-2,7,0
41,0,142.05644058010645,-70.91112819368463,-4.902611654812922,-118.91354700609482,27.221730916610014,178.01963465586283,1,-2,1,2,0
41,1,142.05644058010645,-70.91112819368463,-4.902611654812922,61.08645299390519,-27.221730916610014,-1.98036534413716,1,0,-1,3,0
41,2,-37.94355941989356,59.48016021589772,-180.1380523832021,40.77932668066865,37.81081091278025,-158.09848010389035,-1,0,-2,4,0
41,3,-37.94355941989356,59.48016021589772,-180.1380523832021,-139.22067331933135,-37.81081091278025,21.901519896109658,-1,-2,0,5,0
41,4,-37.94355941989356,-43.88131513130224,6.920731222794827,151.3962665694434,56.75978390789284,72.81565946468217,-1,1,0,6,1
41,5,-37.94355941989356,-43.88131513130224,6.920731222794827,-28.60373343055658,-56.75978390789284,-107.18434053531784,-1,-1,-2,7,0
42,0,142.24508195735137,-70.96960040187726,-4.93704407032657,-118.95591839420868,27.254666812225445,177.6623178044766,1,-2,1,2,0
42,1,142.24508195735137,-70.96960040187726,-4.93704407032657,61.04408160579132,-27.254666812225445,-2.3376821955233993,1,0,-1,3,0
42,2,-37.75491804264862,59.57999143653387,-180.160116710068,40.75941990468099,37.8602420665189,-158.47168443384328,-1,0,-2,4,0
42,3,-37.75491804264862,59.57999143653387,-180.160116710068,-139.240580095319,-37.8602420665189,21.528315566156706,-1,-2,0,5,0
42,4,-37.75491804264862,-43.80732389210574,6.942795549660689,151.36533806983806,56.73519290952988,72.43636661260948,-1,1,0,6,1
42,5,-37.75491804264862,-43.80732389210574,6.942795549660689,-28.634661930161972,-56.73519290952988,-107.56363338739054,-1,-1,-2,7,0
43,0,142.43169254215508,-71.02792479291818,-4.9719596797907535,-118.997296334375,27.286499516032553,177.3058295352309,1,-2,1,2,0
43,1,142.43169254215508,-71.02792479291818,-4.9719596797907535,61.00270366562502,-27.286499516032553,-2.6941704647690843,1,0,-1,3,0
43,2,-37.56830745784494,59.67986976315857,-180.1818460884672,40.73949053651812,37.90845568116984,-158.8431732728048,-1,0,-2,4,0
43,3,-37.56830745784494,59.67986976315857,-180.1818460884672,-139.2605094634819,-37.90845568116984,21.156826727195213,-1,-2,0,5,0
43,4,-37.56830745784494,-43.732894773309845,6.9645249280599195,151.33547862487214,56.71109555917304,72.05831304989758,-1,1,0,6,1
43,5,-37.56830745784494,-43.732894773309845,6.9645249280599195,-28.664521375127862,-56.71109555917304,-107.94168695010242,-1,-1,-2,7,0
44,0,142.6162962455787,-71.08609846697252,-5.007356959219521,-119.03768895060547,27.31724167213899,176.95015815814233,1,-2,1,2,0
44,1,142.6162962455787,-71.08609846697252,-5.007356959219521,60.96231104939453,-27.31724167213899,-3.049841841857675,1,0,-1,3,0
44,2,-37.383703754421326,59.77979051860082,-180.2032396704888,40.719545500894256,37.95546371463284,-159.21297206562147,-1,0,-2,4,0
44,3,-37.383703754421326,59.77979051860082,-180.2032396704888,-139.28045449910576,-37.95546371463284,20.787027934378518,-1,-2,0,5,0
44,4,-37.383703754421326,-43.6580313916153,6.985918510081524,151.3066738828187,56.68748757502709,71.6814860977494,-1,1,0,6,1
44,5,-37.383703754421326,-43.6580313916153,6.985918510081524,-28.693326117181304,-56.68748757502709,-108.31851390225061,-1,-1,-2,7,0
45,0,142.7989167343942,-71.14411856885559,-5.043234403071606,-119.0771042644307,27.34690577797671,176.59529206379722,1,-2,1,2,0
45,1,142.7989167343942,-71.14411856885559,-5.043234403071606,60.92289573556931,-27.34690577797671,-3.4047079362027888,1,0,-1,3,0
45,2,-37.20108326560578,59.879749088929294,-180.2242966307455,40.699591438883054,38.001278019773515,-159.581105805283,-1,0,-2,4,0
45,3,-37.20108326560578,59.879749088929294,-180.2242966307455,-139.30040856111697,-38.001278019773515,20.418894194717044,-1,-2,0,5,0
45,4,-37.20108326560578,-43.5827373275949,7.006975470338199,151.27890967269485,56.66436464681604,71.3058732168071,-1,1,0,6,1
45,5,-37.20108326560578,-43.5827373275949,7.006975470338199,-28.72109032730515,-56.66436464681604,-108.6941267831929,-1,-1,-2,7,0
46,0,142.97957743021567,-71.20198228741573,-5.079590523968557,-119.11555019413312,27.375504184538162,176.24121972419314,1,-2,1,2,0
46,1,142.97957743021567,-71.20198228741573,-5.079590523968557,60.88444980586687,-27.375504184538162,-3.758780275806852,1,0,-1,3,0
46,2,-37.02042256978436,59.97974092255049,-180.24501616607475,40.67963471830065,38.045910343101674,-159.94759904159167,-1,0,-2,4,0
46,3,-37.02042256978436,59.97974092255049,-180.24501616607475,-139.32036528169937,-38.045910343101674,20.05240095840834,-1,-2,0,5,0
46,4,-37.02042256978436,-43.5070161262647,7.0276950056674465,151.25217200358557,56.64172243888146,70.93146200730011,-1,1,0,6,1
46,5,-37.02042256978436,-43.5070161262647,7.0276950056674465,-28.747827996414433,-56.64172243888146,-109.06853799269989,-1,-1,-2,7,0
47,0,143.15830150884474,-71.25968685492136,-5.116423852416329,-119.15303455406269,27.40304909671186,175.88792969345943,1,-2,1,2,0
47,1,143.15830150884474,-71.25968685492136,-5.116423852416329,60.84696544593733,-27.40304909671186,-4.112070306540591,1,0,-1,3,0
47,2,-36.84169849115524,60.079761529315405,-180.26539749524284,40.659681443724295,38.089372323604394,-160.31247588966394,-1,0,-2,4,0
47,3,-36.84169849115524,60.079761529315405,-180.26539749524284,-139.34031855627572,-38.089372323604394,19.68752411033608,-1,-2,0,5,0
47,4,-36.84169849115524,-43.43087129765009,7.048076334835568,151.22644706386933,56.6195565931523,70.55824020908057,-1,1,0,6,1
47,5,-36.84169849115524,-43.43087129765009,7.048076334835568,-28.773552936130667,-56.6195565931523,-109.44175979091945,-1,-1,-2,7,0
48,0,143.33511189982022,-71.3172295464527,-5.15373293653035,-119.18956505403042,27.429552573711515,175.5354106084628,1,-2,1,2,0
48,1,143.33511189982022,-71.3172295464527,-5.15373293653035,60.810434945969575,-27.429552573711515,-4.464589391537214,1,0,-1,3,0
48,2,-36.6648881001798,60.17980647963428,-180.28543985865164,40.63973746615973,38.13167549172618,-160.6757600382649,-1,0,-2,4,0
48,3,-36.6648881001798,60.17980647963428,-180.28543985865164,-139.36026253384028,-38.13167549172618,19.324239961735103,-1,-2,0,5,0
48,4,-36.6648881001798,-43.35430631734619,7.068118698244342,151.20172122035217,56.59786273199005,70.1861957015531,-1,1,0,6,1
48,5,-36.6648881001798,-43.35430631734619,7.068118698244342,-28.798278779647823,-56.59786273199005,-109.81380429844691,-1,-1,-2,7,0
49,0,143.5100312861589,-71.37460767929826,-5.191516341764245,-119.22514929877703,27.455026529592395,175.18365118930444,1,-2,1,2,0
49,1,143.5100312861589,-71.37460767929826,-5.191516341764245,60.774850701222974,-27.455026529592395,-4.816348810695559,1,0,-1,3,0
49,2,-36.48996871384112,60.27987140360037,-180.30514251804817,40.61980839236828,38.17283126848788,-161.03747475798127,-1,0,-2,4,0
49,3,-36.48996871384112,60.27987140360037,-180.30514251804817,-139.3801916076317,-38.17283126848788,18.962525242018742,-1,-2,0,5,0
49,4,-36.48996871384112,-43.27732462707258,7.087821357640884,151.17798101731663,56.57663646091352,69.8153165035046,-1,1,0,6,1
49,5,-36.48996871384112,-43.27732462707258,7.087821357640884,-28.82201898268337,-56.57663646091352,-110.18468349649541,-1,-1,-2,7,0
50,0,143.683082104279,-71.43181861235631,-5.229772650642545,-119.2597947875118,27.479482733849757,174.83264023971256,1,-2,1,2,0
50,1,143.683082104279,-71.43181861235631,-5.229772650642545,60.74020521248823,-27.479482733849757,-5.167359760287463,1,0,-1,3,0
50,2,-36.316917895721,60.379951990122926,-180.32450475623773,40.59989959386595,38.21285096473765,-161.39764290923378,-1,0,-2,4,0
50,3,-36.316917895721,60.379951990122926,-180.32450475623773,-139.40010040613404,-38.21285096473765,18.602357090766205,-1,-2,0,5,0
50,4,-36.316917895721,-43.19992963522191,7.107183595830464,151.15521317549087,56.555873371206786,69.44559077284039,-1,1,0,6,1
50,5,-36.316917895721,-43.19992963522191,7.107183595830464,-28.844786824509132,-56.555873371206786,-110.55440922715962,-1,-1,-2,7,0
51,0,143.85428654409506,-71.4888597455416,-5.268500462496918,-119.29350891351923,27.502932812093967,174.48236664733673,1,-2,1,2,0
51,1,143.85428654409506,-71.4888597455416,-5.268500462496918,60.70649108648078,-27.502932812093967,-5.5176333526632915,1,0,-1,3,0
51,2,-36.145713455904946,60.48004398606933,-180.3435258767995,40.58001621560538,38.251745780526186,-161.75628695013384,-1,0,-2,4,0
51,3,-36.145713455904946,60.48004398606933,-180.3435258767995,-139.41998378439462,-38.251745780526186,18.24371304986619,-1,-2,0,5,0
51,4,-36.145713455904946,-43.12212471740224,7.126204716392234,151.13340459094405,56.535569042414046,69.07700680623186,-1,1,0,6,1
51,5,-36.145713455904946,-43.12212471740224,7.126204716392234,-28.866595409055954,-56.535569042414046,-110.92299319376814,-1,-1,-2,7,0
52,0,144.0236665492747,-71.54572851919785,-5.307698393206035,-119.32629896382994,27.52538824679726,174.13281938394874,1,-2,1,2,0
52,1,144.0236665492747,-71.54572851919785,-5.307698393206035,60.673701036170065,-27.52538824679726,-5.867180616051282,1,0,-1,3,0
52,2,-35.97633345072529,60.580143195417506,-180.36220520380613,40.56016318435121,38.28952680459981,-162.1134289441857,-1,0,-2,4,0
52,3,-35.97633345072529,60.580143195417506,-180.36220520380613,-139.4398368156488,-38.28952680459981,17.8865710558143,-1,-2,0,5,0
52,4,-35.97633345072529,-43.043913216973294,7.144884043398829,151.1125423339131,56.515719044725316,68.7095530386816,-1,1,0,6,1
52,5,-35.97633345072529,-43.043913216973294,7.144884043398829,-28.88745766608692,-56.515719044725316,-111.2904469613184,-1,-1,-2,7,0
53,0,144.19124381764854,-71.60242241351516,-5.34736507494011,-119.3581721189514,27.54686037810744,173.7839875055541,1,-2,1,2,0
53,1,144.19124381764854,-71.60242241351516,-5.34736507494011,60.64182788104861,-27.54686037810744,-6.2160124944459065,1,0,-1,3,0
53,2,-35.808756182351466,60.68024547841735,-180.38054208154549,40.54034521676003,38.326205014004906,-162.46909056783886,-1,0,-2,4,0
53,3,-35.808756182351466,60.68024547841735,-180.38054208154549,-139.45965478323996,-38.326205014004906,17.530909432161152,-1,-2,0,5,0
53,4,-35.808756182351466,-42.96529844557572,7.163220921138209,151.09261364756568,56.496318941256355,68.3432180430107,-1,1,0,6,1
53,5,-35.808756182351466,-42.96529844557572,7.163220921138209,-28.907386352434322,-56.496318941256355,-111.6567819569893,-1,-1,-2,7,0
54,0,144.35703980176382,-71.6589389479539,-5.387499155908561,-119.38913545265692,27.567360404723587,173.43586015241962,1,-2,1,2,0
54,1,144.35703980176382,-71.6589389479539,-5.387499155908561,60.6108645473431,-27.567360404723587,-6.564139847580377,1,0,-1,3,0
54,2,-35.64296019823618,60.78034675076313,-180.39853587424673,40.52056682717429,38.361791273796996,-162.82329311789192,-1,0,-2,4,0
54,3,-35.64296019823618,60.78034675076313,-180.39853587424673,-139.4794331728257,-38.361791273796996,17.176706882108064,-1,-2,0,5,0
54,4,-35.64296019823618,-42.88628368365385,7.181214713839458,151.0736059467049,56.47736429022635,67.97799052927328,-1,1,0,6,1
54,5,-35.64296019823618,-42.88628368365385,7.181214713839458,-28.926394053295102,-56.47736429022635,-112.02200947072672,-1,-1,-2,7,0
55,0,144.52107570957358,-71.71527568067414,-5.42809930011209,-119.41919593182875,27.5868993848296,173.0884265490207,1,-2,1,2,0
55,1,144.52107570957358,-71.71527568067414,-5.42809930011209,60.58080406817124,-27.5868993848296,-6.911573450979286,1,0,-1,3,0
55,2,-35.47892429042643,60.88044298277581,-180.4161859658092,40.50083233514045,38.3962963368491,-163.1760575187519,-1,0,-2,4,0
55,3,-35.47892429042643,60.88044298277581,-180.4161859658092,-139.49916766485956,-38.3962963368491,16.823942481248114,-1,-2,0,5,0
55,4,-35.47892429042643,-42.80687218097183,7.198864805401906,151.05550681641955,56.45885064703694,67.61385934410319,-1,1,0,6,1
55,5,-35.47892429042643,-42.80687218097183,7.198864805401906,-28.944493183580477,-56.45885064703694,-112.38614065589682,-1,-1,-2,7,0
56,0,144.6833725052529,-71.77143020797122,-5.469164187098485,-119.4483604163527,27.605488237081826,172.7416760039134,1,-2,1,2,0
56,1,144.6833725052529,-71.77143020797122,-5.469164187098485,60.55163958364731,-27.605488237081826,-7.258323996086601,1,0,-1,3,0
56,2,-35.31662749474711,60.98053019859559,-180.4334917595344,40.481145872661074,38.42973084375329,-163.52740432955088,-1,0,-2,4,0
56,3,-35.31662749474711,60.98053019859559,-180.4334917595344,-139.51885412733895,-38.42973084375329,16.472595670449138,-1,-2,0,5,0
56,4,-35.31662749474711,-42.72706715712238,7.21617059912713,151.03830401068458,56.440773566256105,67.25081346999706,-1,1,0,6,1
56,5,-35.31662749474711,-42.72706715712238,7.21617059912713,-28.96169598931541,-56.440773566256105,-112.74918653000294,-1,-1,-2,7,0
57,0,144.843950910135,-71.82740016371716,-5.510692511723111,-119.47663565906103,27.623137741645678,172.39559790953382,1,-2,1,2,0
57,1,144.843950910135,-71.82740016371716,-5.510692511723111,60.52336434093898,-27.623137741645678,-7.604402090466188,1,0,-1,3,0
57,2,-35.156049089865,61.08060447538553,-180.450452677862,40.461511391189326,38.462105322810004,-163.87735375112374,-1,0,-2,4,0
57,3,-35.156049089865,61.08060447538553,-180.450452677862,-139.5384886088107,-38.462105322810004,16.122646248876272,-1,-2,0,5,0
57,4,-35.156049089865,-42.64687180202876,7.2331315174546935,151.02198545091645,56.4231286035096,66.88884202453809,-1,1,0,6,1
57,5,-35.156049089865,-42.64687180202876,7.2331315174546935,-28.978014549083543,-56.4231286035096,-113.11115797546191,-1,-1,-2,7,0
58,0,145.0028314037589,-71.88318321880895,-5.552682983912214,-119.5040283057218,27.63985854127884,172.05018174193083,1,-2,1,2,0
58,1,145.0028314037589,-71.88318321880895,-5.552682983912214,60.495971694278204,-27.63985854127884,-7.949818258069187,1,0,-1,3,0
58,2,-34.9971685962411,61.18066194254551,-180.46706816210866,40.441932668375706,38.4934301901001,-164.22592563284857,-1,0,-2,4,0
58,3,-34.9971685962411,61.18066194254551,-180.46706816210866,-139.55806733162427,-38.4934301901001,15.774074367151458,-1,-2,0,5,0
58,4,-34.9971685962411,-42.566289276439754,7.249747001701362,151.0065392244863,56.405911317283994,66.52793425956492,-1,1,0,6,1
58,5,-34.9971685962411,-42.566289276439754,7.249747001701362,-28.993460775513714,-56.405911317283994,-113.4720657404351,-1,-1,-2,7,0
59,0,145.16003422502234,-71.93877708062243,-5.595134328431754,-119.53054489507063,27.655661142456164,171.70541706043335,1,-2,1,2,0
59,1,145.16003422502234,-71.93877708062243,-5.595134328431754,60.46945510492936,-27.655661142456164,-8.294582939566663,1,0,-1,3,0
59,2,-34.83996577497767,61.280698780937,-180.48333767221055,40.42241331457494,38.52371574963432,-164.57313947935305,-1,0,-2,4,0
59,3,-34.83996577497767,61.280698780937,-180.48333767221055,-139.57758668542508,-38.52371574963432,15.426860520646976,-1,-2,0,5,0
59,4,-34.83996577497767,-42.485322712416995,7.266016511803248,150.99195358319554,56.389117270643666,66.16807956028885,-1,1,0,6,1
59,5,-34.83996577497767,-42.485322712416995,7.266016511803248,-29.00804641680447,-56.389117270643666,-113.83192043971115,-1,-1,-2,7,0
60,0,145.31557937343254,-71.99417949247298,-5.638045284659116,-119.55619185888378,27.6705559165341,171.36129350725795,1,-2,1,2,0
60,1,145.31557937343254,-71.99417949247298,-5.638045284659116,60.443808141116236,-27.6705559165341,-8.638706492742054,1,0,-1,3,0
60,2,-34.68442062656747,61.38071122211877,-180.49926068646914,40.402956779121766,38.552972193576004,-164.91901445708945,-1,0,-2,4,0
60,3,-34.68442062656747,61.38071122211877,-180.49926068646914,-139.59704322087822,-38.552972193576004,15.080985542910563,-1,-2,0,5,0
60,4,-34.68442062656747,-42.403975213815464,7.281939526061848,150.9782169417172,56.37274203286545,65.80926744436398,-1,1,0,6,1
60,5,-34.68442062656747,-42.403975213815464,7.281939526061848,-29.021783058282814,-56.37274203286545,-114.190732555636,-1,-1,-2,7,0
61,0,145.4694866104486,-72.04938823308245,-5.681414606359595,-119.58097552208872,27.684553100950044,171.01780080705848,1,-2,1,2,0
61,1,145.4694866104486,-72.04938823308245,-5.681414606359595,60.41902447791129,-27.684553100950044,-8.982199192941522,1,0,-1,3,0
61,2,-34.530513389551395,61.480695547593534,-180.5148367013006,40.383566356383476,38.58120960253164,-165.2635694007802,-1,0,-2,4,0
61,3,-34.530513389551395,61.480695547593534,-180.5148367013006,-139.61643364361652,-38.58120960253164,14.736430599219805,-1,-2,0,5,0
61,4,-34.530513389551395,-42.32224985675647,7.297515540893287,150.96531787600617,56.356781180993444,65.45148756091311,-1,1,0,6,1
61,5,-34.530513389551395,-42.32224985675647,7.297515540893287,-29.034682123993843,-56.356781180993444,-114.5485124390869,-1,-1,-2,7,0
62,0,145.62177546090936,-72.10440111605273,-5.7252410614666145,-119.60490210291096,27.697662800454722,170.67492876642183,1,-2,1,2,0
62,1,145.62177546090936,-72.10440111605273,-5.7252410614666145,60.39509789708906,-27.697662800454722,-9.325071233578173,1,0,-1,3,0
62,2,-34.37822453909064,61.58064808806535,-180.53006523098824,40.36424519159719,38.608437945905926,-165.6068228197372,-1,0,-2,4,0
62,3,-34.37822453909064,61.58064808806535,-180.53006523098824,-139.63575480840282,-38.608437945905926,14.393177180262807,-1,-2,0,5,0
62,4,-34.37822453909064,-42.24014969009339,7.312744070580962,150.95324512168173,56.341230301317054,65.09472968951292,-1,1,0,6,1
62,5,-34.37822453909064,-42.24014969009339,7.312744070580962,-29.04675487831826,-56.341230301317054,-114.9052703104871,-1,-1,-2,7,0
63,0,145.77246521454035,-72.1592159893457,-5.769523431866089,-119.62797771305414,27.709894988374074,170.33266727331275,1,-2,1,2,0
63,1,145.77246521454035,-72.1592159893457,-5.769523431866089,60.37202228694588,-27.709894988374074,-9.667332726687256,1,0,-1,3,0
63,2,-34.22753478545965,61.68056522270827,-180.54494580743892,40.34499628649914,38.63466708231638,-165.94879290405683,-1,0,-2,4,0
63,3,-34.22753478545965,61.68056522270827,-180.54494580743892,-139.6550037135009,-38.63466708231638,14.051207095943177,-1,-2,0,5,0
63,4,-34.22753478545965,-42.15767773586985,7.327624647031635,150.94198757238559,56.32608499077517,64.73898373914196,-1,1,0,6,1
63,5,-34.22753478545965,-42.15767773586985,7.327624647031635,-29.058012427614408,-56.32608499077517,-115.26101626085806,-1,-1,-2,7,0
64,0,145.92157492753475,-72.21383073476977,-5.814260513184876,-119.6502083579114,27.721259507897855,169.9910062964704,1,-2,1,2,0
64,1,145.92157492753475,-72.21383073476977,-5.814260513184876,60.3497916420886,-27.721259507897855,-10.008993703529583,1,0,-1,3,0
64,2,-34.07842507246525,61.78044337844571,-180.5594779799423,40.32582250475365,38.659906760064075,-166.28949753069338,-1,0,-2,4,0
64,3,-34.07842507246525,61.78044337844571,-180.5594779799423,-139.67417749524634,-38.659906760064075,13.710502469306611,-1,-2,0,5,0
64,4,-34.07842507246525,-42.07483698977076,7.342156819535041,150.93153427811782,56.3113408582891,64.38423974709414,-1,1,0,6,1
64,5,-34.07842507246525,-42.07483698977076,7.342156819535041,-29.068465721882188,-56.3113408582891,-115.61576025290586,-1,-1,-2,7,0
65,0,146.06912342420262,-72.26824326747303,-5.859451114583164,-119.67159993680617,27.73176607339248,169.64993588476,1,-2,1,2,0
65,1,146.06912342420262,-72.26824326747303,-5.859451114583164,60.32840006319384,-27.73176607339248,-10.35006411524003,1,0,-1,3,0
65,2,-33.93087657579737,61.880279029241066,-180.573661314934,40.306726577188414,38.68416661765646,-166.62895426941327,-1,0,-2,4,0
65,3,-33.93087657579737,61.880279029241066,-180.573661314934,-139.6932734228116,-38.68416661765646,13.371045730586744,-1,-2,0,5,0
65,4,-33.93087657579737,-41.99163042156583,7.356340154526693,150.92187444355383,56.29699352602683,64.03048787786071,-1,1,0,6,1
65,5,-33.93087657579737,-41.99163042156583,7.356340154526693,-29.078125556446185,-56.29699352602683,-115.96951212213929,-1,-1,-2,7,0
66,0,146.21512929868334,-72.32245153544261,-5.90509405855125,-119.69215824325981,27.74142427173563,169.3094461664811,1,-2,1,2,0
66,1,146.21512929868334,-72.32245153544261,-5.90509405855125,60.30784175674019,-27.74142427173563,-10.690553833518877,1,0,-1,3,0
66,2,-33.784870701316684,61.98006869539889,-180.58749539576135,40.28771110684325,38.70745618437895,-166.9671803886319,-1,0,-2,4,0
66,3,-33.784870701316684,61.98006869539889,-180.58749539576135,-139.71228889315674,-38.70745618437895,13.032819611368081,-1,-2,0,5,0
66,4,-33.784870701316684,-41.90806097554559,7.37017423535407,150.91299742634476,56.283038630601354,63.67771842198344,-1,1,0,6,1
66,5,-33.784870701316684,-41.90806097554559,7.37017423535407,-29.087002573655255,-56.283038630601354,-116.32228157801656,-1,-1,-2,7,0
67,0,146.35961091671604,-72.37645351901149,-5.95118818070948,-119.71188896528464,27.750243563670136,168.9695273486371,1,-2,1,2,0
67,1,146.35961091671604,-72.37645351901149,-5.95118818070948,60.28811103471535,-27.750243563670136,-11.030472651362913,1,0,-1,3,0
67,2,-33.640389083283964,62.07980894287765,-180.60097982245384,40.26877857383861,38.72978488091173,-167.30419286113636,-1,0,-2,4,0
67,3,-33.640389083283964,62.07980894287765,-180.60097982245384,-139.7312214261614,-38.72978488091173,12.69580713886364,-1,-2,0,5,0
67,4,-33.640389083283964,-41.82413157095033,7.383658662046571,150.90489273540385,56.269471824205674,63.32592179488192,-1,1,0,6,1
67,5,-33.640389083283964,-41.82413157095033,7.383658662046571,-29.09510726459616,-56.269471824205674,-116.67407820511808,-1,-1,-2,7,0
68,0,146.5025864174643,-72.4302472303706,-5.99773232961339,-119.73079768570057,27.758233285174832,168.63016971616568,1,-2,1,2,0
68,1,146.5025864174643,-72.4302472303706,-5.99773232961339,60.26920231429943,-27.758233285174832,-11.369830283834323,1,0,-1,3,0
68,2,-33.4974135825357,62.17949638261269,-180.61411421149543,40.24993134007052,38.75116201998852,-167.64000836969504,-1,0,-2,4,0
68,3,-33.4974135825357,62.17949638261269,-180.61411421149543,-139.7500686599295,-38.75116201998852,12.359991630304958,-1,-2,0,5,0
68,4,-33.4974135825357,-41.73984510239123,7.396793051088152,150.89755002918085,56.256288775686436,62.97508853565674,-1,1,0,6,1
68,5,-33.4974135825357,-41.73984510239123,7.396793051088152,-29.102449970819137,-56.256288775686436,-117.02491146434328,-1,-1,-2,7,0
69,0,146.64407371538934,-72.48383071308868,-6.04472536656154,-119.7488898824729,27.76540264885072,168.2913636311353,1,-2,1,2,0
69,1,146.64407371538934,-72.48383071308868,-6.04472536656154,60.25111011752711,-27.76540264885072,-11.708636368864688,1,0,-1,3,0
69,2,-33.35592628461064,62.27912766985063,-180.6268981956012,40.23117165373766,38.77159680709442,-167.97464331255765,-1,0,-2,4,0
69,3,-33.35592628461064,62.27912766985063,-180.6268981956012,-139.76882834626232,-38.77159680709442,12.025356687442383,-1,-2,0,5,0
69,4,-33.35592628461064,-41.65520444026464,7.409577035193905,150.89095911392693,56.24348517155908,62.625209305871856,-1,1,0,6,1
69,5,-33.35592628461064,-41.65520444026464,7.409577035193905,-29.1090408860731,-56.24348517155908,-117.37479069412815,-1,-1,-2,7,0
70,0,146.78409050216857,-72.53720204163794,-6.0921661654081785,-119.7661709290703,27.77176074531978,167.9530995319078,1,-2,1,2,0
70,1,146.78409050216857,-72.53720204163794,-6.0921661654081785,60.23382907092971,-27.77176074531978,-12.046900468092181,1,0,-1,3,0
70,2,-33.21590949783145,62.37869950349418,-180.63933142349683,40.21250165370709,38.79109834119954,-168.30811380884654,-1,0,-2,4,0
70,3,-33.21590949783145,62.37869950349418,-180.63933142349683,-139.7874983462929,-38.79109834119954,11.691886191153477,-1,-2,0,5,0
70,4,-33.21590949783145,-41.57021243115861,7.422010263089536,150.88510994195153,56.231056716966535,62.276274888317595,-1,1,0,6,1
70,5,-33.21590949783145,-41.57021243115861,7.422010263089536,-29.114890058048474,-56.231056716966535,-117.72372511168241,-1,-1,-2,7,0
71,0,146.92265424865485,-72.59035932092637,-6.140053612379471,-119.78264609484104,27.7773165446351,167.6153679322705,1,-2,1,2,0
71,1,146.92265424865485,-72.59035932092637,-6.140053612379471,60.21735390515895,-27.7773165446351,-12.384632067729529,1,0,-1,3,0
71,2,-33.07734575134516,62.47820862545798,-180.65141355970158,40.19392337372364,38.809675615526224,-168.64043570384277,-1,0,-2,4,0
71,3,-33.07734575134516,62.47820862545798,-180.65141355970158,-139.80607662627637,-38.809675615526224,11.359564296157233,-1,-2,0,5,0
71,4,-33.07734575134516,-41.48487189825237,7.434092399294278,150.87999260987428,56.21899913658358,61.928276185756545,-1,1,0,6,1
71,5,-33.07734575134516,-41.48487189825237,7.434092399294278,-29.120007390125714,-56.21899913658358,-118.07172381424346,-1,-1,-2,7,0
72,0,147.05978220687302,-72.64330068583662,-6.188386605893684,-119.79832054540567,27.78207889770011,167.27815942053888,1,-2,1,2,0
72,1,147.05978220687302,-72.64330068583662,-6.188386605893684,60.20167945459435,-27.78207889770011,-12.721840579461123,1,0,-1,3,0
72,2,-32.940217793126976,62.57765182003486,-180.6631442843142,40.17543874646932,38.82733751834657,-168.9716245741677,-1,0,-2,4,0
72,3,-32.940217793126976,62.57765182003486,-180.6631442843142,-139.8245612535307,-38.82733751834657,11.02837542583232,-1,-2,0,5,0
72,4,-32.940217793126976,-41.399185641708485,7.4458231239069255,150.87559735687225,56.20730817546924,61.581204219655,-1,1,0,6,1
72,5,-32.940217793126976,-41.399185641708485,7.4458231239069255,-29.124402643127766,-56.20730817546924,-118.41879578034501,-1,-1,-2,7,0
73,0,147.1954914120499,-72.69602430077154,-6.237164056384791,-119.81319934306504,27.786056537695853,166.94146465863318,1,-2,1,2,0
73,1,147.1954914120499,-72.69602430077154,-6.237164056384791,60.186800656934956,-27.786056537695853,-13.058535341366838,1,0,-1,3,0
73,2,-32.804508587950096,62.677025913273106,-180.67452329280283,40.15704960747705,38.844092833808354,-169.30169573286295,-1,0,-2,4,0
73,3,-32.804508587950096,62.677025913273106,-180.67452329280283,-139.84295039252297,-38.844092833808354,10.698304267137052,-1,-2,0,5,0
73,4,-32.804508587950096,-41.313156439058,7.4572021323955395,150.87191456292533,56.195979599869226,61.235050128900454,-1,1,0,6,1
73,5,-32.804508587950096,-41.313156439058,7.4572021323955395,-29.12808543707468,-56.195979599869226,-118.76494987109955,-1,-1,-2,7,0
74,0,147.32979868467416,-72.74852835920534,-6.286384886130849,-119.8272874472222,27.78925808151377,166.6052743811286,1,-2,1,2,0
74,1,147.32979868467416,-72.74852835920534,-6.286384886130849,60.1727125527778,-27.78925808151377,-13.394725618871417,1,0,-1,3,0
74,2,-32.67020131532586,62.77632777236359,-180.68555029579667,40.13875769890517,38.85995024278635,-169.6306642343711,-1,0,-2,4,0
74,3,-32.67020131532586,62.77632777236359,-180.68555029579667,-139.86124230109485,-38.85995024278635,10.369335765628918,-1,-2,0,5,0
74,4,-32.67020131532586,-41.226787045577986,7.468229135389385,150.86893474706102,56.185009197970075,60.889805168508744,-1,1,0,6,1
74,5,-32.67020131532586,-41.226787045577986,7.468229135389385,-29.13106525293898,-56.185009197970075,-119.11019483149127,-1,-1,-2,7,0
75,0,147.462720632583,-72.80081108324208,-6.336048029085013,-119.84058971481628,27.791692031193612,166.2695793942831,1,-2,1,2,0
75,1,147.462720632583,-72.80081108324208,-6.336048029085013,60.15941028518374,-27.791692031193612,-13.730420605716894,1,0,-1,3,0
75,2,-32.53727936741701,62.875554305038,-180.69622501888227,40.12056467317631,38.874918323757505,-169.95854487941767,-1,0,-2,4,0
75,3,-32.53727936741701,62.875554305038,-180.69622501888227,-139.8794353268237,-38.874918323757505,10.041455120582334,-1,-2,0,5,0
75,4,-32.53727936741701,-41.14008019466251,7.478903858475006,150.86664856560003,56.17439278060758,60.545460708320874,-1,1,0,6,1
75,5,-32.53727936741701,-41.14008019466251,7.478903858475006,-29.13335143439998,-56.17439278060758,-119.45453929167914,-1,-1,-2,7,0
76,0,147.5942736530728,-72.85287072317993,-6.386152430710943,-119.85311090076775,27.79336677536414,165.9343705750427,1,-2,1,2,0
76,1,147.5942736530728,-72.85287072317993,-6.386152430710943,60.14688909923225,-27.79336677536414,-14.065629424957322,1,0,-1,3,0
76,2,-32.405726346927196,62.974702458977134,-180.7065472024023,40.1024720964865,38.88900555369725,-170.2853522197982,-1,0,-2,4,0
76,3,-32.405726346927196,62.974702458977134,-180.7065472024023,-139.89752790351352,-38.88900555369725,9.714647780201817,-1,-2,0,5,0
76,4,-32.405726346927196,-41.05303859818632,7.489226041995021,150.86504681040415,56.16412618193091,60.202008231691956,-1,1,0,6,1
76,5,-32.405726346927196,-41.05303859818632,7.489226041995021,-29.134953189595866,-56.16412618193091,-119.79799176830804,-1,-1,-2,7,0
77,0,147.72447393503006,-72.90470555708148,-6.436697047822013,-119.86485565843338,27.794290590685833,165.59963887002678,1,-2,1,2,0
77,1,147.72447393503006,-72.90470555708148,-6.436697047822013,60.13514434156662,-27.794290590685833,-14.400361129973222,1,0,-1,3,0
77,2,-32.27552606496996,63.073769221229114,-180.7165166012569,40.0844814521887,38.90222030899508,-170.6111005630707,-1,0,-2,4,0
77,3,-32.27552606496996,63.073769221229114,-180.7165166012569,-139.91551854781133,-38.90222030899508,9.388899436929306,-1,-2,0,5,0
77,4,-32.27552606496996,-40.96566494686145,7.499195440849627,150.86412040712764,56.1542052600241,59.85943933417397,-1,1,0,6,1
77,5,-32.27552606496996,-40.96566494686145,7.499195440849627,-29.135879592872353,-56.1542052600241,-120.14056066582603,-1,-1,-2,7,0
78,0,147.85333746108046,-72.95631389035101,-6.48768084842349,-119.87582854006962,27.79447164329436,165.26537529449467,1,-2,1,2,0
78,1,147.85333746108046,-72.95631389035101,-6.48768084842349,60.12417145993037,-27.79447164329436,-14.734624705505329,1,0,-1,3,0
78,2,-32.146662538919536,63.17275161763834,-180.72613298470915,40.06659414405512,38.91457086638779,-170.9358039771565,-1,0,-2,4,0
78,3,-32.146662538919536,63.17275161763834,-180.72613298470915,-139.9334058559449,-38.91457086638779,9.06419602284351,-1,-2,0,5,0
78,4,-32.146662538919536,-40.8779619105872,7.508811824301865,150.8638604134737,56.14462589748734,59.51774572219293,-1,1,0,6,1
78,5,-32.146662538919536,-40.8779619105872,7.508811824301865,-29.136139586526287,-56.14462589748734,-120.48225427780707,-1,-1,-2,7,0
79,0,147.9808800097535,-73.00769405531693,-6.539102811559239,-119.8860339973038,27.79391799024321,164.93157093129463,1,-2,1,2,0
79,1,147.9808800097535,-73.00769405531693,-6.539102811559239,60.113966002696216,-27.79391799024321,-15.06842906870538,1,0,-1,3,0
79,2,-32.01911999024652,63.27164671228391,-180.73539613619258,40.04881149942287,38.92606540390811,-171.2594762948505,-1,0,-2,4,0
79,3,-32.01911999024652,63.27164671228391,-180.73539613619258,-139.95118850057713,-38.92606540390811,8.740523705149505,-1,-2,0,5,0
79,4,-32.01911999024652,-40.78993213879304,7.518074975785276,150.86425801745668,56.1353840019789,59.176919211722634,-1,1,0,6,1
79,5,-32.01911999024652,-40.78993213879304,7.518074975785276,-29.135741982543312,-56.1353840019789,-120.82308078827738,-1,-1,-2,7,0
80,0,148.1071171576594,-73.05884441082122,-6.590961927161091,-119.89547638161112,27.79263758094516,164.59821692979702,1,-2,1,2,0
80,1,148.1071171576594,-73.05884441082122,-6.590961927161091,60.104523618388896,-27.79263758094516,-15.40178307020298,1,0,-1,3,0
80,2,-31.892882842340626,63.370451606928285,-180.7443058531221,40.03113477222725,38.93671200184712,-171.58213111824347,-1,0,-2,4,0
80,3,-31.892882842340626,63.370451606928285,-180.7443058531221,-139.96886522777277,-38.93671200184712,8.417868881756535,-1,-2,0,5,0
80,4,-31.892882842340626,-40.70157826077483,7.526984692714828,150.8653045356712,56.12647550672006,58.83695172695583,-1,1,0,6,1
80,5,-31.892882842340626,-40.70157826077483,7.526984692714828,-29.134695464328775,-56.12647550672006,-121.16304827304417,-1,-1,-2,7,0
81,0,148.232064281677,-73.1097633418143,-6.643257195902434,-119.90415994479739,27.790638258610645,164.26530450481252,1,-2,1,2,0
81,1,148.232064281677,-73.1097633418143,-6.643257195902434,60.095840055202615,-27.790638258610645,-15.73469549518749,1,0,-1,3,0
81,2,-31.767935718322992,63.4691634404755,-180.7528619467079,40.01356514592605,38.94651864372935,-171.90378182305724,-1,0,-2,4,0
81,3,-31.767935718322992,63.4691634404755,-180.7528619467079,-139.98643485407396,-38.94651864372935,8.096218176942756,-1,-2,0,5,0
81,4,-31.767935718322992,-40.61290288602434,7.535540786300609,150.8669914115698,56.11789637096408,58.497835298973925,-1,1,0,6,1
81,5,-31.767935718322992,-40.61290288602434,7.535540786300609,-29.133008588430183,-56.11789637096408,-121.50216470102609,-1,-1,-2,7,0
82,0,148.3557365611497,-73.16044925895591,-6.69598762905497,-119.91208883948612,27.787927761682973,163.9328249354969,1,-2,1,2,0
82,1,148.3557365611497,-73.16044925895591,-6.69598762905497,60.087911160513876,-27.787927761682973,-16.067175064503108,1,0,-1,3,0
82,2,-31.6442634388503,63.56777938843927,-180.7610642417719,39.996103736319576,38.955493217298,-172.22444156289538,-1,0,-2,4,0
82,3,-31.6442634388503,63.56777938843927,-180.7610642417719,-140.00389626368042,-38.955493217298,7.775558437104634,-1,-2,0,5,0
82,4,-31.6442634388503,-40.52390860455221,7.543743081364602,150.869310213749,56.109642580431036,58.15956206441671,-1,1,0,6,1
82,5,-31.6442634388503,-40.52390860455221,7.543743081364602,-29.130689786251,-56.109642580431036,-121.8404379355833,-1,-1,-2,7,0
83,0,148.47814898008744,-73.21090059822224,-6.749152248348976,-119.91926711960835,27.784513725268884,163.60076956424308,1,-2,1,2,0
83,1,148.47814898008744,-73.21090059822224,-6.749152248348976,60.080732880391665,-27.784513725268884,-16.399230435756927,1,0,-1,3,0
83,2,-31.52185101991257,63.66629666242051,-180.76891257656735,39.97875159426946,38.96364351551002,-172.5441232734105,-1,0,-2,4,0
83,3,-31.52185101991257,63.66629666242051,-180.76891257656735,-140.02124840573055,-38.96364351551002,7.455876726589534,-1,-2,0,5,0
83,4,-31.52185101991257,-40.43459798720426,7.551591416160059,150.8722526342455,56.10171014771007,57.82212426415263,-1,1,0,6,1
83,5,-31.52185101991257,-40.43459798720426,7.551591416160059,-29.127747365754505,-56.10171014771007,-122.17787573584738,-1,-1,-2,7,0
84,0,148.59931632937287,-73.26111582051843,-6.802750085836912,-119.92569874089561,27.780403682563843,163.26912979556235,1,-2,1,2,0
84,1,148.59931632937287,-73.26111582051843,-6.802750085836912,60.07430125910438,-27.780403682563843,-16.730870204437654,1,0,-1,3,0
84,2,-31.40068367062716,63.76471250959418,-180.77640680260112,39.96150970832031,38.97097723753852,-172.86283967639,-1,0,-2,4,0
84,3,-31.40068367062716,63.76471250959418,-180.77640680260112,-140.03849029167972,-38.97097723753852,7.137160323610004,-1,-2,0,5,0
84,4,-31.40068367062716,-40.344973585971395,7.5590856421938275,150.87581048684297,56.09409511262985,57.48551424195137,-1,1,0,6,1
84,5,-31.40068367062716,-40.344973585971395,7.5590856421938275,-29.12418951315705,-56.09409511262985,-122.51448575804864,-1,-1,-2,7,0
85,0,148.71925320896997,-73.31109341129718,-6.8567801837604305,-119.93138756137402,27.775605066271535,162.93789709495445,1,-2,1,2,0
85,1,148.71925320896997,-73.31109341129718,-6.8567801837604305,60.06861243862598,-27.775605066271535,-17.062102905045553,1,0,-1,3,0
85,2,-31.280746791030015,63.863024212205715,-180.78354678445874,39.944379007227404,38.97750198978234,-173.1806032837623,-1,0,-2,4,0
85,3,-31.280746791030015,63.863024212205715,-180.78354678445874,-140.0556209927726,-38.97750198978234,6.819396716237705,-1,-2,0,5,0
85,4,-31.280746791030015,-40.25503793429321,7.566225624051448,150.87997570539008,56.08679354259969,57.149724443158604,-1,1,0,6,1
85,5,-31.280746791030015,-40.25503793429321,7.566225624051448,-29.120024294609923,-56.08679354259969,-122.8502755568414,-1,-1,-2,7,0
86,0,148.8379740301332,-73.36083188018257,-6.911241594421088,-119.93633734185939,27.77012521001613,162.6070629877687,1,-2,1,2,0
86,1,148.8379740301332,-73.36083188018257,-6.911241594421088,60.06366265814062,-27.77012521001613,-17.392937012231307,1,0,-1,3,0
86,2,-31.162025969866775,63.96122908707618,-180.7903323996319,39.92736036239401,38.98322528688049,-173.49742640152448,-1,0,-2,4,0
86,3,-31.162025969866775,63.96122908707618,-180.7903323996319,-140.072639637606,-38.98322528688049,6.502573598475537,-1,-2,0,5,0
86,4,-31.162025969866775,-40.16479354735495,7.573011239224618,150.88474034213078,56.07980153292125,56.814747413374775,-1,1,0,6,1
86,5,-31.162025969866775,-40.16479354735495,7.573011239224618,-29.115259657869213,-56.07980153292125,-123.18525258662523,-1,-1,-2,7,0
87,0,148.95549301761523,-73.41032976060029,-6.966133380053158,-119.9405517464521,27.763971349747877,162.27661905805684,1,-2,1,2,0
87,1,148.95549301761523,-73.41032976060029,-6.966133380053158,60.0594482535479,-27.763971349747877,-17.723380941943145,1,0,-1,3,0
87,2,-31.04450698238479,64.05932448511703,-180.7967635383495,39.91045459022118,38.988154552731295,-173.81332113359312,-1,0,-2,4,0
87,3,-31.04450698238479,64.05932448511703,-180.7967635383495,-140.08954540977882,-38.988154552731295,6.186678866406886,-1,-2,0,5,0
87,4,-31.04450698238479,-40.074242922378964,7.5794423779421995,150.89009656604702,56.07311520707364,56.48057579713813,-1,1,0,6,1
87,5,-31.04450698238479,-40.074242922378964,7.5794423779421995,-29.109903433952997,-56.07311520707364,-123.51942420286187,-1,-1,-2,7,0
88,0,149.07182421187207,-73.45958560941237,-7.0214546127013335,-119.94403434303095,27.757150625139875,161.9465569474174,1,-2,1,2,0
88,1,149.07182421187207,-73.45958560941237,-7.0214546127013335,60.05596565696904,-27.757150625139875,-18.05344305258261,1,0,-1,3,0
88,2,-30.92817578812795,64.15730779085314,-180.80284010340986,39.89366245437389,38.9922971215143,-174.1282993855808,-1,0,-2,4,0
88,3,-30.92817578812795,64.15730779085314,-180.80284010340986,-140.10633754562613,-38.9922971215143,5.871700614419222,-1,-2,0,5,0
88,4,-30.92817578812795,-39.983388538909125,7.585518943002587,150.89603666121474,56.06673071697177,56.14720233661305,-1,1,0,6,1
88,5,-30.92817578812795,-39.983388538909125,7.585518943002587,-29.103963338785285,-56.06673071697177,-123.85279766338697,-1,-1,-2,7,0
89,0,149.18698147126443,-73.50859800655816,-7.077204374100178,-119.94678860374634,27.74967008097706,161.61686835383398,1,-2,1,2,0
89,1,149.18698147126443,-73.50859800655816,-7.077204374100178,60.05321139625366,-27.74967008097706,-18.383131646166046,1,0,-1,3,0
89,2,-30.813018528735554,64.25517642195518,-180.8085620100171,39.87698466796555,38.995660238714656,-174.44237286849804,-1,0,-2,4,0
89,3,-30.813018528735554,64.25517642195518,-180.8085620100171,-140.12301533203447,-38.995660238714656,5.557627131501962,-1,-2,0,5,0
89,4,-30.813018528735554,-39.89223285908996,7.591240849609825,150.90255302517392,56.06064424319985,55.81461987028404,-1,1,0,6,1
89,5,-30.813018528735554,-39.89223285908996,7.591240849609825,-29.0974469748261,-56.06064424319985,-124.18538012971595,-1,-1,-2,7,0
90,0,149.3009784742533,-73.55736555470034,-7.133381755557523,-119.94881790551025,27.74153666853542,161.28754503050678,1,-2,1,2,0
90,1,149.3009784742533,-73.55736555470034,-7.133381755557523,60.05118209448975,-27.74153666853542,-18.71245496949324,1,0,-1,3,0
90,2,-30.6990215257467,64.35292782878025,-180.81392918561895,39.86042189566458,38.99825106214842,-174.75555310238394,-1,0,-2,4,0
90,3,-30.6990215257467,64.35292782878025,-180.81392918561895,-140.1395781043354,-38.99825106214842,5.244446897616062,-1,-2,0,5,0
90,4,-30.6990215257467,-39.800778327939405,7.596608025211661,150.90963816731258,56.05485199522125,55.48282133165643,-1,1,0,6,1
90,5,-30.6990215257467,-39.800778327939405,7.596608025211661,-29.090361832687407,-56.05485199522125,-124.51717866834358,-1,-1,-2,7,0
91,0,149.41382872158835,-73.60588687887635,-7.189985857840559,-119.95012553048406,27.732757246952126,160.95857878467933,1,-2,1,2,0
91,1,149.41382872158835,-73.60588687887635,-7.189985857840559,60.04987446951594,-27.732757246952126,-19.041421215320657,1,0,-1,3,0
91,2,-30.58617127841166,64.45055949392109,-180.81894156974747,39.84397475572563,39.000076662988356,-175.0678514198657,-1,0,-2,4,0
91,3,-30.58617127841166,64.45055949392109,-180.81894156974747,-140.1560252442744,-39.000076662988356,4.932148580134319,-1,-2,0,5,0
91,4,-30.58617127841166,-39.70902737361589,7.601620409340162,150.9172847072657,56.04935021156519,55.151799747964375,-1,1,0,6,1
91,5,-30.58617127841166,-39.70902737361589,7.601620409340162,-29.082715292734285,-56.04935021156519,-124.84820025203562,-1,-1,-2,7,0
92,0,149.52554553848898,-73.65416062615472,-7.247015791065464,-119.9507146665626,27.723338584585406,160.62996147645978,1,-2,1,2,0
92,1,149.52554553848898,-73.65416062615472,-7.247015791065464,60.04928533343741,-27.723338584585406,-19.3700385235402,1,0,-1,3,0
92,2,-30.474454461511034,64.54806893176377,-180.82359911386217,39.82764382194794,39.001144026789035,-175.37927896964922,-1,0,-2,4,0
92,3,-30.474454461511034,64.54806893176377,-180.82359911386217,-140.17235617805207,-39.001144026789035,4.620721030350777,-1,-2,0,5,0
92,4,-30.474454461511034,-39.61698240767942,7.6062779534548834,150.925485373329,56.044135159992095,54.8215482388861,-1,1,0,6,1
92,5,-30.474454461511034,-39.61698240767942,7.6062779534548834,-29.07451462667101,-56.044135159992095,-125.17845176111389,-1,-1,-2,7,0
93,0,149.6361420768158,-73.70218546529723,-7.304470674589207,-119.95058840785428,27.713287360364173,160.30168501763862,1,-2,1,2,0
93,1,149.6361420768158,-73.70218546529723,-7.304470674589207,60.049411592145724,-27.713287360364173,-19.698314982361378,1,0,-1,3,0
93,2,-30.363857923184217,64.64545368805369,-180.82790178119586,39.81142962556362,39.00146005451072,-175.68984671994193,-1,0,-2,4,0
93,3,-30.363857923184217,64.64545368805369,-180.82790178119586,-140.18857037443638,-39.00146005451072,4.31015328005808,-1,-2,0,5,0
93,4,-30.363857923184217,-39.524645825347385,7.610580620788588,150.93423300088833,56.039203137637855,54.49206001526796,-1,1,0,6,1
93,5,-30.363857923184217,-39.524645825347385,7.610580620788588,-29.065766999111663,-56.039203137637855,-125.50793998473205,-1,-1,-2,7,0
94,0,149.74563131723207,-73.7499600864254,-7.362349636905171,-119.94974975515687,27.702610165126917,159.97374137050235,1,-2,1,2,0
94,1,149.74563131723207,-73.7499600864254,-7.362349636905171,60.050250244843134,-27.702610165126917,-20.026258629497647,1,0,-1,3,0
94,2,-30.254368682767947,64.74271133946921,-180.83184954660223,39.79533265705849,39.00103156354114,-175.99956546180897,-1,0,-2,4,0
94,3,-30.254368682767947,64.74271133946921,-180.83184954660223,-140.20466734294152,-39.00103156354114,4.000434538191044,-1,-2,0,5,0
94,4,-30.254368682767947,-39.43202000574412,7.614528386194931,150.94352053086507,56.03455047113881,54.16332837785669,-1,1,0,6,1
94,5,-30.254368682767947,-39.43202000574412,7.614528386194931,-29.056479469134928,-56.03455047113881,-125.83667162214331,-1,-1,-2,7,0
95,0,149.85402607135393,-73.79748320069237,-7.420651815541288,-119.94820161642753,27.691313502949182,159.64612254664445,1,-2,1,2,0
95,1,149.85402607135393,-73.79748320069237,-7.420651815541288,60.05179838357248,-27.691313502949182,-20.353877453355548,1,0,-1,3,0
95,2,-30.14597392864608,64.83983949320393,-180.83544239640622,39.77935336792756,38.99986528871433,-176.30844581246473,-1,0,-2,4,0
95,3,-30.14597392864608,64.83983949320393,-180.83544239640622,-140.22064663207243,-38.99986528871433,3.6915541875353064,-1,-2,0,5,0
95,4,-30.14597392864608,-39.33910731214563,7.618121235998923,150.95334100817715,56.03017351673726,53.83534671604144,-1,1,0,6,1
95,5,-30.14597392864608,-39.33910731214563,7.618121235998923,-29.046658991822884,-56.03017351673726,-126.16465328395856,-1,-1,-2,7,0
96,0,149.96133898388848,-73.84475353995963,-7.479376356960978,-119.9459468072479,27.679403792460086,159.31882060577374,1,-2,1,2,0
96,1,149.96133898388848,-73.84475353995963,-7.479376356960978,60.05405319275211,-27.679403792460086,-20.68117939422627,1,0,-1,3,0
96,2,-30.03866101611154,64.93683578655629,-180.83868032825674,39.76349217236797,38.99796788332636,-176.6164982185003,-1,0,-2,4,0
96,3,-30.03866101611154,64.93683578655629,-180.83868032825674,-140.23650782763204,-38.99796788332636,3.3835017814996964,-1,-2,0,5,0
96,4,-30.03866101611154,-39.24591009221842,7.621359167849463,150.96368758021666,56.02606866036979,53.508108506604806,-1,1,0,6,1
96,5,-30.03866101611154,-39.24591009221842,7.621359167849463,-29.036312419783343,-56.02606866036979,-126.49189149339522,-1,-1,-2,7,0
97,0,150.06758253475897,-73.89176985647852,-7.53852241646711,-119.94298805128261,27.66688736814705,158.9918276545206,1,-2,1,2,0
97,1,150.06758253475897,-73.89176985647852,-7.53852241646711,60.05701194871742,-27.66688736814705,-21.0081723454794,1,0,-1,3,0
97,2,-29.932417465241024,65.0336978865271,-180.84156335098146,39.74774944891098,38.99534592014685,-176.92373295904886,-1,0,-2,4,0
97,3,-29.932417465241024,65.0336978865271,-180.84156335098146,-140.25225055108902,-38.99534592014685,3.0762670409511292,-1,-2,0,5,0
97,4,-29.932417465241024,-39.152430678253204,7.624242190574158,150.97455349534422,56.02223231773806,53.18160731248424,-1,1,0,6,1
97,5,-29.932417465241024,-39.152430678253204,7.624242190574158,-29.025446504655783,-56.02223231773806,-126.81839268751578,-1,-1,-2,7,0
98,0,150.17276904121647,-73.93853092257636,-7.598089158108887,-119.93932798073165,27.653770481648326,158.66513584524168,1,-2,1,2,0
98,1,150.17276904121647,-73.93853092257636,-7.598089158108887,60.06067201926836,-27.653770481648326,-21.334864154758332,1,0,-1,3,0
98,2,-29.82723095878355,65.13042348942436,-180.8440914844434,39.73212554199602,38.99200589242585,-177.2301601488898,-1,0,-2,4,0
98,3,-29.82723095878355,65.13042348942436,-180.8440914844434,-140.267874458004,-38.99200589242585,2.7698398511102096,-1,-2,0,5,0
98,4,-29.82723095878355,-39.05867138739316,7.626770324036128,150.98593210139964,56.018660934363254,52.85583678154375,-1,1,0,6,1
98,5,-29.82723095878355,-39.05867138739316,7.626770324036128,-29.01406789860036,-56.018660934363254,-127.14416321845624,-1,-1,-2,7,0
99,0,150.27691065993645,-73.98503553034784,-7.65807575459079,-119.93496913677538,27.640059303033993,158.33873737482332,1,-2,1,2,0
99,1,150.27691065993645,-73.98503553034784,-7.65807575459079,60.06503086322462,-27.640059303033993,-21.66126262517669,1,0,-1,3,0
99,2,-29.72308934006354,65.22701032047618,-180.84626475940087,39.716620763487974,38.98795421489582,-177.53578974149266,-1,0,-2,4,0
99,3,-29.72308934006354,65.22701032047618,-180.84626475940087,-140.28337923651202,-38.98795421489582,2.464210258507334,-1,-2,0,5,0
99,4,-29.72308934006354,-38.96463452185733,7.628943598993595,150.99781684422987,56.01535098562577,52.530790645356134,-1,1,0,6,1
99,5,-29.72308934006354,-38.96463452185733,7.628943598993595,-29.002183155770116,-56.01535098562577,-127.46920935464387,-1,-1,-2,7,0
100,0,150.38001938910108,-74.03128249135003,-7.718481387185263,-119.92991397001242,27.62575992207422,158.0126244834842,1,-2,1,2,0
100,1,150.38001938910108,-74.03128249135003,-7.718481387185263,60.07008602998758,-27.62575992207422,-21.987375516515808,1,0,-1,3,0
100,2,-29.61998061089892,65.32345613345015,-180.84808321736824,39.7012353941407,38.98319722476788,-177.8406315320031,-1,0,-2,4,0
100,3,-29.61998061089892,65.32345613345015,-180.84808321736824,-140.2987646058593,-38.98319722476788,2.1593684679968996,-1,-2,0,5,0
100,4,-29.61998061089892,-38.87032236915871,7.630762056960949,151.01020126623396,56.012298976789545,52.20646271799621,-1,1,0,6,1
100,5,-29.61998061089892,-38.87032236915871,7.630762056960949,-28.989798733766058,-56.012298976789545,-127.79353728200378,-1,-1,-2,7,0
101,0,150.48210707046502,-74.07727063630296,-7.779305245647079,-119.92416484088963,27.610878349495277,157.68678945357746,1,-2,1,2,0
101,1,150.48210707046502,-74.07727063630296,-7.779305245647079,60.075835159110376,-27.610878349495277,-22.31321054642253,1,0,-1,3,0
101,2,-29.517892929534973,65.41975871028042,-180.8495469104794,39.685969685007784,38.97774118272197,-178.14469516017093,-1,0,-2,4,0
101,3,-29.517892929534973,65.41975871028042,-180.8495469104794,-140.3140303149922,-38.97774118272197,1.8553048398290788,-1,-2,0,5,0
101,4,-29.517892929534973,-38.77573720231731,7.6322257500721165,151.023079004925,56.009501443012645,51.8828468948454,-1,1,0,6,1
101,5,-29.517892929534973,-38.77573720231731,7.6322257500721165,-28.97692099507503,-56.009501443012645,-128.11715310515459,-1,-1,-2,7,0
102,0,150.58318539140532,-74.12299881479382,-7.840546528130968,-119.91772402012404,27.5954205182229,157.36122460839286,1,-2,1,2,0
102,1,150.58318539140532,-74.12299881479382,-7.840546528130968,60.082275979875966,-27.5954205182229,-22.63877539160717,1,0,-1,3,0
102,2,-29.4168146085947,65.51591586070167,-180.85065590135346,39.67082385880313,38.97159227389074,-178.44799011322183,-1,0,-2,4,0
102,3,-29.4168146085947,65.51591586070167,-180.85065590135346,-140.32917614119688,-38.97159227389074,1.552009886778188,-1,-2,0,5,0
102,4,-29.4168146085947,-38.680881280068526,7.63333474094619,151.0364437915097,56.00695494934503,51.55993715140753,-1,1,0,6,1
102,5,-29.4168146085947,-38.680881280068526,7.63333474094619,-28.963556208490335,-56.00695494934503,-128.44006284859248,-1,-1,-2,7,0
103,0,150.68326588695413,-74.16846589498594,-7.902204441111707,-119.9105936891161,27.579392284612986,157.03592231095834,1,-2,1,2,0
103,1,150.68326588695413,-74.16846589498594,-7.902204441111707,60.089406310883895,-27.579392284612986,-22.96407768904166,1,0,-1,3,0
103,2,-29.316734113045865,65.61192542189022,-180.85141026296216,39.65579811121278,38.964756608836474,-178.7505257286743,-1,0,-2,4,0
103,3,-29.316734113045865,65.61192542189022,-180.85141026296216,-140.3442018887872,-38.964756608836474,1.2494742713256917,-1,-2,0,5,0
103,4,-29.316734113045865,-38.585756847066605,7.63408910255486,151.050289449485,56.00465609071318,51.23772754213661,-1,1,0,6,1
103,5,-29.316734113045865,-38.585756847066605,7.63408910255486,-28.949710550514993,-56.00465609071318,-128.7622724578634,-1,-1,-2,7,0
104,0,150.78235994181455,-74.213670763332,-7.964278199306579,-119.90277594035453,27.562799429669575,156.71087496284315,1,-2,1,2,0
104,1,150.78235994181455,-74.213670763332,-7.964278199306579,60.097224059645484,-27.562799429669575,-23.289125037156865,1,0,-1,3,0
104,2,-29.217640058185456,65.70778525811124,-180.8518100784989,39.64089261216005,38.957240224520724,-179.05231119710257,-1,0,-2,4,0
104,3,-29.217640058185456,65.70778525811124,-180.8518100784989,-140.35910738783997,-38.957240224520724,0.9476888028974333,-1,-2,0,5,0
104,4,-29.217640058185456,-38.49036613408317,7.634488918091603,151.06460989325248,56.002601491893124,50.91621219927616,-1,1,0,6,1
104,5,-29.217640058185456,-38.49036613408317,7.634488918091603,-28.935390106747533,-56.002601491893124,-129.08378780072385,-1,-1,-2,7,0
105,0,150.88047879235802,-74.25861232429158,-8.026767025600195,-119.89427277781151,27.545647660249795,156.38607500296064,1,-2,1,2,0
105,1,150.88047879235802,-74.25861232429158,-8.026767025600195,60.105727222188484,-27.545647660249795,-23.61392499703937,1,0,-1,3,0
105,2,-29.119521207642002,65.80349326037373,-180.85185544125085,39.626107507025104,38.94904908526667,-179.35335556484625,-1,0,-2,4,0
105,3,-29.119521207642002,65.80349326037373,-180.85185544125085,-140.3738924929749,-38.94904908526667,0.6466444351537609,-1,-2,0,5,0
105,4,-29.119521207642002,-38.394711358201555,7.634534280843573,151.07939912674956,56.000787807472385,50.59538533171093,-1,1,0,6,1
105,5,-29.119521207642002,-38.394711358201555,7.634534280843573,-28.920600873250436,-56.000787807472385,-129.40461466828907,-1,-1,-2,7,0
106,0,150.97763352860403,-74.30328950005236,-8.08967015097252,-119.88508611732888,27.527942610256066,156.0615149063722,1,-2,1,2,0
106,1,150.97763352860403,-74.30328950005236,-8.08967015097252,60.114913882671125,-27.527942610256066,-23.938485093627804,1,0,-1,3,0
106,2,-29.022366471395955,65.89904734609082,-180.85154645447156,39.61144291782144,38.940189083713406,-179.65366773666867,-1,0,-2,4,0
106,3,-29.022366471395955,65.89904734609082,-180.85154645447156,-140.38855708217858,-38.940189083713406,0.34633226333132794,-1,-2,0,5,0
106,4,-29.022366471395955,-38.29879472300607,7.634225294064282,151.0946512420991,55.9992117218008,50.27524122383052,-1,1,0,6,1
106,5,-29.022366471395955,-38.29879472300607,7.634225294064282,-28.9053487579009,-55.9992117218008,-129.7247587761695,-1,-1,-2,7,0
107,0,151.07383509618126,-74.3477012302561,-8.152986814428358,-119.87521778699441,27.509689841815174,155.73718718309252,1,-2,1,2,0
107,1,151.07383509618126,-74.3477012302561,-8.152986814428358,60.1247822130056,-27.509689841815174,-24.262812816907477,1,0,-1,3,0
107,2,-28.926164903818744,65.99444545874745,-180.8508832312565,39.59689894432998,38.9306660417622,-179.95325647836435,-1,0,-2,4,0
107,3,-28.926164903818744,65.99444545874745,-180.8508832312565,-140.40310105567002,-38.9306660417622,0.04674352163565304,-1,-2,0,5,0
107,4,-28.926164903818744,-38.2026184187672,7.633562070849182,151.1103604182756,55.997869948931616,49.95577423440548,-1,1,0,6,1
107,5,-28.926164903818744,-38.2026184187672,7.633562070849182,-28.8896395817244,-55.997869948931616,-130.04422576559452,-1,-1,-2,7,0
108,0,151.1690942982694,-74.39184647172802,-8.216716262930058,-119.86466952750793,27.490894846444405,155.41308437689563,1,-2,1,2,0
108,1,151.1690942982694,-74.39184647172802,-8.216716262930058,60.135330472492065,-27.490894846444405,-24.58691562310436,1,0,-1,3,0
108,2,-28.830905701730593,66.08968556757371,-180.8498658944196,39.58247566519292,38.92048571151447,179.74786958068321,-1,0,1,4,0
108,3,-28.830905701730593,66.08968556757371,-180.8498658944196,-140.4175243348071,-38.92048571151447,-0.2521304193167823,-1,-2,-1,5,0
108,4,-28.830905701730593,-38.1061846226221,7.632544734012305,151.12652091978939,55.996759232552904,49.63697879547588,-1,1,0,6,1
108,5,-28.830905701730593,-38.1061846226221,7.632544734012305,-28.87347908021062,-55.996759232552904,-130.3630212045241,-1,-1,-2,7,0
109,0,151.26342179752237,-74.43572419821042,-8.280857751331915,-119.85344299253788,27.471563046204984,155.08919906412282,1,-2,1,2,0
109,1,151.26342179752237,-74.43572419821042,-8.280857751331915,60.146557007462114,-27.471563046204984,-24.910800935877187,1,0,-1,3,0
109,2,-28.736578202477634,66.18476566722475,-180.84849457637247,39.568173138968426,38.90965377620113,179.4497019449926,-1,0,1,4,0
109,3,-28.736578202477634,66.18476566722475,-180.84849457637247,-140.4318268610316,-38.90965377620113,-0.5502980550074191,-1,-2,-1,5,0
109,4,-28.736578202477634,-38.00949549875108,7.631173415965204,151.1431270953881,55.99587634590998,49.31884941125237,-1,1,0,6,1
109,5,-28.736578202477634,-38.00949549875108,7.631173415965204,-28.856872904611908,-55.99587634590998,-130.68115058874764,-1,-1,-2,7,0
110,0,151.35682811797173,-74.4793334001002,-8.345410542317289,-119.84153974906661,27.451699794841854,154.76552385249164,1,-2,1,2,0
110,1,151.35682811797173,-74.4793334001002,-8.345410542317289,60.15846025093339,-27.451699794841854,-25.234476147508342,1,0,-1,3,0
110,2,-28.643171882028277,66.27968377746645,-180.8467694190046,39.55399140514766,38.89817585110307,179.15223225052267,-1,0,1,4,0
110,3,-28.643171882028277,66.27968377746645,-180.8467694190046,-140.44600859485234,-38.89817585110307,-0.8477677494773452,-1,-2,-1,5,0
110,4,-28.643171882028277,-37.91255319854957,7.629448258597306,151.1601733767755,55.995218091719146,49.00138065702983,-1,1,0,6,1
110,5,-28.643171882028277,-37.91255319854957,7.629448258597306,-28.839826623224496,-55.995218091719146,-130.9986193429702,-1,-1,-2,7,0
111,0,151.44932364691056,-74.52267308418969,-8.410373906338053,-119.82896127772537,27.431310378911068,154.44205137990693,1,-2,1,2,0
111,1,151.44932364691056,-74.52267308418969,-8.410373906338053,60.17103872227465,-27.431310378911068,-25.557948620093075,1,0,-1,3,0
111,2,-28.550676353089433,66.37443794286716,-180.8446905735655,39.53993048513586,38.8860574844627,178.85545226225798,-1,0,1,4,0
111,3,-28.550676353089433,66.37443794286716,-180.8446905735655,-140.46006951486413,-38.8860574844627,-1.1445477377420168,-1,-2,-1,5,0
111,4,-28.550676353089433,-37.81535986079612,7.6273694131581875,151.17765427734776,55.99478130207386,48.68456717811384,-1,1,0,6,1
111,5,-28.550676353089433,-37.81535986079612,7.6273694131581875,-28.82234572265227,-55.99478130207386,-131.31543282188616,-1,-1,-2,7,0
112,0,151.5409186367576,-74.56574227341193,-8.475747121555882,-119.81570897311845,27.41040001889411,154.11877431327332,1,-2,1,2,0
112,1,151.5409186367576,-74.56574227341193,-8.475747121555882,60.18429102688157,-27.41040001889411,-25.881225686726697,1,0,-1,3,0
112,2,-28.459081363242426,66.46902623249524,-180.84225820054868,39.52599038319797,38.87330415838654,178.55935387183965,-1,0,1,4,0
112,3,-28.459081363242426,66.46902623249524,-180.84225820054868,-140.47400961680202,-38.87330415838654,-1.4406461281603549,-1,-2,-1,5,0
112,4,-28.459081363242426,-37.71791761181635,7.6249370401413925,151.19556439094663,55.99456283834271,48.36840368875986,-1,1,0,6,1
112,5,-28.459081363242426,-37.71791761181635,7.6249370401413925,-28.80443560905336,-55.99456283834271,-131.63159631124014,-1,-1,-2,7,0
113,0,151.63162320690097,-74.60854000658894,-8.541529473786078,-119.8017841441361,27.388973870299086,153.79568534730993,1,-2,1,2,0
113,1,151.63162320690097,-74.60854000658894,-8.541529473786078,60.19821585586391,-27.388973870299086,-26.204314652690083,1,0,-1,3,0
113,2,-28.368376793099028,66.56344673962222,-180.83947246957723,39.512171087370916,38.859921289738196,178.26392909524088,-1,0,1,4,0
113,3,-28.368376793099028,66.56344673962222,-180.83947246957723,-140.4878289126291,-38.859921289738196,-1.7360709047591225,-1,-2,-1,5,0
113,4,-28.368376793099028,-37.62022856564272,7.622151309169967,151.21389839063056,55.99455959106077,48.05288497112515,-1,1,0,6,1
113,5,-28.368376793099028,-37.62022856564272,7.622151309169967,-28.786101609369435,-55.99455959106077,-131.94711502887486,-1,-1,-2,7,0
114,0,151.72144734552242,-74.65106533818393,-8.60772025644354,-119.78718801425622,27.36703702474927,153.47277720336658,1,-2,1,2,0
114,1,151.72144734552242,-74.65106533818393,-8.60772025644354,60.21281198574379,-27.36703702474927,-26.527222796633414,1,0,-1,3,0
114,2,-28.278552654477604,66.65769758143172,-180.836333559291,39.49847257034336,38.84591423102203,177.96917007048648,-1,0,1,4,0
114,3,-28.278552654477604,66.65769758143172,-180.836333559291,-140.50152742965665,-38.84591423102203,-2.030829929513529,-1,-2,-1,5,0
114,4,-28.278552654477604,-37.52229482417064,7.619012398883716,151.23265102746203,55.994768479814184,47.738005874233515,-1,1,0,6,1
114,5,-28.278552654477604,-37.52229482417064,7.619012398883716,-28.767348972537977,-55.994768479814184,-132.2619941257665,-1,-1,-2,7,0
115,0,151.81040091140045,-74.69331733805673,-8.674318770490917,-119.77192172183429,27.34459451105889,153.15004262824235,1,-2,1,2,0
115,1,151.81040091140045,-74.69331733805673,-8.674318770490917,60.22807827816573,-27.34459451105889,-26.849957371757665,1,0,-1,3,0
115,2,-28.189599088599547,66.75177689873341,-180.8328416572349,39.48489479030403,38.831288271257485,177.6750690554153,-1,0,1,4,0
115,3,-28.189599088599547,66.75177689873341,-180.8328416572349,-140.51510520969597,-38.831288271257485,-2.324930944584705,-1,-2,-1,5,0
115,4,-28.189599088599547,-37.424118477310486,7.615520496827614,151.2518171293125,55.9951864531181,47.42376131295289,-1,1,0,6,1
115,5,-28.189599088599547,-37.424118477310486,7.615520496827614,-28.748182870687497,-55.9951864531181,-132.57623868704712,-1,-1,-2,7,0
116,0,151.89849363569382,-74.73529509122305,-8.741324324388588,-119.75598632038194,27.321651296295922,152.82747439300576,1,-2,1,2,0
116,1,151.89849363569382,-74.73529509122305,-8.741324324388588,60.24401367961807,-27.321651296295922,-27.17252560699425,1,0,-1,3,0
116,2,-28.101506364306157,66.84568285568298,-180.8289969597497,39.47143769175995,38.816048636843504,177.38161842548467,-1,0,1,4,0
116,3,-28.101506364306157,66.84568285568298,-180.8289969597497,-140.52856230824005,-38.816048636843504,-2.618381574515334,-1,-2,-1,5,0
116,4,-28.101506364306157,-37.32570160313614,7.611675799342413,151.27139159968408,55.99581048828929,47.110146266985865,-1,1,0,6,1
116,5,-28.101506364306157,-37.32570160313614,7.611675799342413,-28.72860840031592,-55.99581048828929,-132.88985373301415,-1,-1,-2,7,0
117,0,151.98573512370402,-74.77699769761676,-8.80873623404698,-119.73938277883389,27.29821228683263,152.50506529181774,1,-2,1,2,0
117,1,151.98573512370402,-74.77699769761676,-8.80873623404698,60.26061722116613,-27.29821228683263,-27.49493470818226,1,0,-1,3,0
117,2,-28.014264876295975,66.93941363950667,-180.8247996718635,39.458101206325516,38.80020049241328,177.08881067161616,-1,0,1,4,0
117,3,-28.014264876295975,66.93941363950667,-180.8247996718635,-140.54189879367448,-38.80020049241328,-2.9111893283838524,-1,-2,-1,5,0
117,4,-28.014264876295975,-37.22704626802963,7.607478511456213,151.2913694165479,55.99663759131266,46.79715577987291,-1,1,0,6,1
117,5,-28.014264876295975,-37.22704626802963,7.607478511456213,-28.70863058345213,-55.99663759131266,-133.20284422012708,-1,-1,-2,7,0
118,0,152.07213485661745,-74.81842427185562,-8.876553822780968,-119.72211198180216,27.274282329383286,152.18280814075572,1,-2,1,2,0
118,1,152.07213485661745,-74.81842427185562,-8.876553822780968,60.27788801819785,-27.274282329383286,-27.817191859244282,1,0,-1,3,0
118,2,-27.927865143382547,67.03296746023142,-180.820250007185,39.4448852534837,38.78374894167939,176.7966383980813,-1,0,1,4,0
118,3,-27.927865143382547,67.03296746023142,-180.820250007185,-140.55511474651632,-38.78374894167939,-3.2033616019187066,-1,-2,-1,5,0
118,4,-27.927865143382547,-37.1281545268222,7.6029288467777,151.31174563119916,55.99766479670311,46.484784958008454,-1,1,0,6,1
118,5,-27.927865143382547,-37.1281545268222,7.6029288467777,-28.688254368800845,-55.99766479670311,-133.51521504199155,-1,-1,-2,7,0
119,0,152.15770219322715,-74.85957394301022,-8.944776421266017,-119.704174729819,27.24986621202947,151.8606957766406,1,-2,1,2,0
119,1,152.15770219322715,-74.85957394301022,-8.944776421266017,60.29582527018099,-27.24986621202947,-28.139304223359403,1,0,-1,3,0
119,2,-27.84229780677287,67.12634255041985,-180.81534818779835,39.4317897413199,38.76669902826884,176.5050943204274,-1,0,1,4,0
119,3,-27.84229780677287,67.12634255041985,-180.81534818779835,-140.56821025868012,-38.76669902826884,-3.4949056795726126,-1,-2,-1,5,0
119,4,-27.84229780677287,-37.029028422931994,7.598027027391057,151.33251536712902,55.998889167362265,46.1730289696698,-1,1,0,6,1
119,5,-27.84229780677287,-37.029028422931994,7.598027027391057,-28.66748463287098,-55.998889167362265,-133.8269710303302,-1,-1,-2,7,0
120,0,152.2424463716337,-74.90044585437617,-9.013403367496583,-119.68557173956701,27.22496866523327,151.53872105586538,1,-2,1,2,0
120,1,152.2424463716337,-74.90044585437617,-9.013403367496583,60.314428260433004,-27.22496866523327,-28.461278944134634,1,0,-1,3,0
120,2,-27.757553628366328,67.21953716491021,-180.81009444415918,39.418814567230186,38.74905573654838,176.2141712634414,-1,0,1,4,0
120,3,-27.757553628366328,67.21953716491021,-180.81009444415918,-140.58118543276981,-38.74905573654838,-3.785828736558614,-1,-2,-1,5,0
120,4,-27.757553628366328,-36.9296699884981,7.592773283751907,151.3536738189123,56.000307794430725,45.86188304405873,-1,1,0,6,1
120,5,-27.757553628366328,-36.9296699884981,7.592773283751907,-28.64632618108769,-56.000307794430725,-134.13811695594129,-1,-1,-2,7,0
121,0,152.32637651092583,-74.94103916324914,-9.082434006746519,-119.6663036440969,27.19959436283787,151.21687685322587,1,-2,1,2,0
121,1,152.32637651092583,-74.94103916324914,-9.082434006746519,60.3336963559031,-27.19959436283787,-28.783123146774145,1,0,-1,3,0
121,2,-27.673623489074203,67.31254958056107,-180.80448901499216,39.405959618603966,38.73082399243974,175.92386215915218,-1,0,1,4,0
121,3,-27.673623489074203,67.31254958056107,-180.80448901499216,-140.59404038139604,-38.73082399243974,-4.07613784084782,-1,-2,-1,5,0
121,4,-27.673623489074203,-36.83008124451124,7.58716785458488,151.3752162511121,56.001917797136294,45.55134247035588,-1,1,0,6,1
121,5,-27.673623489074203,-36.83008124451124,7.58716785458488,-28.6247837488879,-56.001917797136294,-134.44865752964412,-1,-1,-2,7,0
122,0,152.40950161284016,-74.98135304070351,-9.151867691530883,-119.64637099303313,27.17374792305627,150.89515606075378,1,-2,1,2,0
122,1,152.40950161284016,-74.98135304070351,-9.151867691530883,60.35362900696688,-27.17374792305627,-29.104843939246237,1,0,-1,3,0
122,2,-27.590498387159837,67.40537809600082,-180.7985321471898,39.393224773483006,38.71200866422494,175.63416004486956,-1,0,1,4,0
122,3,-27.590498387159837,67.40537809600082,-180.7985321471898,-140.606775226517,-38.71200866422494,-4.365839955130454,-1,-2,-1,5,0
122,4,-27.590498387159837,-36.730264200941285,7.58121098678253,151.39713799719985,56.003716322638105,45.241402596787836,-1,1,0,6,1
122,5,-27.590498387159837,-36.730264200941285,7.58121098678253,-28.602862002800155,-56.003716322638105,-134.75859740321215,-1,-1,-2,7,0
123,0,152.49183056340084,-75.02138667137338,-9.221703781570238,-119.62577425276659,27.147433909448136,150.57355158655147,1,-2,1,2,0
123,1,152.49183056340084,-75.02138667137338,-9.221703781570238,60.37422574723341,-27.147433909448136,-29.42644841344853,1,0,-1,3,0
123,2,-27.508169436599175,67.49802103138184,-180.7922240957129,39.38060990119644,38.69261456334187,175.34505806125995,-1,0,1,4,0
123,3,-27.508169436599175,67.49802103138184,-180.7922240957129,-140.61939009880356,-38.69261456334187,-4.6549419387400786,-1,-2,-1,5,0
123,4,-27.508169436599175,-36.63022085686135,7.574902935305631,151.41943445849208,56.00570054586748,44.93205882970659,-1,1,0,6,1
123,5,-27.508169436599175,-36.63022085686135,7.574902935305631,-28.580565541507944,-56.00570054586748,-135.0679411702934,-1,-1,-2,7,0
124,0,152.573372134538,-75.06113925323679,-9.291941643756642,-119.60451380663429,27.120656831884393,150.25205635362872,1,-2,1,2,0
124,1,152.573372134538,-75.06113925323679,-9.291941643756642,60.39548619336573,-27.120656831884393,-29.747943646371287,1,0,-1,3,0
124,2,-27.426627865462,67.59047672813892,-180.78556512349184,39.36811486297403,38.67264644516939,175.0565494504573,-1,0,1,4,0
124,3,-27.426627865462,67.59047672813892,-180.78556512349184,-140.631885137026,-38.67264644516939,-4.943450549542705,-1,-2,-1,5,0
124,4,-27.426627865462,-36.529953200568784,7.568243963084548,151.4421011031022,56.00786766936493,44.623306632681924,-1,1,0,6,1
124,5,-27.426627865462,-36.529953200568784,7.568243963084548,-28.55789889689778,-56.00786766936493,-135.3766933673181,-1,-1,-2,7,0
125,0,152.65413498568665,-75.10060999740297,-9.362580652121366,-119.58258995508658,27.093421147500447,149.9306632987413,1,-2,1,2,0
125,1,152.65413498568665,-75.10060999740297,-9.362580652121366,60.417410044913424,-27.093421147500447,-30.06933670125867,1,0,-1,3,0
125,2,-27.345865014313365,67.68274354875261,-180.77855550132952,39.355739512537376,38.652109009802956,174.76862755420927,-1,0,1,4,0
125,3,-27.345865014313365,67.68274354875261,-180.77855550132952,-140.64426048746262,-38.652109009802956,-5.231372445790745,-1,-2,-1,5,0
125,4,-27.345865014313365,-36.42946320970302,7.561234340922248,151.46513346490875,56.01021492311476,44.31514152560599,-1,1,0,6,1
125,5,-27.345865014313365,-36.42946320970302,7.561234340922248,-28.53486653509126,-56.01021492311476,-135.68485847439402,-1,-1,-2,7,0
126,0,152.73412766536447,-75.1397981279021,-9.433620187804495,-119.56000291584138,27.06573126163762,149.60936537123186,1,-2,1,2,0
126,1,152.73412766536447,-75.1397981279021,-9.433620187804495,60.43999708415863,-27.06573126163762,-30.390634628768137,1,0,-1,3,0
126,2,-27.26587233463554,67.77481987651619,-180.77119550780543,39.34348369667017,38.631006902819905,174.48128581205714,-1,0,1,4,0
126,3,-27.26587233463554,67.77481987651619,-180.77119550780543,-140.65651630332985,-38.631006902819905,-5.518714187942864,-1,-2,-1,5,0
126,4,-27.26587233463554,-36.32875285136046,7.553874347398138,151.48852714253823,56.01273956437613,44.00755908381037,-1,1,0,6,1
126,5,-27.26587233463554,-36.32875285136046,7.553874347398138,-28.511472857461772,-56.01273956437613,-135.99244091618962,-1,-1,-2,7,0
127,0,152.8133586127298,-75.17870288147812,-9.505059639026157,-119.53675282402516,27.03759152877341,149.28815553187204,1,-2,1,2,0
127,1,152.8133586127298,-75.17870288147812,-9.505059639026157,60.46324717597486,-27.03759152877341,-30.71184446812796,1,0,-1,3,0
127,2,-27.186641387270218,67.8667041153076,-180.76348542918092,39.33134725576863,38.60934471603506,174.1945177595496,-1,0,1,4,0
127,3,-27.186641387270218,67.8667041153076,-180.76348542918092,-140.66865274423137,-38.60934471603506,-5.8054822404504085,-1,-2,-1,5,0
127,4,-27.186641387270218,-36.22782408220631,7.546164268773626,151.51227779836415,56.01543887751222,43.70055493719555,-1,1,0,6,1
127,5,-27.186641387270218,-36.22782408220631,7.546164268773626,-28.48772220163585,-56.01543887751222,-136.29944506280447,-1,-1,-2,7,0
128,0,152.89183615911915,-75.2173235073839,-9.576898401060037,-119.51283973230063,27.00900625344001,148.9670267517063,1,-2,1,2,0
128,1,152.89183615911915,-75.2173235073839,-9.576898401060037,60.48716026769938,-27.00900625344001,-31.032973248293708,1,0,-1,3,0
128,2,-27.108163840880867,67.95839468936504,-180.75542555930568,39.319330024372555,38.58712698824627,173.9083170264887,-1,0,1,4,0
128,3,-27.108163840880867,67.95839468936504,-180.75542555930568,-140.68066997562747,-38.58712698824627,-6.091682973511293,-1,-2,-1,5,0
128,4,-27.108163840880867,-36.12667884858339,7.5381043988983985,151.53638115752057,56.01831017381656,43.39412476937247,-1,1,0,6,1
128,5,-27.108163840880867,-36.12667884858339,7.5381043988983985,-28.463618842479434,-56.01831017381656,-136.60587523062753,-1,-1,-2,7,0
129,0,152.96956852956478,-75.2556592671794,-9.649135876207891,-119.48826361098173,26.979979691132044,148.64597201089796,1,-2,1,2,0
129,1,152.96956852956478,-75.2556592671794,-9.649135876207891,60.51173638901827,-26.979979691132044,-31.354027989102033,1,0,-1,3,0
129,2,-27.030431470435225,68.04989004306675,-180.74701619952552,39.30743183167735,38.56435820597004,173.6226773352087,-1,0,1,4,0
129,3,-27.030431470435225,68.04989004306675,-180.74701619952552,-140.69256816832268,-38.56435820597004,-6.377322664791318,-1,-2,-1,5,0
129,4,-27.030431470435225,-36.0253190866184,7.529695039118223,151.56083300693095,56.021350791337305,43.0882643168164,-1,1,0,6,1
129,5,-27.030431470435225,-36.0253190866184,7.529695039118223,-28.439166993069065,-56.021350791337305,-136.9117356831836,-1,-1,-2,7,0
130,0,153.04656384429234,-75.29370943453223,-9.721771473776432,-119.46302434813458,26.95051604920322,148.32498429757587,1,-2,1,2,0
130,1,153.04656384429234,-75.29370943453223,-9.721771473776432,60.53697565186543,-26.95051604920322,-31.67501570242412,1,0,-1,3,0
130,2,-26.95343615570768,68.14118864071482,-180.73825765859098,39.2956525020285,38.54104280416746,173.33759249888539,-1,0,1,4,0
130,3,-26.95343615570768,68.14118864071482,-180.73825765859098,-140.7043474979715,-38.54104280416746,-6.662407501114607,-1,-2,-1,5,0
130,4,-26.95343615570768,-35.9237467223251,7.520936498183694,151.5856291943516,56.0245580946998,42.782969368032866,-1,1,0,6,1
130,5,-26.95343615570768,-35.9237467223251,7.520936498183694,-28.41437080564838,-56.0245580946998,-137.21703063196713,-1,-1,-2,7,0
131,0,153.12283012019842,-75.33147329502077,-9.7948046100554,-119.43712174966556,26.92061948775206,148.00405660668335,1,-2,1,2,0
131,1,153.12283012019842,-75.33147329502077,-9.7948046100554,60.56287825033446,-26.92061948775206,-31.995943393316676,1,0,-1,3,0
131,2,-26.8771698798016,68.23228896632283,-180.72915025256754,39.28399185539848,38.51718516696012,173.05305641987707,-1,0,1,4,0
131,3,-26.8771698798016,68.23228896632283,-180.72915025256754,-140.71600814460152,-38.51718516696012,-6.946943580122953,-1,-2,-1,5,0
131,4,-26.8771698798016,-35.8219636717049,7.5118290921602515,151.6107656274302,56.02792947492705,42.478235762735366,-1,1,0,6,1
131,5,-26.8771698798016,-35.8219636717049,7.5118290921602515,-28.389234372569828,-56.02792947492705,-137.52176423726465,-1,-1,-2,7,0
132,0,153.19837527230868,-75.36895014593966,-9.868234708297766,-119.41055553939539,26.89029412049706,147.68318193882752,1,-2,1,2,0
132,1,153.19837527230868,-75.36895014593966,-9.868234708297766,60.58944446060461,-26.89029412049706,-32.316818061172484,1,0,-1,3,0
132,2,-26.80162472769133,68.3231895234072,-180.71969430474644,39.27244970784713,38.49278962833659,172.76906308809484,-1,0,1,4,0
132,3,-26.80162472769133,68.3231895234072,-180.71969430474644,-140.7275502921529,-38.49278962833659,-7.23093691190517,-1,-2,-1,5,0
132,4,-26.80162472769133,-35.71997184084474,7.502373144339156,151.6362382727779,56.03146234925904,42.17405939103519,-1,1,0,6,1
132,5,-26.80162472769133,-35.71997184084474,7.502373144339156,-28.363761727222112,-56.03146234925904,-137.8259406089648,-1,-1,-2,7,0
133,0,153.27320711521617,-75.40613929610812,-9.94206119870111,-119.38332535912042,26.859544015641177,147.36235329913083,1,-2,1,2,0
133,1,153.27320711521617,-75.40613929610812,-9.94206119870111,60.616674640879594,-26.859544015641177,-32.63764670086918,1,0,-1,3,0
133,2,-26.726792884783837,68.41388883478237,-180.70989014555695,39.26102587196566,38.467860472848855,172.4856065794032,-1,0,1,4,0
133,3,-26.726792884783837,68.41388883478237,-180.70989014555695,-140.73897412803433,-38.467860472848855,-7.514393420596826,-1,-2,-1,5,0
133,4,-26.726792884783837,-35.61777312601241,7.492568985149646,151.6620431550568,56.035154160970094,41.870436192642885,-1,1,0,6,1
133,5,-26.726792884783837,-35.61777312601241,7.492568985149646,-28.337956844943193,-56.035154160970094,-138.12956380735713,-1,-1,-2,7,0
134,0,153.3473333645003,-75.44304006568012,-10.016283518390953,-119.35543076865926,26.828373196726307,147.04156369608287,1,-2,1,2,0
134,1,153.3473333645003,-75.44304006568012,-10.016283518390953,60.644569231340746,-26.828373196726307,-32.95843630391714,1,0,-1,3,0
134,2,-26.65266663549973,68.50438544235968,-180.6997381124796,39.24972015730557,38.44240193629936,172.20268105404892,-1,0,1,4,0
134,3,-26.65266663549973,68.50438544235968,-180.6997381124796,-140.75027984269443,-38.44240193629936,-7.797318945951101,-1,-2,-1,5,0
134,4,-26.65266663549973,-35.51536941374935,7.4824169520722945,151.68817635608076,56.03900237918587,41.56736215608125,-1,1,0,6,1
134,5,-26.65266663549973,-35.51536941374935,7.4824169520722945,-28.311823643919233,-56.03900237918587,-138.43263784391874,-1,-1,-2,7,0
135,0,153.42076163812638,-75.4796517859572,-10.090901111405698,-119.32687124588647,26.796785643477026,146.72080614039348,1,-2,1,2,0
135,1,153.42076163812638,-75.4796517859572,-10.090901111405698,60.67312875411354,-26.796785643477026,-33.27919385960653,1,0,-1,3,0
135,2,-26.57923836187365,68.59467790694937,-180.68923854996015,39.23853237079242,38.41641820641831,171.92028075511848,-1,0,1,4,0
135,3,-26.57923836187365,68.59467790694937,-180.68923854996015,-140.76146762920757,-38.41641820641831,-8.079719244881515,-1,-2,-1,5,0
135,4,-26.57923836187365,-35.412762580960724,7.471917389552846,151.71463401393024,56.043004498698274,41.264833317910316,-1,1,0,6,1
135,5,-26.57923836187365,-35.412762580960724,7.471917389552846,-28.285365986069746,-56.043004498698274,-138.7351666820897,-1,-1,-2,7,0
136,0,153.4934994578263,-75.5159737992037,-10.16591342868277,-119.29764618675206,26.76478529263474,146.40007364384655,1,-2,1,2,0
136,1,153.4934994578263,-75.5159737992037,-10.16591342868277,60.70235381324795,-26.76478529263474,-33.59992635615344,1,0,-1,3,0
136,2,-26.506500542173736,68.68476480806672,-180.67839180932523,39.22746231712522,38.38991342353173,171.63840000702345,-1,0,1,4,0
136,3,-26.506500542173736,68.68476480806672,-180.67839180932523,-140.7725376828748,-38.38991342353173,-8.361599992976561,-1,-2,-1,5,0
136,4,-26.506500542173736,-35.30995449500355,7.461070648917932,151.74141232208117,56.04715803978038,40.96284576196322,-1,1,0,6,1
136,5,-26.506500542173736,-35.30995449500355,7.461070648917932,-28.258587677918825,-56.04715803978038,-139.03715423803678,-1,-1,-2,7,0
137,0,153.56555425045983,-75.5520054584636,-10.241319928046945,-119.2677549052875,26.732376038782053,146.07935921815488,1,-2,1,2,0
137,1,153.56555425045983,-75.5520054584636,-10.241319928046945,60.73224509471252,-26.732376038782053,-33.920640781845115,1,0,-1,3,0
137,2,-26.434445749540192,68.7746447437409,-180.6671982486982,39.216509799162104,38.362891681219885,171.35703321401246,-1,0,1,4,0
137,3,-26.434445749540192,68.7746447437409,-180.6671982486982,-140.78349020083792,-38.362891681219885,-8.642966785987545,-1,-2,-1,5,0
137,4,-26.434445749540192,-35.20694701377182,7.449877088290914,151.7685075285471,56.05146054800003,40.661395618593815,-1,1,0,6,1
137,5,-26.434445749540192,-35.20694701377182,7.449877088290914,-28.23149247145291,-56.05146054800003,-139.33860438140618,-1,-1,-2,7,0
138,0,153.6369333493574,-75.58774612738029,-10.317120074199652,-119.23719663359728,26.69956173515695,145.75865587381494,1,-2,1,2,0
138,1,153.6369333493574,-75.58774612738029,-10.317120074199652,60.762803366402736,-26.69956173515695,-34.241344126185055,1,0,-1,3,0
138,2,-26.363066650642587,68.86431633032744,-180.65565823291644,39.2056746182926,38.335357026966264,171.0761748587104,-1,0,1,4,0
138,3,-26.363066650642587,68.86431633032744,-180.65565823291644,-140.7943253817074,-38.335357026966264,-8.923825141289612,-1,-2,-1,5,0
138,4,-26.363066650642587,-35.10374198577976,7.438337072509152,151.79591593503483,56.055909594033,40.360479063935436,-1,1,0,6,1
138,5,-26.363066650642587,-35.10374198577976,7.438337072509152,-28.204084064965173,-56.055909594033,-139.63952093606457,-1,-1,-2,7,0
139,0,153.70764399564428,-75.62319518001813,-10.393313338710016,-119.20597052183703,26.6663461944579,145.43795661896263,1,-2,1,2,0
139,1,153.70764399564428,-75.62319518001813,-10.393313338710016,60.79402947816299,-26.6663461944579,-34.56204338103738,1,0,-1,3,0
139,2,-26.29235600435574,68.9537782023243,-180.64377213344974,39.19495657479708,38.307313462797694,170.79581950068328,-1,0,1,4,0
139,3,-26.29235600435574,68.9537782023243,-180.64377213344974,-140.8050434252029,-38.307313462797694,-9.204180499316749,-1,-2,-1,5,0
139,4,-26.29235600435574,-35.00034125024286,7.4264509730424635,151.82363389611334,56.06050277347581,40.06009231917041,-1,1,0,6,1
139,5,-26.29235600435574,-35.00034125024286,7.4264509730424635,-28.17636610388667,-56.06050277347581,-139.9399076808296,-1,-1,-2,7,0
140,0,153.7776933395457,-75.658352000686,-10.469899200007406,-119.17407563817738,26.632733189639715,145.11725445822924,1,-2,1,2,0
140,1,153.7776933395457,-75.658352000686,-10.469899200007406,60.82592436182262,-26.632733189639715,-34.882745541770774,1,0,-1,3,0
140,2,-26.222306660454304,69.04302901219019,-180.63154032831906,39.184355468193985,38.27876494591484,170.51596177502861,-1,0,1,4,0
140,3,-26.222306660454304,69.04302901219019,-180.63154032831906,-140.81564453180602,-38.27876494591484,-9.484038224971377,-1,-2,-1,5,0
140,4,-26.222306660454304,-34.89674663715625,7.414219167911761,151.85165781839547,56.0652377066578,39.76023164981119,-1,1,0,6,1
140,5,-26.222306660454304,-34.89674663715625,7.414219167911761,-28.148342181604523,-56.0652377066578,-140.23976835018883,-1,-1,-2,7,0
141,0,153.84708844167454,-75.69321598376287,-10.546877143375818,-119.14151096875356,26.598726454699605,144.796542391597,1,-2,1,2,0
141,1,153.84708844167454,-75.69321598376287,-10.546877143375818,60.85848903124646,-26.598726454699605,-35.203457608403006,1,0,-1,3,0
141,2,-26.152911558325464,69.13206743016681,-180.61896320201657,39.17387109757497,38.249715389313906,170.23659639099122,-1,0,1,4,0
141,3,-26.152911558325464,69.13206743016681,-180.61896320201657,-140.82612890242504,-38.249715389313906,-9.763403609008783,-1,-2,-1,5,0
141,4,-26.152911558325464,-34.792959967371345,7.4016420416093,151.87998415973274,56.070112038453324,39.46089336499183,-1,1,0,6,1
141,5,-26.152911558325464,-34.792959967371345,7.4016420416093,-28.120015840267254,-56.070112038453324,-140.53910663500818,-1,-1,-2,7,0
142,0,153.9158362743002,-75.72778653352599,-10.62424666094868,-119.10827541760112,26.564329685455153,144.47581341325554,1,-2,1,2,0
142,1,153.9158362743002,-75.72778653352599,-10.62424666094868,60.891724582398886,-26.564329685455153,-35.52418658674448,1,0,-1,3,0
142,2,-26.084163725699792,69.22089214410396,-180.60604114542687,39.163503261928746,38.22016866239912,169.9577181306028,-1,0,1,4,0
142,3,-26.084163725699792,69.22089214410396,-180.60604114542687,-140.83649673807125,-38.22016866239912,-10.042281869397202,-1,-2,-1,5,0
142,4,-26.084163725699792,-34.68898305267018,7.388719985019588,151.90860942842264,56.07512343809369,39.16207381677034,-1,1,0,6,1
142,5,-26.084163725699792,-34.68898305267018,7.388719985019588,-28.09139057157737,-56.07512343809369,-140.83792618322968,-1,-1,-2,7,0
143,0,153.98394372259983,-75.76206306397984,-10.702007251706643,-119.07436780657743,26.52954654031257,144.15506051045725,1,-2,1,2,0
143,1,153.98394372259983,-75.76206306397984,-10.702007251706643,60.925632193422565,-26.52954654031257,-35.84493948954277,1,0,-1,3,0
143,2,-26.016056277400157,69.30950185928704,-180.5927745557482,39.153251760453934,38.190128591586344,169.67932184734602,-1,0,1,4,0
143,3,-26.016056277400157,69.30950185928704,-180.5927745557482,-140.8467482395461,-38.190128591586344,-10.320678152653999,-1,-2,-1,5,0
143,4,-26.016056277400157,-34.5848176958377,7.375453395340919,151.93753018242833,56.08026959897889,38.86376939944183,-1,1,0,6,1
143,5,-26.016056277400157,-34.5848176958377,7.375453395340919,-28.062469817571657,-56.08026959897889,-141.13623060055818,-1,-1,-2,7,0
144,0,154.05141758589178,-75.7960449986883,-10.7801584214753,-119.03978687526877,26.494380641027103,143.83427666237293,1,-2,1,2,0
144,1,154.05141758589178,-75.7960449986883,-10.7801584214753,60.96021312473123,-26.494380641027103,-36.165723337627064,1,0,-1,3,0
144,2,-25.948582414108223,69.39789529826814,-180.5791638364155,39.14311639286113,38.15959896089805,169.40140246484196,-1,0,1,4,0
144,3,-25.948582414108223,69.39789529826814,-180.5791638364155,-140.85688360713885,-38.15959896089805,-10.59859753515804,-1,-2,-1,5,0
144,4,-25.948582414108223,-34.480465690732125,7.361842676008193,151.96674302861103,56.08554823848965,38.56597654886199,-1,1,0,6,1
144,5,-25.948582414108223,-34.480465690732125,7.361842676008193,-28.03325697138898,-56.08554823848965,-141.43402345113802,-1,-1,-2,7,0
145,0,154.11826457885138,-75.82973177060781,-10.858699682925385,-119.00453128088309,26.458835573454394,143.5134548389467,1,-2,1,2,0
145,1,154.11826457885138,-75.82973177060781,-10.858699682925385,60.995468719116914,-26.458835573454394,-36.48654516105329,1,0,-1,3,0
145,2,-25.88173542114863,69.48607120069958,-180.5652093970236,39.133096959665046,38.128583512549284,169.1239549755606,-1,0,1,4,0
145,3,-25.88173542114863,69.48607120069958,-180.5652093970236,-140.86690304033496,-38.128583512549284,-10.87604502443941,-1,-2,-1,5,0
145,4,-25.88173542114863,-34.37592882235324,7.347888236616316,151.99624462197391,56.09095709779951,38.26869174178104,-1,1,0,6,1
145,5,-25.88173542114863,-34.37592882235324,7.347888236616316,-28.00375537802609,-56.09095709779951,-141.73130825821897,-1,-1,-2,7,0
146,0,154.18449133270948,-75.86312282192257,-10.937630555573953,-118.96859959812859,26.422914888293768,143.19258799975017,1,-2,1,2,0
146,1,154.18449133270948,-75.86312282192257,-10.937630555573953,61.03140040187142,-26.422914888293768,-36.80741200024984,1,0,-1,3,0
146,2,-25.81550866729053,69.57402832317028,-180.5509116532517,39.12319326246662,38.097085947525066,168.84697443955346,-1,0,1,4,0
146,3,-25.81550866729053,69.57402832317028,-180.5509116532517,-140.8768067375334,-38.097085947525066,-11.153025560446531,-1,-2,-1,5,0
146,4,-25.81550866729053,-34.271208866908836,7.3335904928444,152.0260316649186,56.09649394168711,37.971911495187825,-1,1,0,6,1
146,5,-25.81550866729053,-34.271208866908836,7.3335904928444,-27.973968335081388,-56.09649394168711,-142.0280885048122,-1,-1,-2,7,0
147,0,154.25010439643367,-75.89621760388154,-11.016950565787043,-118.93199031907781,26.386622101823573,142.8716690928361,1,-2,1,2,0
147,1,154.25010439643367,-75.89621760388154,-11.016950565787043,61.0680096809222,-26.386622101823573,-37.128330907163914,1,0,-1,3,0
147,2,-25.749895603566316,69.66176543904459,-180.53627102678803,39.113405104225826,38.06510992614942,168.57045598320903,-1,0,1,4,0
147,3,-25.749895603566316,69.66176543904459,-180.53627102678803,-140.88659489577418,-38.06510992614942,-11.429544016790983,-1,-2,-1,5,0
147,4,-25.749895603566316,-34.16630759187924,7.318949866380742,152.0561009065129,56.102156558348824,37.67563236566435,-1,1,0,6,1
147,5,-25.749895603566316,-34.16630759187924,7.318949866380742,-27.943899093487104,-56.102156558348824,-142.32436763433566,-1,-1,-2,7,0
148,0,154.31511023789272,-75.92901557663758,-11.096659246783364,-118.89470185301722,26.349960696628333,142.55069105359075,1,-2,1,2,0
148,1,154.31511023789272,-75.92901557663758,-11.096659246783364,61.10529814698278,-26.349960696628333,-37.44930894640927,1,0,-1,3,0
148,2,-25.684889762107293,69.74928133830434,-180.5212879452564,39.10373228952531,38.03265906864566,168.29439479802897,-1,0,1,4,0
148,3,-25.684889762107293,69.74928133830434,-180.5212879452564,-140.8962677104747,-38.03265906864566,-11.705605201971053,-1,-2,-1,5,0
148,4,-25.684889762107293,-34.06122675608022,7.303966784849106,152.08644914177046,56.10794275921211,37.37985094874985,-1,1,0,6,1
148,5,-25.684889762107293,-34.06122675608022,7.303966784849106,-27.913550858229556,-56.10794275921211,-142.62014905125014,-1,-1,-2,7,0
149,0,154.37951524500383,-75.96151620908738,-11.176756138640174,-118.85673252628243,26.312934122318385,142.22964680358535,1,-2,1,2,0
149,1,154.37951524500383,-75.96151620908738,-11.176756138640174,61.143267473717586,-26.312934122318385,-37.77035319641466,1,0,-1,3,0
149,2,-25.620484754996184,69.83657482739275,-180.50596284214205,39.09417462482543,37.99973695568863,168.01878613942614,-1,0,1,4,0
149,3,-25.620484754996184,69.83657482739275,-180.50596284214205,-140.90582537517457,-37.99973695568863,-11.981213860573867,-1,-2,-1,5,0
149,4,-25.620484754996184,-33.955968109723685,7.288641681734762,152.11707321094164,56.11385037874866,37.084563878315265,-1,1,0,6,1
149,5,-25.620484754996184,-33.955968109723685,7.288641681734762,-27.882926789058352,-56.11385037874866,-142.91543612168476,-1,-1,-2,7,0
150,0,154.44332572686372,-75.99371897871383,-11.257240788299791,-118.81808058207838,26.27554579624151,141.9085292494259,1,-2,1,2,0
150,1,154.44332572686372,-75.99371897871383,-11.257240788299791,61.181919417921634,-26.27554579624151,-38.09147075057411,1,0,-1,3,0
150,2,-25.55667427313629,69.92364472906115,-180.49029615671952,39.08473191871075,37.966347128948456,167.74362532554306,-1,0,1,4,0
150,3,-25.55667427313629,69.92364472906115,-180.49029615671952,-140.91526808128927,-37.966347128948456,-12.256374674456953,-1,-2,-1,5,0
150,4,-25.55667427313629,-33.850533394477104,7.2729749963122465,152.14796999881594,56.11987727428884,36.78976782594713,-1,1,0,6,1
150,5,-25.55667427313629,-33.850533394477104,7.2729749963122465,-27.85203000118408,-56.11987727428884,-143.2102321740529,-1,-1,-2,7,0
151,0,154.50654791486303,-76.02562337142999,-11.338112749577386,-118.77874418028581,26.237799104187854,141.5873312816021,1,-2,1,2,0
151,1,154.50654791486303,-76.02562337142999,-11.338112749577386,61.22125581971419,-26.237799104187854,-38.41266871839792,1,0,-1,3,0
151,2,-25.493452085136973,70.01048988221838,-180.4742883339807,39.075403982128606,37.9324930916262,167.46890773609067,-1,0,1,4,0
151,3,-25.493452085136973,70.01048988221838,-180.4742883339807,-140.9245960178714,-37.9324930916262,-12.531092263909333,-1,-2,-1,5,0
151,4,-25.493452085136973,-33.74492434352107,7.256967173573398,152.179136434035,56.126021325836255,36.495459500341305,-1,1,0,6,1
151,5,-25.493452085136973,-33.74492434352107,7.256967173573398,-27.82086356596501,-56.126021325836255,-143.5045404996587,-1,-1,-2,7,0
152,0,154.56918796378463,-76.05722888142397,-11.419371583170939,-118.73872139725215,26.199697401086958,141.26604577333364,1,-2,1,2,0
152,1,154.56918796378463,-76.05722888142397,-11.419371583170939,61.261278602747865,-26.199697401086958,-38.733954226666356,1,0,-1,3,0
152,2,-25.43081203621538,70.09710914178203,-180.4579398245634,39.066190628619786,37.89817830898164,167.1946288112071,-1,0,1,4,0
152,3,-25.43081203621538,70.09710914178203,-180.4579398245634,-140.93380937138022,-37.89817830898164,-12.805371188792918,-1,-2,-1,5,0
152,4,-25.43081203621538,-33.63914268160504,7.24061866415612,152.2105694884171,56.132280435883246,36.201635646706144,-1,1,0,6,1
152,5,-25.43081203621538,-33.63914268160504,7.24061866415612,-27.78943051158293,-56.132280435883246,-143.79836435329386,-1,-1,-2,7,0
153,0,154.6312519528858,-76.08853501100633,-11.501016856671352,-118.69801022556818,26.1612440116981,140.94466557941584,1,-2,1,2,0
153,1,154.6312519528858,-76.08853501100633,-11.501016856671352,61.301989774431824,-26.1612440116981,-39.05533442058416,1,0,-1,3,0
153,2,-25.368748047114202,70.18350137853261,-180.4412510846814,39.05709167454192,37.86340620885284,166.92078405033587,-1,0,1,4,0
153,3,-25.368748047114202,70.18350137853261,-180.4412510846814,-140.9429083254581,-37.86340620885284,-13.079215949664153,-1,-2,-1,5,0
153,4,-25.368748047114202,-33.533190125101804,7.223929924274091,152.24226617629188,56.13865252922707,35.90829304617504,-1,1,0,6,1
153,5,-25.368748047114202,-33.533190125101804,7.223929924274091,-27.75773382370812,-56.13865252922707,-144.09170695382497,-1,-1,-2,7,0
154,0,154.69274588696476,-76.11954127045792,-11.583048144575077,-118.65660857383007,26.1224422312937,140.6231835350622,1,-2,1,2,0
154,1,154.69274588696476,-76.11954127045792,-11.583048144575077,61.34339142616994,-26.1224422312937,-39.376816464937825,1,0,-1,3,0
154,2,-25.307254113035246,70.26966547896947,-180.42422257605406,39.04810693928562,37.82818018216796,166.64736901112292,-1,0,1,4,0
154,3,-25.307254113035246,70.26966547896947,-180.42422257605406,-140.95189306071438,-37.82818018216796,-13.352630988877074,-1,-2,-1,5,0
154,4,-25.307254113035246,-33.42706838206013,7.206901415646784,152.2742235538461,56.14513555278669,35.61542851522846,-1,1,0,6,1
154,5,-25.307254113035246,-33.42706838206013,7.206901415646784,-27.725776446153905,-56.14513555278669,-144.38457148477156,-1,-1,-2,7,0
155,0,154.7536756974114,-76.15024717788017,-11.665465028296907,-118.61451426638618,26.08329532633598,140.3015924547454,1,-2,1,2,0
155,1,154.7536756974114,-76.15024717788017,-11.665465028296907,61.38548573361383,-26.08329532633598,-39.69840754525461,1,0,-1,3,0
155,2,-25.2463243025886,70.35560034516926,-180.40685476583792,39.03923624548368,37.792503583449594,166.374379308333,-1,0,1,4,0
155,3,-25.2463243025886,70.35560034516926,-180.40685476583792,-140.9607637545163,-37.792503583449594,-13.625620691666992,-1,-2,-1,5,0
155,4,-25.2463243025886,-33.320779152256065,7.189533605430643,152.30643871847937,56.15172747542072,35.323038905124804,-1,1,0,6,1
155,5,-25.2463243025886,-33.320779152256065,7.189533605430643,-27.69356128152063,-56.15172747542072,-144.6769610948752,-1,-1,-2,7,0
156,0,154.81404724324275,-76.18065225904606,-11.74826709618516,-118.57172504306932,26.043806535147166,139.97988513103567,1,-2,1,2,0
156,1,154.81404724324275,-76.18065225904606,-11.74826709618516,61.42827495693069,-26.043806535147166,-40.020114868964335,1,0,-1,3,0
156,2,-25.185952756757246,70.44130489464645,-180.3891481265577,39.030479419213854,37.75637973131085,166.10181061278348,-1,0,1,4,0
156,3,-25.185952756757246,70.44130489464645,-180.3891481265577,-140.96952058078614,-37.75637973131085,-13.898189387216531,-1,-2,-1,5,0
156,4,-25.185952756757246,-33.21432412724254,7.171826966150408,152.3389088081705,56.158426287746074,35.03112110134068,-1,1,0,6,1
156,5,-25.185952756757246,-33.21432412724254,7.171826966150408,-27.66109119182952,-56.158426287746074,-144.9688788986593,-1,-1,-2,7,0
157,0,154.87386631212314,-76.21075604725323,-11.831453943536896,-118.52823855891423,26.00397906857341,139.65805433343684,1,-2,1,2,0
157,1,154.87386631212314,-76.21075604725323,-11.831453943536896,61.47176144108577,-26.00397906857341,-40.34194566656316,1,0,-1,3,0
157,2,-25.126133687876855,70.526778060216,-180.37110313603895,39.02183629019513,37.71981190894466,165.8296586502967,-1,0,1,4,0
157,3,-25.126133687876855,70.526778060216,-180.37110313603895,-140.97816370980487,-37.71981190894466,-14.170341349703317,-1,-2,-1,5,0
157,4,-25.126133687876855,-33.10770499039779,7.153781975631657,152.37163100085365,56.16523000195762,34.73967202301972,-1,1,0,6,1
157,5,-25.126133687876855,-33.10770499039779,7.153781975631657,-27.628368999146346,-56.16523000195762,-145.26032797698028,-1,-1,-2,7,0
158,0,154.93313862136927,-76.24055808317756,-11.91502517261572,-118.48405238385982,25.963816110642213,139.3360928072194,1,-2,1,2,0
158,1,154.93313862136927,-76.24055808317756,-11.91502517261572,61.51594761614019,-25.963816110642213,-40.66390719278061,1,0,-1,3,0
158,2,-25.06686137863073,70.61201878985794,-180.3527202773407,39.01330669197802,37.68280336460493,165.55791920066974,-1,0,1,4,0
158,3,-25.06686137863073,70.61201878985794,-180.3527202773407,-140.98669330802198,-37.68280336460493,-14.442080799330265,-1,-2,-1,5,0
158,4,-25.06686137863073,-33.00092341697219,7.135399116933416,152.40460251380475,56.1721366516486,34.44868862243058,-1,1,0,6,1
158,5,-25.06686137863073,-33.00092341697219,7.135399116933416,-27.595397486195246,-56.1721366516486,-145.55131137756942,-1,-1,-2,7,0
159,0,154.99186981894061,-76.27005791472885,-11.99898039266985,-118.43916400243675,25.923320819214467,139.0139932722508,1,-2,1,2,0
159,1,154.99186981894061,-76.27005791472885,-11.99898039266985,61.560835997563245,-25.923320819214467,-40.98600672774922,1,0,-1,3,0
159,2,-25.00813018105941,70.69702604658428,-180.3340000386891,39.004890462129026,37.64535731208086,165.2865880966613,-1,0,1,4,0
159,3,-25.00813018105941,70.69702604658428,-180.3340000386891,-140.99510953787097,-37.64535731208086,-14.713411903338713,-1,-2,-1,5,0
159,4,-25.00813018105941,-32.8939810741338,7.116678878281834,152.43782060303727,56.17914429163245,34.15816788443338,-1,1,0,6,1
159,5,-25.00813018105941,-32.8939810741338,7.116678878281834,-27.56217939696275,-56.17914429163245,-145.84183211556663,-1,-1,-2,7,0
160,0,155.05006548441494,-76.29925509690752,-12.083319219951882,-118.39357081343964,25.88249632662995,138.69174842182267,1,-2,1,2,0
160,1,155.05006548441494,-76.29925509690752,-12.083319219951882,61.606429186560355,-25.88249632662995,-41.308251578177355,1,0,-1,3,0
160,2,-24.949934515585053,70.78179880830764,-180.31494291341167,38.996587442409435,37.60747693116379,165.01566122299542,-1,0,1,4,0
160,3,-24.949934515585053,70.78179880830764,-180.31494291341167,-141.00341255759056,-37.60747693116379,-14.9843387770046,-1,-2,-1,5,0
160,4,-24.949934515585053,-32.78687962101255,7.097621753004386,152.47128256270793,56.186250997765455,33.86810682595461,-1,1,0,6,1
160,5,-24.949934515585053,-32.78687962101255,7.097621753004386,-27.52871743729208,-56.186250997765455,-146.1318931740454,-1,-1,-2,7,0
161,0,155.1077311299498,-76.32814919166238,-12.168041277739832,-118.34727012958474,25.84134574034781,138.36935092147468,1,-2,1,2,0
161,1,155.1077311299498,-76.32814919166238,-12.168041277739832,61.65272987041526,-25.84134574034781,-41.630649078525344,1,0,-1,3,0
161,2,-24.89226887005019,70.86633606771167,-180.29554939987167,38.98839747894873,37.56916536810699,164.74513451538175,-1,0,1,4,0
161,3,-24.89226887005019,70.86633606771167,-180.29554939987167,-141.01160252105126,-37.56916536810699,-15.25486548461827,-1,-2,-1,5,0
161,4,-24.89226887005019,-32.679620708743144,7.078228239464372,152.50498572453176,56.19345486677028,33.57850249547085,-1,1,0,6,1
161,5,-24.89226887005019,-32.679620708743144,7.078228239464372,-27.49501427546823,-56.19345486677028,-146.42149750452916,-1,-1,-2,7,0
162,0,155.16487220122923,-76.35673976775007,-12.25314619635912,-118.30025917715189,25.79987214358128,138.04679340781522,1,-2,1,2,0
162,1,155.16487220122923,-76.35673976775007,-12.25314619635912,61.69974082284813,-25.79987214358128,-41.953206592184806,1,0,-1,3,0
162,2,-24.83512779877077,70.95063683212378,-180.2758200014037,38.98032042241314,37.53042573607827,164.47500395955194,-1,0,1,4,0
162,3,-24.83512779877077,70.95063683212378,-180.2758200014037,-141.01967957758686,-37.53042573607827,-15.524996040448073,-1,-2,-1,5,0
162,4,-24.83512779877077,-32.572205980506666,7.058498840996425,152.53892745720657,56.200754016061126,33.2893519725005,-1,1,0,6,1
162,5,-24.83512779877077,-32.572205980506666,7.058498840996425,-27.461072542793424,-56.200754016061126,-146.7106480274995,-1,-1,-2,7,0
163,0,155.22149407839677,-76.38502640059524,-12.338633613206115,-118.25253509561192,25.75807859592699,137.7240684873382,1,-2,1,2,0
163,1,155.22149407839677,-76.38502640059524,-12.338633613206115,61.747464904388075,-25.75807859592699,-42.27593151266181,1,0,-1,3,0
163,2,-24.778505921603227,71.03470012338934,-180.2557552262498,38.97235612816873,37.49126111560607,164.20526559031202,-1,0,1,4,0
163,3,-24.778505921603227,71.03470012338934,-180.2557552262498,-141.0276438718313,-37.49126111560607,-15.79473440968799,-1,-2,-1,5,0
163,4,-24.778505921603227,-32.46463707157115,7.038434065842502,152.57310516584636,56.208146583569516,33.00065236710386,-1,1,0,6,1
163,5,-24.778505921603227,-32.46463707157115,7.038434065842502,-27.42689483415367,-56.208146583569516,-146.99934763289613,-1,-1,-2,7,0
164,0,155.27760207697457,-76.4130086721521,-12.424503172772884,-118.20409493723841,25.71596813398952,137.40116873523604,1,-2,1,2,0
164,1,155.27760207697457,-76.4130086721521,-12.424503172772884,61.795905062761605,-25.71596813398952,-42.598831264763966,1,0,-1,3,0
164,2,-24.722397923025422,71.1185249777477,-180.23535558749532,38.96450445644042,37.45167455501798,163.93591549060977,-1,0,1,4,0
164,3,-24.722397923025422,71.1185249777477,-180.23535558749532,-141.03549554355956,-37.45167455501798,-16.06408450939022,-1,-2,-1,5,0
164,4,-24.722397923025422,-32.356915609330564,7.018034427088029,152.6075162914238,56.21563072757153,32.7124008193913,-1,1,0,6,1
164,5,-24.722397923025422,-32.356915609330564,7.018034427088029,-27.392483708576215,-56.21563072757153,-147.2875991806087,-1,-1,-2,7,0
165,0,155.3332014487687,-76.4406861707673,-12.510754526672823,-118.15493566670455,25.67354377200059,137.07808669420908,1,-2,1,2,0
165,1,155.3332014487687,-76.4406861707673,-12.510754526672823,61.84506433329548,-25.67354377200059,-42.92191330579092,1,0,-1,3,0
165,2,-24.666798551231313,71.20211044571015,-180.2146216030066,38.95676527246593,37.41166907087335,163.66694979061796,-1,0,1,4,0
165,3,-24.666798551231313,71.20211044571015,-180.2146216030066,-141.04323472753407,-37.41166907087335,-16.333050209382034,-1,-2,-1,5,0
165,4,-24.666798551231313,-32.2490432133431,6.997300442599325,152.642158310222,56.22320462651627,32.42459449903929,-1,1,0,6,1
165,5,-24.666798551231313,-32.2490432133431,6.997300442599325,-27.357841689778024,-56.22320462651627,-147.57540550096073,-1,-1,-2,7,0
166,0,155.38829738276095,-76.46805849104359,-12.597387333667852,-118.10505416066441,25.63080850243388,136.75481487327025,1,-2,1,2,0
166,1,155.38829738276095,-76.46805849104359,-12.597387333667852,61.894945839335584,-25.63080850243388,-43.24518512672974,1,0,-1,3,0
166,2,-24.61170261723904,71.2854555919393,-180.19355379536836,38.949138446645705,37.371247648388795,163.3983646668319,-1,0,1,4,0
166,3,-24.61170261723904,71.2854555919393,-180.19355379536836,-141.0508615533543,-37.371247648388795,-16.6016353331681,-1,-2,-1,5,0
166,4,-24.61170261723904,-32.14102149536809,6.976232634961073,152.67702873329426,56.23086647885533,32.13723060481451,-1,1,0,6,1
166,5,-24.61170261723904,-32.14102149536809,6.976232634961073,-27.322971266705743,-56.23086647885533,-147.8627693951855,-1,-1,-2,7,0
167,0,155.44289500598768,-76.49512523370454,-12.684401259696944,-118.05444720731958,25.58776529661479,136.43134574654616,1,-2,1,2,0
167,1,155.44289500598768,-76.49512523370454,-12.684401259696944,61.94555279268042,-25.58776529661479,-43.56865425345387,1,0,-1,3,0
167,2,-24.55710499401233,71.36855949513034,-180.17215269182145,38.9416238546887,37.33041324185714,163.13015634118176,-1,0,1,4,0
167,3,-24.55710499401233,71.36855949513034,-180.17215269182145,-141.0583761453113,-37.33041324185714,-16.86984365881827,-1,-2,-1,5,0
167,4,-24.55710499401233,-32.03285205940174,6.954831531414174,152.7121251059331,56.238614502873574,31.85030636410575,-1,1,0,6,1
167,5,-24.55710499401233,-32.03285205940174,6.954831531414174,-27.287874894066913,-56.238614502873574,-148.14969363589427,-1,-1,-2,7,0
168,0,155.49699938440494,-76.52188600546093,-12.771795977905134,-118.00311150596949,25.54441710532638,136.10767175207275,1,-2,1,2,0
168,1,155.49699938440494,-76.52188600546093,-12.771795977905134,61.996888494030514,-25.54441710532638,-43.89232824792725,1,0,-1,3,0
168,2,-24.503000615595067,71.4514212478939,-180.15041882420218,38.934221377754064,37.28916877506006,162.86232108015895,-1,0,1,4,0
168,3,-24.503000615595067,71.4514212478939,-180.15041882420218,-141.06577862224597,-37.28916877506006,-17.13767891984106,-1,-2,-1,5,0
168,4,-24.503000615595067,-31.924536501712065,6.9330976637949036,152.74744500714723,56.2464469365214,31.563819032462963,-1,1,0,6,1
168,5,-24.503000615595067,-31.924536501712065,6.9330976637949036,-27.25255499285279,-56.2464469365214,-148.43618096753704,-1,-1,-2,7,0
169,0,155.55061552374133,-76.54834041887712,-12.85957116867478,-117.95104366654724,25.500766859410312,135.78378529058747,1,-2,1,2,0
169,1,155.55061552374133,-76.54834041887712,-12.85957116867478,62.048956333452765,-25.500766859410312,-44.21621470941254,1,0,-1,3,0
169,2,-24.44938447625868,71.53403995664017,-180.12835272888094,38.92693090258921,37.24751714167453,162.59485519395705,-1,0,1,4,0
169,3,-24.44938447625868,71.53403995664017,-180.12835272888094,-141.0730690974108,-37.24751714167453,-17.405144806042955,-1,-2,-1,5,0
169,4,-24.44938447625868,-31.8160764108726,6.911031568473647,152.7829860491471,56.25436203724784,31.277765893144547,-1,1,0,6,1
169,5,-24.44938447625868,-31.8160764108726,6.911031568473647,-27.21701395085292,-56.25436203724784,-148.72223410685547,-1,-1,-2,7,0
170,0,155.60374837033754,-76.57448809223926,-12.9477265196573,-117.89824020913939,25.45681747036433,135.45967872431544,1,-2,1,2,0
170,1,155.60374837033754,-76.57448809223926,-12.9477265196573,62.10175979086061,-25.45681747036433,-44.54032127568456,1,0,-1,3,0
170,2,-24.39625162966246,71.61641474146504,-180.10595494670207,38.91975232166426,37.205461205672634,162.32775503562544,-1,0,1,4,0
170,3,-24.39625162966246,71.61641474146504,-180.10595494670207,-141.08024767833575,-37.205461205672634,-17.67224496437455,-1,-2,-1,5,0
170,4,-24.39625162966246,-31.707473367795192,6.8886337862948,152.8187458768385,56.262358081835266,30.992144256671715,-1,1,0,6,1
170,5,-24.39625162966246,-31.707473367795192,6.8886337862948,-27.1812541231615,-56.262358081835266,-149.0078557433283,-1,-1,-2,7,0
171,0,155.65640281197383,-76.6003286494242,-13.036261725806158,-117.84469756349105,25.412571830935523,135.1353443757516,1,-2,1,2,0
171,1,155.65640281197383,-76.6003286494242,-13.036261725806158,62.15530243650894,-25.412571830935523,-44.86465562424841,1,0,-1,3,0
171,2,-24.343597188026177,71.69854473603752,-180.0832260229243,38.912685533302835,37.16300380171563,162.0610170002372,-1,0,1,4,0
171,3,-24.343597188026177,71.69854473603752,-180.0832260229243,-141.0873144666972,-37.16300380171563,-17.938982999762818,-1,-2,-1,5,0
171,4,-24.343597188026177,-31.598728945761795,6.865904862517009,152.85472216732435,56.270433366235416,30.70695146038998,-1,1,0,6,1
171,5,-24.343597188026177,-31.598728945761795,6.865904862517009,-27.145277832675642,-56.270433366235416,-149.29304853961003,-1,-1,-2,7,0
172,0,155.7085836786846,-76.62586171976912,-13.125176489411512,-117.79041206849446,25.36803281570976,134.8107745264369,1,-2,1,2,0
172,1,155.7085836786846,-76.62586171976912,-13.125176489411512,62.20958793150553,-25.36803281570976,-45.18922547356313,1,0,-1,3,0
172,2,-24.2914163213154,71.78042908748839,-180.06016650716097,38.905730441810014,37.120147735541664,161.79463752406943,-1,0,1,4,0
172,3,-24.2914163213154,71.78042908748839,-180.06016650716097,-141.09426955819,-37.120147735541664,-18.20536247593057,-1,-2,-1,5,0
172,4,-24.2914163213154,-31.48984471045536,6.842845346753689,152.8909126294141,56.27858620540639,30.422184868038322,-1,1,0,6,1
172,5,-24.2914163213154,-31.48984471045536,6.842845346753689,-27.109087370585932,-56.27858620540639,-149.5778151319617,-1,-1,-2,7,0
173,0,155.7602957435613,-76.65108693794237,-13.214470520135533,-117.73537997166319,25.323203281697925,134.48596141572972,1,-2,1,2,0
173,1,155.7602957435613,-76.65108693794237,-13.214470520135533,62.2646200283368,-25.323203281697925,-45.51403858427031,1,0,-1,3,0
173,2,-24.23970425643872,71.86206695630057,-180.03677695332144,38.89888695759675,37.07689578434761,161.52861308379696,-1,0,1,4,0
173,3,-24.23970425643872,71.86206695630057,-180.03677695332144,-141.10111304240326,-37.07689578434761,-18.471386916203056,-1,-2,-1,5,0
173,4,-24.23970425643872,-31.380822219989682,6.819455792914162,152.92731500314096,56.28681493315126,30.137841869325204,-1,1,0,6,1
173,5,-24.23970425643872,-31.380822219989682,6.819455792914162,-27.07268499685903,-56.28681493315126,-149.8621581306748,-1,-1,-2,7,0
174,0,155.8115437235428,-76.67600394381492,-13.304143535049331,-117.67959742858986,25.27808606891825,134.1608972395715,1,-2,1,2,0
174,1,155.8115437235428,-76.67600394381492,-13.304143535049331,62.32040257141015,-25.27808606891825,-45.83910276042849,1,0,-1,3,0
174,2,-24.188456276457206,71.94345751620105,-180.01305791955286,38.89215499730153,37.03325069716524,161.2629401956981,-1,0,1,4,0
174,3,-24.188456276457206,71.94345751620105,-180.01305791955286,-141.1078450026985,-37.03325069716524,-18.737059804301904,-1,-2,-1,5,0
174,4,-24.188456276457206,-31.271663024938594,6.795736759145584,152.96392705928727,56.29511790195799,29.85391987951144,-1,1,0,6,1
174,5,-24.188456276457206,-31.271663024938594,6.795736759145584,-27.036072940712735,-56.29511790195799,-150.14608012048856,-1,-1,-2,7,0
175,0,155.86233228019438,-76.70061238233299,-13.394195258670642,-117.623060502389,25.23268400097577,133.83557414924718,1,-2,1,2,0
175,1,155.86233228019438,-76.70061238233299,-13.394195258670642,62.376939497611005,-25.23268400097577,-46.164425850752835,1,0,-1,3,0
175,2,-24.137667719805627,-31.162368668364152,6.771688807774787,153.00074659891655,56.303493482840544,29.570416339000353,-1,1,0,6,1
175,3,-24.137667719805627,-31.162368668364152,6.771688807774787,-26.999253401083433,-56.303493482840544,-150.42958366099964,-1,-1,-2,7,0
176,0,155.91266602047463,-76.72491190339093,-13.484625423003436,-117.56576516312387,25.186999885638546,133.50998425013884,1,-2,1,2,0
176,1,155.91266602047463,-76.72491190339093,-13.484625423003436,62.43423483687613,-25.186999885638546,-46.490015749861165,1,0,-1,3,0
176,2,-24.08733397952538,-31.05294068584389,6.74731250525073,153.0377714529136,56.31194006518122,29.287328712934503,-1,1,0,6,1
176,3,-24.08733397952538,-31.05294068584389,6.74731250525073,-26.962228547086422,-56.31194006518122,-150.71267128706552,-1,-1,-2,7,0
177,0,155.9625494974911,-76.74890216170569,-13.575433767577767,-117.50770728721788,25.14103651541108,133.18411960047462,1,-2,1,2,0
177,1,155.9625494974911,-76.74890216170569,-13.575433767577767,62.492292712782124,-25.14103651541108,-46.815880399525405,1,0,-1,3,0
177,2,-24.037450502508918,-30.94338060549756,6.722608422087994,153.07499948153142,56.32045605657495,29.004654490799055,-1,1,0,6,1
177,3,-24.037450502508918,-30.94338060549756,6.722608422087994,-26.925000518468586,-56.32045605657495,-150.99534550920097,-1,-1,-2,7,0
178,0,156.01198721124447,-76.77258281669108,-13.666620039491821,-117.4488826568505,25.094796668104927,132.85797221007067,1,-2,1,2,0
178,1,156.01198721124447,-76.77258281669108,-13.666620039491821,62.5511173431495,-25.094796668104927,-47.14202778992933,1,0,-1,3,0
178,2,-23.988012788755537,-30.833689948012754,6.697577132809636,153.1124285739457,56.329039882673904,28.722391186031892,-1,1,0,6,1
178,3,-23.988012788755537,-30.833689948012754,6.697577132809636,-26.887571426054297,-56.329039882673904,-151.27760881396813,-1,-1,-2,7,0
179,0,156.06098360936173,-76.79595353233374,-13.758183993454331,-117.38928695933714,25.048283107406647,132.53153403906728,1,-2,1,2,0
179,1,156.06098360936173,-76.79595353233374,-13.758183993454331,62.610713040662866,-25.048283107406647,-47.46846596093274,1,0,-1,3,0
179,2,-23.939016390638304,-30.723870226670087,6.672219215891462,153.15005664781594,56.337689987034416,28.44053633564021,-1,1,0,6,1
179,3,-23.939016390638304,-30.723870226670087,6.672219215891462,-26.84994335218406,-56.337689987034416,-151.55946366435978,-1,-1,-2,7,0
180,0,156.10954308781803,-76.81901397706936,-13.850125391828593,-117.32891578649374,25.001498583443666,132.2047969966582,1,-2,1,2,0
180,1,156.10954308781803,-76.81901397706936,-13.850125391828593,62.671084213506276,-25.001498583443666,-47.79520300334182,1,0,-1,3,0
180,2,-23.890456912181985,-30.613922947367488,6.646535253706425,153.18788164885373,56.34640483096478,28.15908749982337,-1,1,0,6,1
180,3,-23.890456912181985,-30.613922947367488,6.646535253706425,-26.8121183511463,-56.34640483096478,-151.84091250017664,-1,-1,-2,7,0
181,0,156.1576699916481,-76.8417638236592,-13.942444004677911,-117.26776463398554,24.954445833347553,131.87775293981397,1,-2,1,2,0
181,1,156.1576699916481,-76.8417638236592,-13.942444004677911,62.73223536601448,-24.954445833347553,-48.122247060186034,1,0,-1,3,0
181,2,-23.84233000835192,-30.503849608643616,6.620525832468944,153.22590155039748,56.35518289337438,27.878042261602328,-1,1,0,6,1
181,3,-23.84233000835192,-30.503849608643616,6.620525832468944,-26.77409844960251,-56.35518289337438,-152.1219577383977,-1,-1,-2,7,0
182,0,156.2053686156466,-76.86420274906806,-14.035139609811802,-117.20582890066007,24.907127581815427,131.55039367199825,1,-2,1,2,0
182,1,156.2053686156466,-76.86420274906806,-14.035139609811802,62.79417109933996,-24.907127581815427,-48.449606328001764,1,0,-1,3,0
182,2,-23.79463138435341,-30.393651701701042,6.594191542180369,153.26411435299445,56.36402267062419,27.5973982264551,-1,1,0,6,1
182,3,-23.79463138435341,-30.393651701701042,6.594191542180369,-26.73588564700553,-56.36402267062419,-152.40260177354492,-1,-1,-2,7,0
183,0,156.25264320505826,-76.88633043434237,-14.128211992833597,-117.14310388786484,24.85954654166949,131.22271094187727,1,-2,1,2,0
183,1,156.25264320505826,-76.88633043434237,-14.128211992833597,62.85689611213516,-24.85954654166949,-48.777289058122754,1,0,-1,3,0
183,2,-23.747356794941748,-30.283330710428373,6.567532976574564,153.30251808398867,56.372922676378835,27.31715302195822,-1,1,0,6,1
183,3,-23.747356794941748,-30.283330710428373,6.567532976574564,-26.697481916011338,-56.372922676378835,-152.6828469780418,-1,-1,-2,7,0
184,0,156.29949795625745,-76.90814656448896,-14.221660947189399,-117.07958479874885,24.81170541441484,130.8946964420227,1,-2,1,2,0
184,1,156.29949795625745,-76.90814656448896,-14.221660947189399,62.92041520125115,-24.81170541441484,-49.1053035579773,1,0,-1,3,0
184,2,-23.700502043742567,-30.17288811142179,6.540550733063669,153.34111079711553,56.381881441459704,27.03730429743457,-1,1,0,6,1
184,3,-23.700502043742567,-30.17288811142179,6.540550733063669,-26.658889202884456,-56.381881441459704,-152.96269570256544,-1,-1,-2,7,0
185,0,156.34593701741755,-76.92965082835458,-14.315486274218134,-117.01526673754847,24.763606890795405,130.56634180760707,1,-2,1,2,0
185,1,156.34593701741755,-76.92965082835458,-14.315486274218134,62.98473326245152,-24.763606890795405,-49.433658192392926,1,0,-1,3,0
185,2,-23.654062982582452,-30.062325374006203,6.5132454126845705,153.37989057210308,56.39089751369955,26.75784972360689,-1,1,0,6,1
185,3,-23.654062982582452,-30.062325374006203,6.5132454126845705,-26.62010942789691,-56.39089751369955,-153.24215027639312,-1,-1,-2,7,0
186,0,156.39196448917053,-76.95084291850586,-14.409687783202648,-116.95014470885843,24.715253651349112,130.23763861509266,1,-2,1,2,0
186,1,156.39196448917053,-76.95084291850586,-14.409687783202648,63.04985529114158,-24.715253651349112,-49.76236138490733,1,0,-1,3,0
186,2,-23.608035510829474,-29.95164396025564,6.485617620045765,153.41885551427896,56.39996945779839,26.47878699225711,-1,1,0,6,1
186,3,-23.608035510829474,-29.95164396025564,6.485617620045765,-26.581144485721044,-56.39996945779839,-153.5212130077429,-1,-1,-2,7,0
187,0,156.43758442525623,-76.97172253110962,-14.504265291422662,-116.8842136168857,24.666648366961258,129.90857838091216,1,-2,1,2,0
187,1,156.43758442525623,-76.97172253110962,-14.504265291422662,63.11578638311431,-24.666648366961258,-50.09142161908783,1,0,-1,3,0
187,2,-23.56241557474377,-29.84084532501297,6.4576679632742,153.4580037541838,56.409095855180695,26.200113815891694,-1,1,0,6,1
187,3,-23.56241557474377,-29.84084532501297,6.4576679632742,-26.5419962458162,-56.409095855180695,-153.79988618410832,-1,-1,-2,7,0
188,0,156.48280083316226,-76.99228936581419,-14.599218624208156,-116.81746826468923,24.617793699417078,129.57915256014311,1,-2,1,2,0
188,1,156.48280083316226,-76.99228936581419,-14.599218624208156,63.18253173531079,-24.617793699417078,-50.4208474398569,1,0,-1,3,0
188,2,-23.517199166837727,-29.729930915909286,6.429397053963025,153.49733344719084,56.41827530385399,25.92182792741241,-1,1,0,6,1
188,3,-23.517199166837727,-29.729930915909286,6.429397053963025,-26.502666552809185,-56.41827530385399,-154.0781720725876,-1,-1,-2,7,0
189,0,156.52761767475403,-77.01254312563076,-14.694547614994558,-116.74990335340307,24.568692301953412,129.24935254517393,1,-2,1,2,0
189,1,156.52761767475403,-77.01254312563076,-14.694547614994558,63.25009664659693,-24.568692301953412,-50.750647454826094,1,0,-1,3,0
189,2,-23.47238232524597,-29.618902173382672,6.400805507119466,153.53684277313084,56.42750641826863,25.64392707979268,-1,1,0,6,1
189,3,-23.47238232524597,-29.618902173382672,6.400805507119466,-26.463157226869175,-56.42750641826863,-154.3560729202073,-1,-1,-2,7,0
190,0,156.57203886689547,-77.03248351681522,-14.790252105379203,-116.6815134814442,24.519346819809712,128.91916966436293,1,-2,1,2,0
190,1,156.57203886689547,-77.03248351681522,-14.790252105379203,63.3184865185558,-24.519346819809712,-51.08083033563709,1,0,-1,3,0
190,2,-23.42796113310455,-29.507760530696313,6.371893941112836,153.5765299359235,56.43678782917902,25.36640904575966,-1,1,0,6,1
190,3,-23.42796113310455,-29.507760530696313,6.371893941112836,-26.423470064076486,-56.43678782917902,-154.63359095424033,-1,-1,-2,7,0
191,0,156.61606828206038,-77.05211024875086,-14.886331945178544,-116.61229314370492,24.4697598907783,128.58859518068974,1,-2,1,2,0
191,1,156.61606828206038,-77.05211024875086,-14.886331945178544,63.387706856295075,-24.4697598907783,-51.41140481931026,1,0,-1,3,0
191,2,-23.383931717939614,-29.396507413956382,6.342662977623366,153.61639316321433,56.446118183506044,25.089271617481504,-1,1,0,6,1
191,3,-23.383931717939614,-29.396507413956382,6.342662977623366,-26.383606836785685,-56.446118183506044,-154.9107283825185,-1,-1,-2,7,0
192,0,156.65970974893474,-77.07142303383097,-14.982786992487322,-116.54223673072947,24.4199341457545,128.25762029039856,1,-2,1,2,0
192,1,156.65970974893474,-77.07142303383097,-14.982786992487322,63.45776326927052,-24.4199341457545,-51.742379709601444,1,0,-1,3,0
192,2,-23.340290251065245,-29.28514424212926,6.313113241591192,153.6564307060168,56.45549614420092,24.81251260625996,-1,1,0,6,1
192,3,-23.340290251065245,-29.28514424212926,6.313113241591192,-26.343569293983215,-56.45549614420092,-155.18748739374004,-1,-1,-2,7,0
193,0,156.7029670530098,-77.09042158734218,-15.079617113738296,-116.47133852787573,24.369872209286477,127.92623612163447,1,-2,1,2,0
193,1,156.7029670530098,-77.09042158734218,-15.079617113738296,63.52866147212429,-24.369872209286477,-52.07376387836553,1,0,-1,3,0
193,2,-23.297032946990214,-29.173672427058314,6.283245361165465,153.6966408383607,56.46492039011001,24.536129842228465,-1,1,0,6,1
193,3,-23.297032946990214,-29.173672427058314,6.283245361165465,-26.303359161639293,-56.46492039011001,-155.46387015777154,-1,-1,-2,7,0
194,0,156.74584393716637,-77.10910562734786,-15.176822183764239,-116.39959271446021,24.319576700124816,127.5944337330707,1,-2,1,2,0
194,1,156.74584393716637,-77.10910562734786,-15.176822183764239,63.60040728553979,-24.319576700124816,-52.40556626692931,1,0,-1,3,0
194,2,-23.25415606283365,-29.062093373480266,6.253059967654128,153.73702185694546,56.474389615841424,24.260121174055005,-1,1,0,6,1
194,3,-23.25415606283365,-29.062093373480266,6.253059967654128,-26.262978143054546,-56.474389615841424,-155.739878825945,-1,-1,-2,7,0
195,0,156.7883441022504,-77.12747487457237,-15.274402085859874,-116.32699336288964,24.269050231772628,127.26220411252959,1,-2,1,2,0
195,1,156.7883441022504,-77.12747487457237,-15.274402085859874,63.67300663711037,-24.269050231772628,-52.73779588747041,1,0,-1,3,0
195,2,-23.211655897749615,-28.950408479041243,6.222557695474028,153.77757208079882,56.483902531632395,23.984484468650518,-1,1,0,6,1
195,3,-23.211655897749615,-28.950408479041243,6.222557695474028,-26.222427919201163,-56.483902531632395,-156.01551553134948,-1,-1,-2,7,0
196,0,156.83047120763996,-77.14552905228491,-15.37235671184673,-116.25353443777523,24.21829541303556,126.92953817559417,1,-2,1,2,0
196,1,156.83047120763996,-77.14552905228491,-15.37235671184673,63.74646556222478,-24.21829541303556,-53.07046182440583,1,0,-1,3,0
196,2,-23.169528792360037,-28.838619134312168,6.191739182100975,153.81828985094117,56.49345786321817,23.709217610881833,-1,1,0,6,1
196,3,-23.169528792360037,-28.838619134312168,6.191739182100975,-26.18171014905884,-56.49345786321817,-156.2907823891182,-1,-1,-2,7,0
197,0,156.87222887180366,-77.16326788618449,-15.470685962137663,-116.17920979503356,24.167314848572676,126.59642676421305,1,-2,1,2,0
197,1,156.87222887180366,-77.16326788618449,-15.470685962137663,63.820790204966436,-24.167314848572676,-53.40357323578696,1,0,-1,3,0
197,2,-23.12777112819633,-28.726726722804052,6.160605068020762,153.85917353005442,56.503054351702204,23.434318503289933,-1,1,0,6,1
197,3,-23.12777112819633,-28.726726722804052,6.160605068020762,-26.140826469945566,-56.503054351702204,-156.56568149671008,-1,-1,-2,7,0
198,0,156.91362067285078,-77.18069110428442,-15.56938974580414,-116.10401318097088,24.116111139447604,126.26286064529643,1,-2,1,2,0
198,1,156.91362067285078,-77.18069110428442,-15.56938974580414,63.895986819029126,-24.116111139447604,-53.73713935470359,1,0,-1,3,0
198,2,-23.08637932714924,-28.614732620982675,6.129155996679827,153.90022150215665,56.51269075342735,23.159785065812844,-1,1,0,6,1
198,3,-23.08637932714924,-28.614732620982675,6.129155996679827,-26.099778497843353,-56.51269075342735,-156.84021493418717,-1,-1,-2,7,0
199,0,156.954650149073,-77.1977984367976,-15.668467980643968,-116.02793823135322,24.064686883680746,125.92883050930465,1,-2,1,2,0
199,1,156.954650149073,-77.1977984367976,-15.668467980643968,63.972061768646796,-24.064686883680746,-54.07116949069536,1,0,-1,3,0
199,2,-23.045349850926996,-28.502638198283154,6.097392614436857,153.9414321722811,56.522365839848455,22.8856152355134,-1,1,0,6,1
199,3,-23.045349850926996,-28.502638198283154,6.097392614436857,-26.058567827718885,-56.522365839848455,-157.1143847644866,-1,-1,-2,7,0
200,0,156.99532079947852,-77.21458961602161,-15.767920593250846,-115.95097847046158,24.01304467680224,125.59432696882895,1,-2,1,2,0
200,1,156.99532079947852,-77.21458961602161,-15.767920593250846,64.04902152953845,-24.01304467680224,-54.40567303117107,1,0,-1,3,0
200,2,-23.00467920052149,-28.390444817123814,6.065315570514225,153.98280396616062,56.532078397406195,22.61180696631155,-1,1,0,6,1
200,3,-23.00467920052149,-28.390444817123814,6.065315570514225,-26.017196033839397,-56.532078397406195,-157.38819303368845,-1,-1,-2,7,0
201,0,157.03563608431756,-77.23106437622457,-15.867747519084793,-115.873127310132,23.96118711240665,125.2593405571639,1,-2,1,2,0
201,1,157.03563608431756,-77.23106437622457,-15.867747519084793,64.126872689868,-23.96118711240665,-54.74065944283611,1,0,-1,3,0
201,2,-22.96436391568245,-28.27815383292023,6.032925516950169,154.02433532991648,56.541827227402,22.33835822872162,-1,1,0,6,1
201,3,-22.96436391568245,-28.27815383292023,6.032925516950169,-25.975664670083543,-56.541827227402,-157.6616417712784,-1,-1,-2,7,0
202,0,157.07559942560056,-77.24722245353047,-15.967948702544714,-115.79437804878124,23.909116782708015,124.92386172687212,1,-2,1,2,0
202,1,157.07559942560056,-77.24722245353047,-15.967948702544714,64.20562195121876,-23.909116782708015,-55.07613827312789,1,0,-1,3,0
202,2,-22.924400574399442,-28.16576659409834,6.000223108550705,154.06602472975234,56.55161114587424,22.065267009593764,-1,1,0,6,1
202,3,-22.924400574399442,-28.16576659409834,6.000223108550705,-25.933975270247686,-56.55161114587424,-157.93473299040625,-1,-1,-2,7,0
203,0,157.11521420760837,-77.26306358580536,-16.06852409704158,-115.71472387041774,23.856836279097315,124.58788084834116,1,-2,1,2,0
203,1,157.11521420760837,-77.26306358580536,-16.06852409704158,64.28527612958226,-23.856836279097315,-55.41211915165884,1,0,-1,3,0
203,2,-22.88478579239163,-28.053284442108005,5.967209002842777,154.10787065165258,56.561428983475636,21.792531311860095,-1,1,0,6,1
203,3,-22.88478579239163,-28.053284442108005,5.967209002842777,-25.89212934834742,-56.561428983475636,-158.20746868813993,-1,-1,-2,7,0
204,0,157.15448377739492,-77.27858751254298,-16.16947366507363,-115.6341578436387,23.804348192701283,124.25138820833303,1,-2,1,2,0
204,1,157.15448377739492,-77.27858751254298,-16.16947366507363,64.3658421563613,-23.804348192701283,-55.748611791666974,1,0,-1,3,0
204,2,-22.84551622260507,-27.9407087114355,5.9338838600264845,154.1498716010854,56.57127958535166,21.520149154285292,-1,1,0,6,1
204,3,-22.84551622260507,-27.9407087114355,5.9338838600264845,-25.8501283989146,-56.57127958535166,-158.4798508457147,-1,-1,-2,7,0
205,0,157.1934114452825,-77.2937939747512,-16.27079737830256,-115.55267292061257,23.75165511494283,123.91437400852523,1,-2,1,2,0
205,1,157.1934114452825,-77.2937939747512,-16.27079737830256,64.44732707938745,-23.75165511494283,-56.085625991474764,1,0,-1,3,0
205,2,-22.806588554717532,-27.828040729616372,5.900248342928825,154.19202610271032,56.581161811020415,21.248118571221287,-1,1,0,6,1
205,3,-22.806588554717532,-27.828040729616372,5.900248342928825,-25.807973897289703,-56.581161811020415,-158.75188142877872,-1,-1,-2,7,0
206,0,157.23200048534935,-77.30868271483818,-16.372495217631354,-115.47026193604748,23.698759638104008,123.57682836404489,1,-2,1,2,0
206,1,157.23200048534935,-77.30868271483818,-16.372495217631354,64.52973806395252,-23.698759638104008,-56.423171635955114,1,0,-1,3,0
206,2,-22.76799951465067,-27.71528181724766,5.86630311695686,154.23433270009005,56.59107453425339,20.976437612366556,-1,1,0,6,1
206,3,-22.76799951465067,-27.71528181724766,5.86630311695686,-25.765667299909953,-56.59107453425339,-159.02356238763346,-1,-1,-2,7,0
207,0,157.27025413591053,-77.3232534764984,-16.474567173283823,-115.3869176061465,23.645664355890652,123.23874130199489,1,-2,1,2,0
207,1,157.27025413591053,-77.3232534764984,-16.474567173283823,64.6130823938535,-23.645664355890652,-56.76125869800513,1,0,-1,3,0
207,2,-22.729745864089463,-27.602433288000125,5.832048850051702,154.27678995540708,56.60101664295745,20.70510434252935,-1,1,0,6,1
207,3,-22.729745864089463,-27.602433288000125,5.832048850051702,-25.723210044592935,-56.60101664295745,-159.29489565747065,-1,-1,-2,7,0
208,0,157.30817559999127,-77.33750600459926,-16.577013244884988,-115.30263252754884,23.592371863999762,122.9001027599733,1,-2,1,2,0
208,1,157.30817559999127,-77.33750600459926,-16.577013244884988,64.69736747245116,-23.592371863999762,-57.09989724002671,1,0,-1,3,0
208,2,-22.69182440000872,-27.489496448629968,5.797486212642343,154.319396449184,56.610987039057854,20.434116841395312,-1,1,0,6,1
208,3,-22.69182440000872,-27.489496448629968,5.797486212642343,-25.680603550816002,-56.610987039057854,-159.5658831586047,-1,-1,-2,7,0
209,0,157.34576804579325,-77.35144004506736,-16.679833441543558,-115.21739917625787,23.538884760689488,122.5609025845848,1,-2,1,2,0
209,1,157.34576804579325,-77.35144004506736,-16.679833441543558,64.78260082374213,-23.538884760689488,-57.439097415415205,1,0,-1,3,0
209,2,-22.654231954206736,-27.376472598990613,5.762615877600292,154.36215078000856,56.620984638382765,20.163473203298878,-1,1,0,6,1
209,3,-22.654231954206736,-27.376472598990613,5.762615877600292,-25.637849219991445,-56.620984638382765,-159.83652679670112,-1,-1,-2,7,0
210,0,157.38303460715431,-77.36505534477469,-16.783027781935772,-115.13120990655611,23.48520564735146,122.22113052994564,1,-2,1,2,0
210,1,157.38303460715431,-77.36505534477469,-16.783027781935772,64.86879009344392,-23.48520564735146,-57.77886947005435,1,0,-1,3,0
210,2,-22.616965392845692,-27.26336303204416,5.727438520194128,154.40505156426252,56.63100837054829,19.893171536998896,-1,1,0,6,1
210,3,-22.616965392845692,-27.26336303204416,5.727438520194128,-25.594948435737475,-56.63100837054829,-160.10682846300114,-1,-1,-2,7,0
211,0,157.419978384001,-77.37835165142502,-16.88659629439068,-115.04405694990739,23.431337129086458,121.8807762561815,1,-2,1,2,0
211,1,157.419978384001,-77.37835165142502,-16.88659629439068,64.95594305009261,-23.431337129086458,-58.1192237438185,1,0,-1,3,0
211,2,-22.580021615999005,-27.150169033872512,5.691954818044203,154.44809743585472,56.64105717884493,19.623209965458262,-1,1,0,6,1
211,3,-22.580021615999005,-27.150169033872512,5.691954818044203,-25.551902564145287,-56.64105717884493,-160.37679003454176,-1,-1,-2,7,0
212,0,157.4566024427947,-77.39132871344046,-16.990539016976637,-114.9559324138469,23.3772818152831,121.53982932791878,1,-2,1,2,0
212,1,157.4566024427947,-77.39132871344046,-16.990539016976637,65.0440675861531,-23.3772818152831,-58.46017067208122,1,0,-1,3,0
212,2,-22.543397557205314,-27.036891883688725,5.656165451078438,154.49128704595813,56.651130020125365,19.353586625627187,-1,1,0,6,1
212,3,-22.543397557205314,-27.036891883688725,5.656165451078438,-25.50871295404187,-56.651130020125365,-160.6464133743728,-1,-1,-2,7,0
213,0,157.49290981697098,-77.40398627984715,-17.094855997590344,-114.86682828085846,23.323042320199484,121.19827921276948,1,-2,1,2,0
213,1,157.49290981697098,-77.40398627984715,-17.094855997590344,65.13317171914154,-23.323042320199484,-58.80172078723053,1,0,-1,3,0
213,2,-22.50709018302905,-26.923532853847576,5.620071101487089,154.53461906275086,56.661225864692604,19.084299668230496,-1,1,0,6,1
213,3,-22.50709018302905,-26.923532853847576,5.620071101487089,-25.465380937249144,-56.661225864692604,-160.91570033176953,-1,-1,-2,7,0
214,0,157.5289035073725,-77.41632410016167,-17.199547294046575,-114.77673640724034,23.268621263548916,120.85611527980963,1,-2,1,2,0
214,1,157.5289035073725,-77.41632410016167,-17.199547294046575,65.22326359275966,-23.268621263548916,-59.14388472019038,1,0,-1,3,0
214,2,-22.471096492627503,-26.81009320985658,5.583672453679004,154.57809217116096,56.671343696189886,18.81534725755862,-1,1,0,6,1
214,3,-22.471096492627503,-26.81009320985658,5.583672453679004,-25.421907828839053,-56.671343696189886,-161.1846527424414,-1,-1,-2,7,0
215,0,157.5645864826757,-77.42834192427712,-17.30461297416979,-114.68564852195964,23.21402127108854,120.51332679805225,1,-2,1,2,0
215,1,157.5645864826757,-77.42834192427712,-17.30461297416979,65.31435147804035,-23.21402127108854,-59.48667320194777,1,0,-1,3,0
215,2,-22.435413517324314,-26.696574210386533,5.546970194237675,154.62170507261516,56.68148251149131,18.54672757126231,-1,1,0,6,1
215,3,-22.435413517324314,-26.696574210386533,5.546970194237675,-25.378294927384847,-56.68148251149131,-161.4532724287377,-1,-1,-2,7,0
216,0,157.59996167981083,-77.44003950234875,-17.410053115887447,-114.59355622549556,23.159244975212545,120.1699029349146,1,-2,1,2,0
216,1,157.59996167981083,-77.44003950234875,-17.410053115887447,65.40644377450445,-23.159244975212545,-59.83009706508539,1,0,-1,3,0
216,2,-22.40003832018918,-26.58297710728187,5.509965011877196,154.6654564847912,56.69164132059335,18.278438800150937,-1,1,0,6,1
216,3,-22.40003832018918,-26.58297710728187,5.509965011877196,-25.334543515208807,-56.69164132059335,-161.72156119984908,-1,-1,-2,7,0
217,0,157.6350320043762,-77.45141658467976,-17.515867807325108,-114.50045098867187,23.10429501554892,119.82583275467991,1,-2,1,2,0
217,1,157.6350320043762,-77.45141658467976,-17.515867807325108,65.49954901132813,-23.10429501554892,-60.174167245320085,1,0,-1,3,0
217,2,-22.36496799562381,-26.46930314557111,5.472657597399164,154.70934514137397,56.70181914650773,18.010479147994488,-1,1,0,6,1
217,3,-22.36496799562381,-26.46930314557111,5.472657597399164,-25.29065485862604,-56.70181914650773,-161.9895208520055,-1,-1,-2,7,0
218,0,157.66980033104605,-77.4624729216068,-17.62205714690292,-114.40632415147928,23.04917403956033,119.48110521695443,1,-2,1,2,0
218,1,157.66980033104605,-77.4624729216068,-17.62205714690292,65.59367584852072,-23.04917403956033,-60.51889478304557,1,0,-1,3,0
218,2,-22.33019966895394,-26.35555356347703,5.435048643649447,154.75336979181523,56.71201502515511,17.74284683132896,-1,1,0,6,1
218,3,-22.33019966895394,-26.35555356347703,5.435048643649447,-25.246630208184776,-56.71201502515511,-162.25715316867104,-1,-1,-2,7,0
219,0,157.70426950397265,-77.47320826338513,-17.728621243434194,-114.311166921888,22.993884703150073,119.13570917511984,1,-2,1,2,0
219,1,157.70426950397265,-77.47320826338513,-17.728621243434194,65.68883307811201,-22.993884703150073,-60.864290824880165,1,0,-1,3,0
219,2,-22.29573049602735,-26.241729592426744,5.397138845475167,154.79752920109678,56.72222800525964,17.47554007926539,-1,1,0,6,1
219,3,-22.29573049602735,-26.241729592426744,5.397138845475167,-25.20247079890321,-56.72222800525964,-162.5244599207346,-1,-1,-2,7,0
220,0,157.73844233718222,-77.48362236007382,-17.835560216225215,-114.21497037465117,22.938429671271546,118.7896333747819,1,-2,1,2,0
220,1,157.73844233718222,-77.48362236007382,-17.835560216225215,65.78502962534883,-22.938429671271546,-61.210366625218114,1,0,-1,3,0
220,2,-22.261557662817793,-26.12783245706169,5.3589288996821685,154.8418221494974,56.73245714824482,17.208557133302126,-1,1,0,6,1
220,3,-22.261557662817793,-26.12783245706169,5.3589288996821685,-25.158177850502607,-56.73245714824482,-162.79144286669788,-1,-1,-2,7,0
221,0,157.7723216149653,-77.49371496142048,-17.942874195177307,-114.11772545009939,22.882811618543588,118.44286645221483,1,-2,1,2,0
221,1,157.7723216149653,-77.49371496142048,-17.942874195177307,65.88227454990061,-22.882811618543588,-61.55713354778518,1,0,-1,3,0
221,2,-22.22767838503469,-26.013863375247677,5.320419504992686,154.88624743236284,56.74270152812999,16.9418962471406,-1,1,0,6,1
221,3,-22.22767838503469,-26.013863375247677,5.320419504992686,-25.11375256763718,-56.74270152812999,-163.05810375285938,-1,-1,-2,7,0
222,0,157.80591009226143,-77.50348581674567,-18.050563320890507,-114.01942295292713,22.827033229870057,118.0953969328031,1,-2,1,2,0
222,1,157.80591009226143,-77.50348581674567,-18.050563320890507,65.98057704707287,-22.827033229870057,-61.9046030671969,1,0,-1,3,0
222,2,-22.19408990773859,-25.899823558084506,5.281611362003139,154.93080385987955,56.752960231428034,16.675555686504286,-1,1,0,6,1
222,3,-22.19408990773859,-25.899823558084506,5.281611362003139,-25.069196140120468,-56.752960231428034,-163.32444431349572,-1,-1,-2,7,0
223,0,157.83921049503775,-77.51293467482715,-18.158627744768907,-113.92005355097167,22.77109720106471,117.74721322948035,1,-2,1,2,0
223,1,157.83921049503775,-77.51293467482715,-18.158627744768907,66.07994644902833,-22.77109720106471,-62.25278677051964,1,0,-1,3,0
223,2,-22.160789504962256,-25.785714209915913,5.2425051731422885,154.97549025685154,56.763232357043826,16.409533728961126,-1,1,0,6,1
223,3,-22.160789504962256,-25.785714209915913,5.2425051731422885,-25.02450974314844,-56.763232357043826,-163.5904662710389,-1,-1,-2,7,0
224,0,157.8722255206628,-77.5220612837838,-18.267067629128107,-113.8196077739847,22.715006239481593,117.39830364116591,1,-2,1,2,0
224,1,157.8722255206628,-77.5220612837838,-18.267067629128107,66.18039222601531,-22.715006239481593,-62.60169635883408,1,0,-1,3,0
224,2,-22.127774479337216,-25.67153652833907,5.203101642629651,155.0203054624808,56.773517016173756,16.14382866374881,-1,1,0,6,1
224,3,-22.127774479337216,-25.67153652833907,5.203101642629651,-24.979694537519205,-56.773517016173756,-163.8561713362512,-1,-1,-2,7,0
225,0,157.90495783827413,-77.53086539095888,-18.375883147304297,-113.7180760123985,22.65876306465082,117.04865635120062,1,-2,1,2,0
225,1,157.90495783827413,-77.53086539095888,-18.375883147304297,66.2819239876015,-22.65876306465082,-62.9513436487994,1,0,-1,3,0
225,2,-22.095042161725875,-25.557291704214393,5.163401476434108,155.06524833015024,56.783813332206066,15.878438791603642,-1,1,0,6,1
225,3,-22.095042161725875,-25.557291704214393,5.163401476434108,-24.93475166984977,-56.783813332206066,-164.12156120839637,-1,-1,-2,7,0
226,0,157.9374100891411,-77.53934674280329,-18.485074483765548,-113.61544851608545,22.602370408920116,116.69825942578063,1,-2,1,2,0
226,1,157.9374100891411,-77.53934674280329,-18.485074483765548,66.38455148391456,-22.602370408920116,-63.301740574219366,1,0,-1,3,0
226,2,-22.062589910858886,-25.442980921674934,5.123405382232746,155.1103177272107,56.79412044062216,15.613362424592149,-1,1,0,6,1
226,3,-22.062589910858886,-25.442980921674934,5.123405382232746,-24.889682272789308,-56.79412044062216,-164.38663757540786,-1,-1,-2,7,0
227,0,157.96958488702214,-77.54750508475821,-18.59464183422469,-113.51171539311328,22.545831018102266,116.34710081239211,1,-2,1,2,0
227,1,157.96958488702214,-77.54750508475821,-18.59464183422469,66.48828460688674,-22.545831018102266,-63.6528991876079,1,0,-1,3,0
227,2,-22.030415112977877,-25.3286053581361,5.083114069370187,155.15551253477048,56.80443748889884,15.348597885945855,-1,1,0,6,1
227,3,-22.030415112977877,-25.3286053581361,5.083114069370187,-24.844487465229527,-56.80443748889884,-164.65140211405415,-1,-1,-2,7,0
228,0,158.00148481851664,-77.55534016113732,-18.70458540575436,-113.40686660849657,22.48914765212874,115.99516833824579,1,-2,1,2,0
228,1,158.00148481851664,-77.55534016113732,-18.70458540575436,66.59313339150343,-22.48914765212874,-64.00483166175421,1,0,-1,3,0
228,2,-21.998515181483345,-25.214166184304975,5.042528248817685,155.2008316474881,56.81476363641121,15.084143509899247,-1,1,0,6,1
228,3,-21.998515181483345,-25.214166184304975,5.042528248817685,-24.79916835251193,-56.81476363641121,-164.91585649010077,-1,-1,-2,7,0
229,0,158.03311244341236,-77.56285171500852,-18.814905416904132,-113.30089198294448,22.43232308570961,115.6424497087131,1,-2,1,2,0
229,1,158.03311244341236,-77.56285171500852,-18.814905416904132,66.69910801705552,-22.43232308570961,-64.3575502912869,1,0,-1,3,0
229,2,-21.966887556587658,-25.099664564189883,5.001648633132957,155.24627397336795,56.82509805433679,14.819997641530275,-1,1,0,6,1
229,3,-21.966887556587658,-25.099664564189883,5.001648633132957,-24.753726026632044,-56.82509805433679,-165.18000235846972,-1,-1,-2,7,0
230,0,158.06447029502692,-77.57003948807514,-18.925602097819656,-113.19378119160604,22.375360108999725,115.28893250576395,1,-2,1,2,0
230,1,158.06447029502692,-77.57003948807514,-18.925602097819656,66.80621880839398,-22.375360108999725,-64.71106749423606,1,0,-1,3,0
230,2,-21.935529704973085,-24.985101655109823,4.9604759364199955,155.2918384335594,56.83543992556019,14.556158636604254,-1,1,0,6,1
230,3,-21.935529704973085,-24.985101655109823,4.9604759364199955,-24.708161566440594,-56.83543992556019,-165.44384136339576,-1,-1,-2,7,0
231,0,158.09556088054512,-77.57690322055691,-19.036675690363367,-113.085523762815,22.318261528272206,114.93460418640828,1,-2,1,2,0
231,1,158.09556088054512,-77.57690322055691,-19.036675690363367,66.914476237185,-22.318261528272206,-65.06539581359172,1,0,-1,3,0
231,2,-21.90443911945487,-24.870478607703838,4.919010874289096,155.33752396215797,56.84578844457876,14.292624861420283,-1,1,0,6,1
231,3,-21.90443911945487,-24.870478607703838,4.919010874289096,-24.66247603784204,-56.84578844457876,-165.70737513857972,-1,-1,-2,7,0
232,0,158.126386681351,-77.58344265106977,-19.148126448238433,-112.97610907683298,22.261030166597973,114.57945208114053,1,-2,1,2,0
232,1,158.126386681351,-77.58344265106977,-19.148126448238433,67.02389092316703,-22.261030166597973,-65.42054791885947,1,0,-1,3,0
232,2,-21.873613318649014,-24.75579656594048,4.8772541638172555,155.38332950601014,56.85614281740906,14.029394692660539,-1,1,0,6,1
232,3,-21.873613318649014,-24.75579656594048,4.8772541638172555,-24.616670493989865,-56.85614281740906,-165.97060530733947,-1,-1,-2,7,0
233,0,158.15695015335496,-77.58965751650587,-19.259954637113513,-112.86552636459417,22.203668864533178,114.22346339238966,1,-2,1,2,0
233,1,158.15695015335496,-77.58965751650587,-19.259954637113513,67.13447363540583,-22.203668864533178,-65.77653660761034,1,0,-1,3,0
233,2,-21.843049846645034,-24.641056667127163,4.835206523508746,155.4292540245206,56.86650226149419,13.766466517242415,-1,1,0,6,1
233,3,-21.843049846645034,-24.641056667127163,4.835206523508746,-24.570745975479426,-56.86650226149419,-166.2335334827576,-1,-1,-2,7,0
234,0,158.18725372731663,-77.5955475519123,-19.372160534750634,-112.75376470645128,22.146180480813598,113.8666251929745,1,-2,1,2,0
234,1,158.18725372731663,-77.5955475519123,-19.372160534750634,67.24623529354874,-22.146180480813598,-66.13337480702552,1,0,-1,3,0
234,2,-21.812746272683363,-24.526260041919674,4.792868673255961,155.47529648946232,56.87686600561181,13.503838732173433,-1,1,0,6,1
234,3,-21.812746272683363,-24.526260041919674,4.792868673255961,-24.524703510537673,-56.87686600561181,-166.49616126782658,-1,-1,-2,7,0
235,0,158.21729980916263,-77.60111249036946,-19.484744431135223,-112.64081303092405,22.088567893056286,113.50892442456616,1,-2,1,2,0
235,1,158.21729980916263,-77.60111249036946,-19.484744431135223,67.35918696907596,-22.088567893056286,-66.49107557543384,1,0,-1,3,0
235,2,-21.782700190837375,-24.411407814331465,4.750241334300363,155.52145588478956,56.88723328978313,13.241509744408578,-1,1,0,6,1
235,3,-21.782700190837375,-24.411407814331465,4.750241334300363,-24.478544115210468,-56.88723328978313,-166.75849025559143,-1,-1,-2,7,0
236,0,158.24709078029994,-77.60635206286898,-19.59770662860757,-112.52666011345285,22.0308339984693,113.15034789615912,1,-2,1,2,0
236,1,158.24709078029994,-77.60635206286898,-19.59770662860757,67.47333988654717,-22.0308339984693,-66.8496521038409,1,0,-1,3,0
236,2,-21.75290921970006,-24.296501101743207,4.707325229193905,155.56773120645303,56.89760336518253,12.979477970710567,-1,1,0,6,1
236,3,-21.75290921970006,-24.296501101743207,4.707325229193905,-24.432268793546953,-56.89760336518253,-167.02052202928945,-1,-1,-2,7,0
237,0,158.27662899792483,-77.61126599819032,-19.711047441997955,-112.41129457515602,21.97298171456918,112.79088228255007,1,-2,1,2,0
237,1,158.27662899792483,-77.61126599819032,-19.711047441997955,67.58870542484398,-21.97298171456918,-67.20911771744994,1,0,-1,3,0
237,2,-21.723371002075172,-24.181541014912103,4.664121081760293,155.61412146221855,56.90797549404803,12.717741837512591,-1,1,0,6,1
237,3,-21.723371002075172,-24.181541014912103,4.664121081760293,-24.385878537781466,-56.90797549404803,-167.2822581624874,-1,-1,-2,7,0
238,0,158.30591679532722,-77.61585402277748,-19.82476719876271,-112.29470488159528,21.915013979906426,112.43051412282911,1,-2,1,2,0
238,1,158.30591679532722,-77.61585402277748,-19.82476719876271,67.70529511840473,-21.915013979906426,-67.56948587717089,1,0,-1,3,0
238,2,-21.69408320467279,-24.066528657981532,4.620629617057134,155.66062567148728,56.91834894959261,12.456299780783437,-1,1,0,6,1
238,3,-21.69408320467279,-24.066528657981532,4.620629617057134,-24.3393743285127,-56.91834894959261,-167.54370021921656,-1,-1,-2,7,0
239,0,158.3349564821907,-77.6201158606141,-19.93886623912382,-112.17687934154795,21.85693375479949,112.06922981888138,1,-2,1,2,0
239,1,158.3349564821907,-77.6201158606141,-19.93886623912382,67.82312065845205,-21.85693375479949,-67.93077018111863,1,0,-1,3,0
239,2,-21.665043517809316,-23.95146512849039,4.576851561337391,155.70724286511955,56.92872301591605,12.195150245895528,-1,1,0,6,1
239,3,-21.665043517809316,-23.95146512849039,4.576851561337391,-24.292757134880464,-56.92872301591605,-167.80484975410448,-1,-1,-2,7,0
240,0,158.3637503448883,-77.62405123309843,-20.05334491621034,-112.05780610578952,21.798744022076814,111.70701563390244,1,-2,1,2,0
240,1,158.3637503448883,-77.62405123309843,-20.05334491621034,67.94219389421049,-21.798744022076814,-68.29298436609756,1,0,-1,3,0
240,2,-21.636249655111698,-23.836351517382685,4.53278764201198,155.7539720852602,56.939096987917786,11.934291687494957,-1,1,0,6,1
240,3,-21.636249655111698,-23.836351517382685,4.53278764201198,-24.246027914739823,-56.939096987917786,-168.06570831250505,-1,-1,-2,7,0
241,0,158.3923006467741,-77.6276598589172,-20.16820359620224,-111.9374731658869,21.74044778782819,111.34385769092879,1,-2,1,2,0
241,1,158.3923006467741,-77.6276598589172,-20.16820359620224,68.0625268341131,-21.74044778782819,-68.65614230907123,1,0,-1,3,0
241,2,-21.60769935322592,-23.72118890901718,4.488438587612003,155.80081238516723,56.949470171210265,11.673722569374302,-1,1,0,6,1
241,3,-21.60769935322592,-23.72118890901718,4.488438587612003,-24.19918761483277,-56.949470171210265,-168.3262774306257,-1,-1,-2,7,0
242,0,158.42060962847034,-77.63094145391852,-20.28344265847724,-111.81586835300399,21.682048082164552,110.97974197138387,1,-2,1,2,0
242,1,158.42060962847034,-77.63094145391852,-20.28344265847724,68.18413164699602,-21.682048082164552,-69.02025802861613,1,0,-1,3,0
242,2,-21.57939037152967,-23.605978381176865,4.443805127751415,155.84776282904247,56.9598418820333,11.413441364347689,-1,1,0,6,1
242,3,-21.57939037152967,-23.605978381176865,4.443805127751415,-24.152237170957527,-56.9598418820333,-168.58655863565232,-1,-1,-2,7,0
243,0,158.44867950815095,-77.63389573098412,-20.399062495759964,-111.692979336722,21.62354795998671,110.61465431364266,1,-2,1,2,0
243,1,158.44867950815095,-77.63389573098412,-20.399062495759964,68.30702066327801,-21.62354795998671,-69.38534568635735,1,0,-1,3,0
243,2,-21.551320491849065,-23.49072100507878,4.3988879930899385,155.89482249186466,56.97021144716879,11.153446554128156,-1,1,0,6,1
243,3,-21.551320491849065,-23.49072100507878,4.3988879930899385,-24.10517750813534,-56.97021144716879,-168.84655344587185,-1,-1,-2,7,0
244,0,158.47651248182052,-77.63652239990066,-20.515063514273468,-111.56879362387578,21.56495050176392,110.24858041161558,1,-2,1,2,0
244,1,158.47651248182052,-77.63652239990066,-20.515063514273468,68.43120637612424,-21.56495050176392,-69.75141958838444,1,0,-1,3,0
244,2,-21.52348751817948,-23.375417845383584,4.353687915296095,155.94199045922494,56.98057820385646,10.89373662920746,-1,1,0,6,1
244,3,-21.52348751817948,-23.375417845383584,4.353687915296095,-24.058009540775057,-56.98057820385646,-169.10626337079256,-1,-1,-2,7,0
245,0,158.50411072358972,-77.63882116722979,-20.63144613389402,-111.44329855740779,21.50625881432147,109.88150581335383,1,-2,1,2,0
245,1,158.50411072358972,-77.63882116722979,-20.63144613389402,68.55670144259223,-21.50625881432147,-70.11849418664617,1,0,-1,3,0
245,2,-21.495889276410278,-23.26006996020534,4.308205627010472,155.98926582716473,56.990941499710054,10.634310088738006,-1,1,0,6,1
245,3,-21.495889276410278,-23.26006996020534,4.308205627010472,-24.010734172835274,-56.990941499710054,-169.365689911262,-1,-1,-2,7,0
246,0,158.5314763859465,-77.64079173617773,-20.748210788308036,-111.3164813152423,21.44747603163806,109.51341591967844,1,-2,1,2,0
246,1,158.5314763859465,-77.64079173617773,-20.748210788308036,68.6835186847577,-21.44747603163806,-70.48658408032156,1,0,-1,3,0
246,2,-21.468523614053524,-23.14467840112152,4.262441861809417,156.03664770201573,57.00130069263438,10.375165440417199,-1,1,0,6,1
246,3,-21.468523614053524,-23.14467840112152,4.262441861809417,-23.963352297984276,-57.00130069263438,-169.6248345595828,-1,-1,-2,7,0
247,0,158.55861160002357,-77.6424338064633,-20.865357925172106,-111.18832890918151,21.38860531565312,109.1442959828342,1,-2,1,2,0
247,1,158.55861160002357,-77.6424338064633,-20.865357925172106,68.81167109081849,-21.38860531565312,-70.85570401716582,1,0,-1,3,0
247,2,-21.441388399976443,-23.029244213182558,4.216397354168523,156.0841352002424,57.01165515074298,10.11630120037377,-1,1,0,6,1
247,3,-21.441388399976443,-23.029244213182558,4.216397354168523,-23.9158647997576,-57.01165515074298,-169.88369879962625,-1,-1,-2,7,0
248,0,158.58551847586213,-77.64374707418511,-20.98288800627604,-111.05882818382537,21.32964985708394,108.77413110517115,1,-2,1,2,0
248,1,158.58551847586213,-77.64374707418511,-20.98288800627604,68.94117181617464,-21.32964985708394,-71.22586889482886,1,0,-1,3,0
248,2,-21.414481524137866,-22.91376843492219,4.1700728394268864,156.1317274482864,57.02200425227635,9.857715893056493,-1,1,0,6,1
248,3,-21.414481524137866,-22.91376843492219,4.1700728394268864,-23.868272551713602,-57.02200425227635,-170.1422841069435,-1,-1,-2,7,0
249,0,158.61219910267187,-77.64473123168783,-21.100801507708315,-110.92796581551809,21.27061287625336,108.40290623785577,1,-2,1,2,0
249,1,158.61219910267187,-77.64473123168783,-21.100801507708315,69.07203418448191,-21.27061287625336,-71.59709376214424,1,0,-1,3,0
249,2,-21.387800897328137,-22.798252098367087,4.123469053750957,156.1794235824134,57.03234738552099,9.599408051124799,-1,1,0,6,1
249,3,-21.387800897328137,-22.798252098367087,4.123469053750957,-23.82057641758663,-57.03234738552099,-170.40059194887522,-1,-1,-2,7,0
250,0,158.63865554908708,-77.6453859674271,-21.219098920024827,-110.7957283113232,21.211497623927663,108.03060617961387,1,-2,1,2,0
250,1,158.63865554908708,-77.6453859674271,-21.219098920024827,69.2042716886768,-21.211497623927663,-71.96939382038614,1,0,-1,3,0
250,2,-21.36134445091294,-22.682696229047263,4.076586734099309,156.22722274856184,57.042683948729035,9.341376215341624,-1,1,0,6,1
250,3,-21.36134445091294,-22.682696229047263,4.076586734099309,-23.772777251438168,-57.042683948729035,-170.65862378465837,-1,-1,-2,7,0
251,0,158.6648898634194,-77.64571096583326,-21.337780748420606,-110.66210200802965,21.15230738216515,107.6572155755081,1,-2,1,2,0
251,1,158.6648898634194,-77.64571096583326,-21.337780748420606,69.33789799197037,-21.15230738216515,-72.34278442449191,1,0,-1,3,0
251,2,-21.335110136580607,-22.567101846006064,4.029426618186926,156.27512410219407,57.053013350038384,9.083618934468362,-1,1,0,6,1
251,3,-21.335110136580607,-22.567101846006064,4.029426618186926,-23.724875897805934,-57.053013350038384,-170.91638106553162,-1,-1,-2,7,0
252,0,158.69090407390698,-77.64570590717388,-21.45684751290471,-110.52707307119134,21.093045465175493,107.28271891575167,1,-2,1,2,0
252,1,158.69090407390698,-77.64570590717388,-21.45684751290471,69.47292692880868,-21.093045465175493,-72.71728108424834,1,0,-1,3,0
252,2,-21.309095926093025,-22.451469961810385,3.981989444450033,156.32312680814925,57.06333500739366,8.826134765161735,-1,1,0,6,1
252,3,-21.309095926093025,-22.451469961810385,3.981989444450033,-23.676873191850742,-57.06333500739366,-171.17386523483827,-1,-1,-2,7,0
253,0,158.71670018895995,-77.64537046741526,-21.576299748477915,-110.39062749420346,21.033715220189944,106.90710053456192,1,-2,1,2,0
253,1,158.71670018895995,-77.64537046741526,-21.576299748477915,69.60937250579656,-21.033715220189944,-73.09289946543808,1,0,-1,3,0
253,2,-21.283299811040067,-22.335801582561192,3.9342759520114545,156.3712300404986,57.07364834846773,8.56892227187262,-1,1,0,6,1
253,3,-21.283299811040067,-22.335801582561192,3.9342759520114545,-23.62876995950139,-57.07364834846773,-171.4310777281274,-1,-1,-2,7,0
254,0,158.74228019740258,-77.64470431808239,-21.696138005313934,-110.25275109741744,20.974320028342955,106.53034460905607,1,-2,1,2,0
254,1,158.74228019740258,-77.64470431808239,-21.696138005313934,69.74724890258256,-20.974320028342955,-73.46965539094393,1,0,-1,3,0
254,2,-21.257719802597425,-22.2200977079037,3.886286880645523,156.41943298240238,57.083952810583654,8.311980026746907,-1,1,0,6,1
254,3,-21.257719802597425,-22.2200977079037,3.886286880645523,-23.58056701759763,-57.083952810583654,-171.6880199732531,-1,-1,-2,7,0
255,0,158.7676460687121,-77.64370712611746,-21.81636284894402,-110.11342952729824,20.914863305564822,106.1524351581915,1,-2,1,2,0
255,1,158.7676460687121,-77.64370712611746,-21.81636284894402,69.88657047270178,-20.914863305564822,-73.8475648418085,1,0,-1,3,0
255,2,-21.232353931287882,-22.104359331037934,3.8380229707435345,156.46773482596896,57.094247840637514,8.055306609528344,-1,1,0,6,1
255,3,-21.232353931287882,-22.104359331037934,3.8380229707435345,-23.532265174031046,-57.094247840637514,-171.94469339047166,-1,-1,-2,7,0
256,0,158.79279975325403,-77.64237855373771,-21.936974860444014,-109.97264825562668,20.85534850348615,105.77335604175484,1,-2,1,2,0
256,1,158.79279975325403,-77.64237855373771,-21.936974860444014,70.02735174437333,-20.85534850348615,-74.22664395824518,1,0,-1,3,0
256,2,-21.207200246745955,-21.98858743872943,3.7894849632797483,156.51613477211603,57.10453289502162,7.798900607463165,-1,1,0,6,1
256,3,-21.207200246745955,-21.98858743872943,3.7894849632797483,-23.48386522788398,-57.10453289502162,-172.20109939253683,-1,-1,-2,7,0
257,0,158.81774318251425,-77.64071825829056,-22.05797463662663,-109.8303925787493,20.795779110353422,105.39309095940088,1,-2,1,2,0
257,1,158.81774318251425,-77.64071825829056,-22.05797463662663,70.1696074212507,-20.795779110353422,-74.6069090405991,1,0,-1,3,0
257,2,-21.18225681748575,-21.87278301131968,3.740673599776775,156.56463203043333,57.11480743954836,7.542760615206568,-1,1,0,6,1
257,3,-21.18225681748575,-21.87278301131968,3.740673599776775,-23.435367969566684,-57.11480743954836,-172.45723938479344,-1,-1,-2,7,0
258,0,158.84247826932787,-77.63872589210882,-22.179362790234876,-109.68664761688125,20.73615865195717,105.01162344974757,1,-2,1,2,0
258,1,158.84247826932787,-77.63872589210882,-22.179362790234876,70.31335238311875,-20.73615865195717,-74.98837655025243,1,0,-1,3,0
258,2,-21.157521730672144,-21.756947022737133,3.691589622272128,156.61322581904764,57.125070949374695,7.286885234731067,-1,1,0,6,1
258,3,-21.157521730672144,-21.756947022737133,3.691589622272128,-23.38677418095236,-57.125070949374695,-172.71311476526893,-1,-1,-2,7,0
259,0,158.8670069081049,-77.636401102363,-22.301139950141202,-109.54139831346244,20.676490692571118,104.6289368895273,1,-2,1,2,0
259,1,158.8670069081049,-77.636401102363,-22.301139950141202,70.45860168653756,-20.676490692571118,-75.3710631104727,1,0,-1,3,0
259,2,-21.13299309189509,-21.641080440507764,3.6422337732840435,156.66191536448943,57.135322908927044,7.0312730752367285,-1,1,0,6,1
259,3,-21.13299309189509,-21.641080440507764,3.6422337732840435,-23.338084635510583,-57.135322908927044,-172.96872692476327,-1,-1,-2,7,0
260,0,158.89133097505285,-77.63374353091311,-22.423306761548705,-109.39462943457357,20.616778835904423,104.2450144928004,1,-2,1,2,0
260,1,158.89133097505285,-77.63374353091311,-22.423306761548705,70.60537056542643,-20.616778835904423,-75.7549855071996,1,0,-1,3,0
260,2,-21.10866902494714,-21.525184225766278,3.5926067957783445,156.71069990156133,57.14556281182691,6.775922753062935,-1,1,0,6,1
260,3,-21.10866902494714,-21.525184225766278,3.5926067957783445,-23.28930009843868,-57.14556281182691,-173.22407724693707,-1,-1,-2,7,0
261,0,158.91545232839601,-77.63075281415823,-22.54586388619703,-109.24632556841378,20.557026726065445,103.85983931023328,1,-2,1,2,0
261,1,158.91545232839601,-77.63075281415823,-22.54586388619703,70.75367443158622,-20.557026726065445,-76.14016068976672,1,0,-1,3,0
261,2,-21.08454767160401,-21.409259333267066,3.542709433134996,156.75957867320852,57.15579016081694,6.520832891602199,-1,1,0,6,1
261,3,-21.08454767160401,-21.409259333267066,3.542709433134996,-23.24042132679149,-57.15579016081694,-173.47916710839783,-1,-1,-2,7,0
262,0,158.93937280859183,-77.6274285828847,-22.668812002571478,-109.0964711248447,20.497238048538254,103.47339422844574,1,-2,1,2,0
262,1,158.93937280859183,-77.6274285828847,-22.668812002571478,70.90352887515532,-20.497238048538254,-76.52660577155427,1,0,-1,3,0
262,2,-21.060627191408184,-21.293306711395232,3.4925424291148945,156.80855093039082,57.166004467687614,6.2660021212154655,-1,1,0,6,1
262,3,-21.060627191408184,-21.293306711395232,3.4925424291148945,-23.191449069609174,-57.166004467687614,-173.73399787878455,-1,-1,-2,7,0
263,0,158.96309423854441,-77.62377046211232,-22.792151806116586,-108.94505033500491,20.437416531171422,103.0856619694309,1,-2,1,2,0
263,1,158.96309423854441,-77.62377046211232,-22.792151806116586,71.05494966499509,-20.437416531171422,-76.91433803056911,1,0,-1,3,0
263,2,-21.036905761455603,-21.177327302177986,3.4421065278270198,156.85761593195653,57.17620525320416,6.011429079149107,-1,1,0,6,1
263,3,-21.036905761455603,-21.177327302177986,3.4421065278270198,-23.142384068043466,-57.17620525320416,-173.9885709208509,-1,-1,-2,7,0
264,0,158.98661842381483,-77.61977807093956,-22.915884009452686,-108.79204725099886,20.377565945179697,102.69662509005252,1,-2,1,2,0
264,1,158.98661842381483,-77.61977807093956,-22.915884009452686,71.20795274900114,-20.377565945179697,-77.3033749099475,1,0,-1,3,0
264,2,-21.013381576185182,-21.06132204129593,3.3914024736959933,156.906772944518,57.1863920470347,5.757112409453619,-1,1,0,6,1
264,3,-21.013381576185182,-21.06132204129593,3.3914024736959933,-23.09322705548201,-57.1863920470347,-174.2428875905464,-1,-1,-2,7,0
265,0,159.00994715282863,-77.61545102238577,-23.0400093425977,-108.6374457456647,20.317690106158416,102.30626598162385,1,-2,1,2,0
265,1,159.00994715282863,-77.61545102238577,-23.0400093425977,71.36255425433531,-20.317690106158416,-77.69373401837616,1,0,-1,3,0
265,2,-20.990052847171377,-20.945291858094492,3.340431011429123,156.95602124232877,57.19656438767798,5.503050762904075,-1,1,0,6,1
265,3,-20.990052847171377,-20.945291858094492,3.340431011429123,-23.043978757671233,-57.19656438767798,-174.49694923709592,-1,-1,-2,7,0
266,0,159.03308219708052,-77.61078892323255,-23.1645285531924,-108.48122951242519,20.257792875110166,101.91456686957169,1,-2,1,2,0
266,1,159.03308219708052,-77.61078892323255,-23.1645285531924,71.51877048757481,-20.257792875110166,-78.08543313042833,1,0,-1,3,0
266,2,-20.966917802919497,-20.829237675595472,3.289192885984365,157.00536010716266,57.20672182239224,5.249242796921906,-1,1,0,6,1
266,3,-20.966917802919497,-20.829237675595472,3.289192885984365,-22.994639892837334,-57.20672182239224,-174.7507572030781,-1,-1,-2,7,0
267,0,159.0560253113361,-77.60579137386286,-23.28944240672981,-108.3233820652275,20.19787815948532,101.5215098131922,1,-2,1,2,0
267,1,159.0560253113361,-77.60579137386286,-23.28944240672981,71.67661793477251,-20.19787815948532,-78.47849018680782,1,0,-1,3,0
267,2,-20.943974688663893,-20.713160410508667,3.237688842538272,157.05478882819432,57.21686390712462,4.995687175498406,-1,1,0,6,1
267,3,-20.943974688663893,-20.713160410508667,3.237688842538272,-22.945211171805674,-57.21686390712462,-175.0043128245016,-1,-1,-2,7,0
268,0,159.07877823383106,-77.60045796809807,-23.414751686789177,-108.16388673857612,20.137949914234927,101.12707670550195,1,-2,1,2,0
268,1,159.07877823383106,-77.60045796809807,-23.414751686789177,71.83611326142388,-20.137949914234927,-78.87292329449807,1,0,-1,3,0
268,2,-20.92122176616895,-20.597060973243757,3.185919626453943,157.10430670188128,57.22699020644045,4.742382569119808,-1,1,0,6,1
268,3,-20.92122176616895,-20.597060973243757,3.185919626453943,-22.89569329811874,-57.22699020644045,-175.2576174308802,-1,-1,-2,7,0
269,0,159.10134268646726,-77.59478829303299,-23.54045719527462,-108.00272668766311,20.078012142876716,100.73124927318894,1,-2,1,2,0
269,1,159.10134268646726,-77.59478829303299,-23.54045719527462,71.9972733123369,-20.078012142876716,-79.26875072681108,1,0,-1,3,0
269,2,-20.89865731353277,-20.480940267921962,3.1338859832493586,157.1539130318478,57.23710029345384,4.4893276546938505,-1,1,0,6,1
269,3,-20.89865731353277,-20.480940267921962,3.1338859832493586,-22.846086968152232,-57.23710029345384,-175.51067234530618,-1,-1,-2,7,0
270,0,159.12372037500643,-77.58878192886915,-23.666559752657463,-107.8398848886037,20.018068898574832,100.33400907667122,1,-2,1,2,0
270,1,159.12372037500643,-77.58878192886915,-23.666559752657463,72.16011511139631,-20.018068898574832,-79.66599092332878,1,0,-1,3,0
270,2,-20.87627962499358,-20.364799192388247,3.081588658565948,157.20360712877016,57.24719374975805,4.236521115477702,-1,1,0,6,1
270,3,-20.87627962499358,-20.364799192388247,3.081588658565948,-22.796392871229845,-57.24719374975805,-175.7634788845223,-1,-1,-2,7,0
271,0,159.14591298926126,-77.58243844874535,-23.793060198224403,-107.67534413877901,19.958124285231754,99.93533751026484,1,-2,1,2,0
271,1,159.14591298926126,-77.58243844874535,-23.793060198224403,72.324655861221,-19.958124285231754,-80.06466248973516,1,0,-1,3,0
271,2,-20.854087010738745,-20.248638638223127,3.029028398137068,157.25338831026372,57.25727016535672,3.983961641007609,-1,1,0,6,1
271,3,-20.854087010738745,-20.248638638223127,3.029028398137068,-22.746611689736273,-57.25727016535672,-176.01603835899238,-1,-1,-2,7,0
272,0,159.1679222032835,-77.57575741856664,-23.919959390329208,-107.50908705729546,19.89818245859441,99.5352158024709,1,-2,1,2,0
272,1,159.1679222032835,-77.57575741856664,-23.919959390329208,72.49091294270455,-19.89818245859441,-80.4647841975291,1,0,-1,3,0
272,2,-20.832077796716504,-20.13245949075517,2.976205947757176,157.30325590077112,57.26732913859552,3.731647927029724,-1,1,0,6,1
272,3,-20.832077796716504,-20.13245949075517,2.976205947757176,-22.6967440992289,-57.26732913859552,-176.26835207297026,-1,-1,-2,7,0
273,0,159.18974967554988,-77.56873839683065,-24.04725820665003,-107.34109608556396,19.838247627373008,99.1336250163846,1,-2,1,2,0
273,1,159.18974967554988,-77.56873839683065,-24.04725820665003,72.65890391443604,-19.838247627373008,-80.86637498361542,1,0,-1,3,0
273,2,-20.81025032445011,-20.016262629072976,2.923122053250579,157.35320923145218,57.27737027609404,3.479578675432551,-1,1,0,6,1
273,3,-20.81025032445011,-20.016262629072976,2.923122053250579,-22.64679076854783,-57.27737027609404,-176.52042132456745,-1,-1,-2,7,0
274,0,159.21139704914535,-77.56138093445158,-24.174957544451527,-107.17135348800649,19.778324054373233,98.73054605023371,1,-2,1,2,0
274,1,159.21139704914535,-77.56138093445158,-24.174957544451527,72.82864651199351,-19.778324054373233,-81.2694539497663,1,0,-1,3,0
274,2,-20.78860295085467,-19.900048926037844,2.869777460441037,157.40324764007548,57.28739319267855,3.2277525941806,-1,1,0,6,1
274,3,-20.78860295085467,-19.900048926037844,2.869777460441037,-22.59675235992453,-57.28739319267855,-176.77224740581943,-1,-1,-2,7,0
275,0,159.23286595194358,-77.55368457458209,-24.30305832085171,-106.99984135289586,19.71841605764167,98.32595963805271,1,-2,1,2,0
275,1,159.23286595194358,-77.55368457458209,-24.30305832085171,73.00015864710416,-19.71841605764167,-81.6740403619473,1,0,-1,3,0
275,2,-20.767134048056423,-19.78381924829611,2.8161729151208617,157.45337047091095,57.29739751131462,2.976168397249648,-1,1,0,6,1
275,3,-20.767134048056423,-19.78381924829611,2.8161729151208617,-22.546629529089035,-57.29739751131462,-177.02383160275036,-1,-1,-2,7,0
276,0,159.2541579967856,-77.54564885243246,-24.431561473094416,-106.82654159333585,19.65852801162449,97.91984635049927,1,-2,1,2,0
276,1,159.2541579967856,-77.54564885243246,-24.431561473094416,73.17345840666415,-19.65852801162449,-82.08015364950074,1,0,-1,3,0
276,2,-20.745842003214406,-19.667574456291824,2.762309163020863,157.5035770746244,57.30738286304081,2.7248248045630357,-1,1,0,6,1
276,3,-20.745842003214406,-19.667574456291824,2.762309163020863,-22.49642292537563,-57.30738286304081,-177.27517519543696,-1,-1,-2,7,0
277,0,159.27527478165533,-77.53727329508713,-24.560467958827058,-106.65143594838734,19.598664348338993,97.51218659581856,1,-2,1,2,0
277,1,159.27527478165533,-77.53727329508713,-24.560467958827058,73.34856405161266,-19.598664348338993,-82.48781340418145,1,0,-1,3,0
277,2,-20.72472521834467,-19.551315404279542,2.7081869497799795,157.5538668081728,57.31734888690221,2.4737205419296178,-1,1,0,6,1
277,3,-20.72472521834467,-19.551315404279542,2.7081869497799795,-22.44613319182721,-57.31734888690221,-177.5262794580704,-1,-1,-2,7,0
278,0,159.29621788985327,-77.52855742131906,-24.689778756383394,-106.47450598434982,19.53882955855869,97.1029606209653,1,-2,1,2,0
278,1,159.29621788985327,-77.52855742131906,-24.689778756383394,73.52549401565018,-19.53882955855869,-82.8970393790347,1,0,-1,3,0
278,2,-20.703782110146747,-19.435042940337055,2.653807020915416,157.60423903470178,57.32729522988493,2.2228543409826544,-1,1,0,6,1
278,3,-20.703782110146747,-19.435042940337055,2.653807020915416,-22.39576096529824,-57.32729522988493,-177.77714565901735,-1,-1,-2,7,0
279,0,159.3169888901674,-77.5195007414011,-24.819494865072098,-106.29573309620267,19.479028193011104,96.6921485128878,1,-2,1,2,0
279,1,159.3169888901674,-77.5195007414011,-24.819494865072098,73.70426690379733,-19.479028193011104,-83.30785148711222,1,0,-1,3,0
279,2,-20.68301110983259,-19.31875790637852,2.5991701217929264,157.65469312344376,57.33722154685059,1.9722249391203952,-1,1,0,6,1
279,3,-20.68301110983259,-19.31875790637852,2.5991701217929264,-22.345306876556258,-57.33722154685059,-178.0277750608796,-1,-1,-2,7,0
280,0,159.33758933704226,-77.51010275691455,-24.949617305471477,-106.1150985092158,19.41926486358832,96.27973019998267,1,-2,1,2,0
280,1,159.33758933704226,-77.51010275691455,-24.949617305471477,73.88490149078422,-19.41926486358832,-83.72026980001735,1,0,-1,3,0
280,2,-20.66241066295775,-19.20246113816722,2.5442769975969517,157.70522844961786,57.34712750047149,1.7218310794474234,-1,1,0,6,1
280,3,-20.66241066295775,-19.20246113816722,2.5442769975969517,-22.29477155038214,-57.34712750047149,-178.2781689205526,-1,-1,-2,7,0
281,0,159.35802077074518,-77.50036296055508,-25.080147119729148,-105.93258328073739,19.359544244570664,95.8656854537292,1,-2,1,2,0
281,1,159.35802077074518,-77.50036296055508,-25.080147119729148,74.06741671926261,-19.359544244570664,-84.1343145462708,1,0,-1,3,0
281,2,-20.641979229254837,-19.08615346532908,2.4891283933014194,157.75584439433098,57.357012761165876,1.4716715107178318,-1,1,0,6,1
281,3,-20.641979229254837,-19.08615346532908,2.4891283933014194,-22.244155605669018,-57.357012761165876,-178.5283284892822,-1,-1,-2,7,0
282,0,159.37828471753076,-77.49028083593578,-25.211085371868307,-105.74816830216578,19.299871073862608,95.44999389050962,1,-2,1,2,0
282,1,159.37828471753076,-77.49028083593578,-25.211085371868307,74.25183169783423,-19.299871073862608,-84.5500061094904,1,0,-1,3,0
282,2,-20.621715282469243,-18.9698357113657,2.433725053640575,157.80654034448023,57.36687700703424,1.2217449872788644,-1,1,0,6,1
282,3,-20.621715282469243,-18.9698357113657,2.433725053640575,-22.1934596555198,-57.36687700703424,-178.77825501272113,-1,-1,-2,7,0
283,0,159.3983826898029,-77.47985585738691,-25.342433148100127,-105.56183430111415,19.240250154241185,95.03263497362389,1,-2,1,2,0
283,1,159.3983826898029,-77.47985585738691,-25.342433148100127,74.43816569888585,-19.240250154241185,-84.96736502637613,1,0,-1,3,0
283,2,-20.6016173101971,-18.85350869366792,2.3780677230797864,157.8573156926565,57.37671992379516,0.9720502690165287,-1,1,0,6,1
283,3,-20.6016173101971,-18.85350869366792,2.3780677230797864,-22.142684307343508,-57.37671992379516,-179.0279497309835,-1,-1,-2,7,0
284,0,159.41831618627464,-77.46908748975285,-25.474191557142102,-105.37356184377768,19.180686354616597,94.61358801550901,1,-2,1,2,0
284,1,159.41831618627464,-77.46908748975285,-25.474191557142102,74.62643815622233,-19.180686354616597,-85.38641198449099,1,0,-1,3,0
284,2,-20.58168381372536,-18.737173223529094,2.322157145786624,157.90816983704968,57.386541204722185,0.7225861213018402,-1,1,0,6,1
284,3,-20.58168381372536,-18.737173223529094,2.322157145786624,-22.091830162950302,-57.386541204722185,-179.27741387869818,-1,-1,-2,7,0
285,0,159.43808669212595,-77.45797518818598,-25.60636173054287,-105.1833313375104,19.12118461130501,94.19283218016979,1,-2,1,2,0
285,1,159.43808669212595,-77.45797518818598,-25.60636173054287,74.8166686624896,-19.12118461130501,-85.80716781983021,1,0,-1,3,0
285,2,-20.56191330787406,-18.620830106158937,2.2659940656024373,157.9591021813548,57.39634055058083,0.47335131493827365,-1,1,0,6,1
285,3,-20.56191330787406,-18.620830106158937,2.2659940656024373,-22.040897818645213,-57.39634055058083,-179.52664868506173,-1,-1,-2,7,0
286,0,159.45769567915934,-77.44651839793694,-25.738944823013888,-104.99112303362192,19.061749929312654,93.77034648583115,1,-2,1,2,0
286,1,159.45769567915934,-77.44651839793694,-25.738944823013888,75.0088769663781,-19.061749929312654,-86.22965351416886,1,0,-1,3,0
286,2,-20.542304320840675,-18.504480140697094,2.209579226013638,158.01011213467928,57.40611766956604,0.22434462611066322,-1,1,0,6,1
286,3,-20.542304320840675,-18.504480140697094,2.209579226013638,-21.989887865320746,-57.40611766956604,-179.77565537388935,-1,-1,-2,7,0
287,0,159.47714460595338,-77.43471655414207,-25.87194201276733,-104.79691703040335,19.002387383631422,93.34610980782175,1,-2,1,2,0
287,1,159.47714460595338,-77.43471655414207,-25.87194201276733,75.20308296959665,-19.002387383631422,-86.65389019217825,1,0,-1,3,0
287,2,-20.52285539404661,-18.388124120227033,2.152913370123668,158.06119911145188,57.41587227724005,-0.024435163665180074,-1,1,-1,6,1
287,3,-20.52285539404661,-18.388124120227033,2.152913370123668,-21.938800888548126,-57.41587227724005,179.97556483633483,-1,-1,1,7,0
288,0,159.49643491801436,-77.42256908160655,-26.005354501861937,-104.60069327639101,18.94310212054561,92.92010088169653,1,-2,1,2,0
288,1,159.49643491801436,-77.42256908160655,-26.005354501861937,75.39930672360899,-18.94310212054561,-87.07989911830349,1,0,-1,3,0
288,2,-20.503565081985638,-18.27176283178984,2.0959972406243517,158.11236253133254,57.425604096470295,-0.27298926759149994,-1,1,-1,6,1
288,3,-20.503565081985638,-18.27176283178984,2.0959972406243517,-21.887637468667467,-57.425604096470295,179.7270107324085,-1,-1,1,7,0
289,0,159.51556804792554,-77.4100753945854,-26.139183516554255,-104.40243157388,18.883899358949346,92.4922983066113,1,-2,1,2,0
289,1,159.51556804792554,-77.4100753945854,-26.139183516554255,75.59756842612,-18.883899358949346,-87.5077016933887,1,0,-1,3,0
289,2,-20.484431952074456,-18.15539705639846,2.0388315797686127,158.1636018191233,57.435312857368324,-0.5213188936367271,-1,1,-1,6,1
289,3,-20.484431952074456,-18.15539705639846,2.0388315797686127,-21.836398180876692,-57.435312857368324,179.47868110636327,-1,-1,1,7,0
290,0,159.53454541549482,-77.39723489655933,-26.273430307658874,-104.20211158269515,18.82478439167427,92.06268054895634,1,-2,1,2,0
290,1,159.53454541549482,-77.39723489655933,-26.273430307658874,75.79788841730485,-18.82478439167427,-87.93731945104368,1,0,-1,3,0
290,2,-20.465454584505192,-18.03902756905165,1.9814171293421077,158.21491640468068,57.4449982972283,-0.7694252445824079,-1,1,-1,6,1
290,3,-20.465454584505192,-18.03902756905165,1.9814171293421077,-21.785083595319325,-57.4449982972283,179.2305747554176,-1,-1,1,7,0
291,0,159.55336842790012,-77.38404698000782,-26.408096150915096,-103.99971282423198,18.765762586826824,91.63122594626131,1,-2,1,2,0
291,1,159.55336842790012,-77.38404698000782,-26.408096150915096,76.00028717576804,-18.765762586826824,-88.3687740537387,1,0,-1,3,0
291,2,-20.446631572099886,-17.92265513874833,1.923754630636032,158.26630572282883,57.454660160466624,-1.0173095180692378,-1,1,-1,6,1
291,3,-20.446631572099886,-17.92265513874833,1.923754630636032,-21.73369427717116,-57.454660160466624,178.98269048193077,-1,-1,1,7,0
292,0,159.57203847983314,-77.37051102617843,-26.543182347361206,-103.79521468577748,18.706839389135247,91.19791271138193,1,-2,1,2,0
292,1,159.57203847983314,-77.37051102617843,-26.543182347361206,76.20478531422252,-18.706839389135247,-88.80208728861807,1,0,-1,3,0
292,2,-20.427961520166853,-17.80628052850187,1.8658448244195602,158.31776921327437,57.46429819856125,-1.2649729066420383,-1,1,-1,6,1
292,3,-20.427961520166853,-17.80628052850187,1.8658448244195602,-21.682230786725643,-57.46429819856125,178.73502709335796,-1,-1,1,7,0
293,0,159.59055695364097,-77.35662640485141,-26.6786902237172,-103.5885964251216,18.648020321305236,90.7627189369787,1,-2,1,2,0
293,1,159.59055695364097,-77.35662640485141,-26.6786902237172,76.41140357487842,-18.648020321305236,-89.23728106302131,1,0,-1,3,0
293,2,-20.409443046359034,-17.689904495354536,1.8076884509125546,158.36930632052162,57.47391216999178,-1.512416597793669,-1,1,-1,6,1
293,3,-20.409443046359034,-17.689904495354536,1.8076884509125546,-21.630693679478387,-57.47391216999178,178.48758340220633,-1,-1,1,7,0
294,0,159.60892521946587,-77.34239247410093,-26.814621132774946,-103.37983717547105,18.58931098538381,90.3256226002996,1,-2,1,2,0
294,1,159.60892521946587,-77.34239247410093,-26.814621132774946,76.62016282452895,-18.58931098538381,-89.6743773997004,1,0,-1,3,0
294,2,-20.391074780534122,-17.573527790392127,1.749286249758608,158.42091649378963,57.48350184017963,-1.759641774008064,-1,1,-1,6,1
294,3,-20.391074780534122,-17.573527790392127,1.749286249758608,-21.57908350621037,-57.48350184017963,178.24035822599194,-1,-1,1,7,0
295,0,159.6271446353834,-77.32780858005198,-26.95097645379681,-103.16891595067692,18.530717064130847,89.88660156827815,1,-2,0,2,0
295,1,159.6271446353834,-77.32780858005198,-26.95097645379681,76.8310840493231,-18.530717064130847,-90.11339843172186,1,0,-2,3,0
295,2,-20.37285536461664,-17.45715115875849,1.6906389599980438,158.4725991869298,57.49306698142873,-2.0066496128022933,-1,1,-1,6,1
295,3,-20.37285536461664,-17.45715115875849,1.6906389599980438,-21.527400813070198,-57.49306698142873,177.99335038719772,-1,-1,1,7,0
296,0,159.64521654753824,-77.31287405663294,-27.08775759292258,-102.95581165078758,18.472244322397867,89.4456336029582,1,-2,0,2,0
296,1,159.64521654753824,-77.31287405663294,-27.08775759292258,77.04418834921243,-18.472244322397867,-90.55436639704182,1,0,-2,3,0
296,2,-20.35478345246176,-17.340775339670362,1.631747320041333,158.52435385834485,57.50260737286645,-2.2534412867676425,-1,1,-1,6,1
296,3,-20.35478345246176,-17.340775339670362,1.631747320041333,-21.47564614165517,-57.50260737286645,177.74655871323236,-1,-1,1,7,0
297,0,159.66314229027907,-77.29758822532365,-27.224965983585406,-102.74050306793903,18.413898608512635,89.00269636725733,1,-2,0,2,0
297,1,159.66314229027907,-77.29758822532365,-27.224965983585406,77.25949693206097,-18.413898608512635,-90.99730363274266,1,0,-2,3,0
297,2,-20.336857709720935,-17.224401066432176,1.5726120676424127,158.57617997090856,57.51212280038487,-2.5000179636098174,-1,1,-1,6,1
297,3,-20.336857709720935,-17.224401066432176,1.5726120676424127,-21.423820029091463,-57.51212280038487,177.49998203639018,-1,-1,1,7,0
298,0,159.6809231862907,-77.28195039489916,-27.362603086936122,-102.5229688925957,18.355685855669694,88.55776743108285,1,-2,0,2,0
298,1,159.6809231862907,-77.28195039489916,-27.362603086936122,77.4770311074043,-18.355685855669694,-91.44223256891715,1,0,-2,3,0
298,2,-20.319076813709312,-17.10802906645103,1.5132339398723538,158.62807699188693,57.52161305658231,-2.746380806188077,-1,1,-1,6,1
298,3,-20.319076813709312,-17.10802906645103,1.5132339398723538,-21.371923008113068,-57.52161305658231,177.25361919381194,-1,-1,1,7,0
299,0,159.6985605467251,-77.26595986116887,-27.500670392276835,-102.30318772015266,18.297612083325443,88.11082427780966,1,-2,0,2,0
299,1,159.6985605467251,-77.26595986116887,-27.500670392276835,77.69681227984732,-18.297612083325443,-91.88917572219034,1,0,-2,3,0
299,2,-20.301439453274913,-16.991660061251714,1.4536136730932505,158.68004439286008,57.53107794070536,-2.992530972553837,-1,1,-1,6,1
299,3,-20.301439453274913,-16.991660061251714,1.4536136730932505,-21.31995560713992,-57.53107794070536,177.00746902744618,-1,-1,1,7,0
300,0,159.7160556713306,-77.24961590671049,-27.639169417504277,-102.08113805791321,18.23968339859693,87.66184431113577,1,-2,0,2,0
300,1,159.7160556713306,-77.24961590671049,-27.639169417504277,77.91886194208679,-18.23968339859693,-92.33815568886425,1,0,-2,3,0
300,2,-20.283944328669413,-16.87529476649188,1.393752002932107,158.7320816496452,57.540517258590945,-3.238469615988002,-1,1,-1,6,1
300,3,-20.283944328669413,-16.87529476649188,1.393752002932107,-21.26791835035481,-57.540517258590945,176.761530384012,-1,-1,1,7,0
301,0,159.7334098485792,-77.23291780059952,-27.778101709562065,-101.8567983324549,18.181905997664188,87.21080486232682,1,-2,0,2,0
301,1,159.7334098485792,-77.23291780059952,-27.778101709562065,78.1432016675451,-18.181905997664188,-92.78919513767318,1,0,-2,3,0
301,2,-20.266590151420775,-16.758933891977144,1.3336496642548674,158.78418824222052,57.54993082260902,-3.4841978850376947,-1,1,-1,6,1
301,3,-20.266590151420775,-16.758933891977144,1.3336496642548674,-21.215811757779473,-57.54993082260902,176.51580211496233,-1,-1,1,7,0
302,0,159.7506243557926,-77.21586479813367,-27.917468844903183,-101.63014689739609,18.12428616717335,86.75768319786306,1,-2,0,2,0
302,1,159.7506243557926,-77.21586479813367,-27.917468844903183,78.36985310260393,-18.12428616717335,-93.24231680213694,1,0,-2,3,0
302,2,-20.249375644207408,-16.642578141676637,1.2733073911410624,158.83636365465037,57.55931845160533,-3.7297169235520684,-1,1,-1,6,1
302,3,-20.249375644207408,-16.642578141676637,1.2733073911410624,-21.163636345349623,-57.55931845160533,176.27028307644795,-1,-1,1,7,0
303,0,159.76770045926597,-77.19845614055139,-28.05727242996301,-101.40116204157667,18.066830285641913,86.30245652750139,1,-2,0,2,0
303,1,159.76770045926597,-77.19845614055139,-28.05727242996301,78.59883795842333,-18.066830285641913,-93.69754347249861,1,0,-2,3,0
303,2,-20.23229954073405,-16.526228213738115,1.2127259168577653,158.88860737501102,57.56867997084446,-3.9750278707172373,-1,1,-1,6,1
303,3,-20.23229954073405,-16.526228213738115,1.2127259168577653,-21.11139262498899,-57.56867997084446,176.02497212928276,-1,-1,1,7,0
304,0,159.78463941439077,-77.18069105474615,-28.197514101641595,-101.16982199766792,18.00954482486293,85.84510201276781,1,-2,0,2,0
304,1,159.78463941439077,-77.18069105474615,-28.197514101641595,78.83017800233208,-18.00954482486293,-94.1548979872322,1,0,-2,3,0
304,2,-20.215360585609236,-16.409884800503786,1.1519059738347186,158.94091889531754,57.57801521195342,-4.220131861090479,-1,1,-1,6,1
304,3,-20.215360585609236,-16.409884800503786,1.1519059738347186,-21.059081104682452,-57.57801521195342,175.77986813890953,-1,-1,1,7,0
305,0,159.80144246577564,-77.16256875297438,-28.338195527797676,-100.93610495122273,17.95243635130813,85.38559677589183,1,-2,0,2,0
305,1,159.80144246577564,-77.16256875297438,-28.338195527797676,79.06389504877727,-17.95243635130813,-94.61440322410817,1,0,-2,3,0
305,2,-20.19855753422438,-16.29354858852565,1.0908482936389052,158.99329771145173,57.58732401286534,-4.465030024633638,-1,1,-1,6,1
305,3,-20.19855753422438,-16.29354858852565,1.0908482936389052,-21.006702288548286,-57.58732401286534,175.53496997536638,-1,-1,1,7,0
306,0,159.81811084736566,-77.14408843255791,-28.479318407753293,-100.69998905018171,17.895511527528488,84.92391790919734,1,-2,0,2,0
306,1,159.81811084736566,-77.14408843255791,-28.479318407753293,79.30001094981829,-17.895511527528488,-95.07608209080267,1,0,-2,3,0
306,2,-20.181889152634362,-16.177220258581322,1.0295536069494744,159.0457433230907,57.59660621776336,-4.709723486745618,-1,1,-1,6,1
306,3,-20.181889152634362,-16.177220258581322,1.0295536069494744,-20.9542566769093,-57.59660621776336,175.29027651325438,-1,-1,1,7,0
307,0,159.83464578256022,-77.12524927558093,-28.62088447280928,-100.46145241484884,17.838777113550616,84.46004248496494,1,-2,0,2,0
307,1,159.83464578256022,-77.12524927558093,-28.62088447280928,79.53854758515116,-17.838777113550616,-95.53995751503507,1,0,-2,3,0
307,2,-20.165354217439777,-16.06090048568964,0.9680226435328816,159.09825523363673,57.60586167702502,-4.954213368294415,-1,1,-1,6,1
307,3,-20.165354217439777,-16.06090048568964,0.9680226435328816,-20.901744766363276,-57.60586167702502,175.0457866317056,-1,-1,1,7,0
308,0,159.8510484843294,-77.10605044858049,-28.76289548677301,-100.22047314834944,17.782239968267895,83.99394756577698,1,-2,0,2,0
308,1,159.8510484843294,-77.10605044858049,-28.76289548677301,79.77952685165056,-17.782239968267895,-96.00605243422304,1,0,-2,3,0
308,2,-20.148951515670596,-15.944589939126713,0.9062561322184086,159.15083295014767,57.615090247167025,-5.198500785647956,-1,1,-1,6,1
308,3,-20.148951515670596,-15.944589939126713,0.9062561322184086,-20.849167049852337,-57.615090247167025,174.80149921435205,-1,-1,1,7,0
309,0,159.86732015532863,-77.08649110223122,-28.905353246497356,-99.97702934758658,17.725907050824848,83.52561021536265,1,-2,0,2,0
309,1,159.86732015532863,-77.08649110223122,-28.905353246497356,80.02297065241342,-17.725907050824848,-96.47438978463735,1,0,-2,3,0
309,2,-20.132679844671397,-15.828289282441698,0.8442548008733144,159.2034759832685,57.62429179078974,-5.442586850704667,-1,1,-1,6,1
309,3,-20.132679844671397,-15.828289282441698,0.8442548008733144,-20.796524016731514,-57.62429179078974,174.55741314929534,-1,-1,1,7,0
310,0,159.88346198801193,-77.06657037102329,-29.048259582432305,-99.73109911470799,17.669785421993197,83.0550075099548,1,-2,0,2,0
310,1,159.88346198801193,-77.06657037102329,-29.048259582432305,80.26890088529201,-17.669785421993197,-96.9449924900452,1,0,-2,3,0
310,2,-20.116538011988077,-15.711999173472897,0.782019376378543,159.2561838471635,57.633466176522624,-5.686472670922866,-1,1,-1,6,1
310,3,-20.116538011988077,-15.711999173472897,0.782019376378543,-20.743816152836505,-57.633466176522624,174.31352732907715,-1,-1,1,7,0
311,0,159.89947516474408,-77.04628737293454,-29.191616359188743,-99.48266056909854,17.613882245537916,82.58211655017256,1,-2,0,2,0
311,1,159.89947516474408,-77.04628737293454,-29.191616359188743,80.51733943090147,-17.613882245537916,-97.41788344982744,1,0,-2,3,0
311,2,-20.10052483525593,-15.5957202643637,0.7195505846045247,159.30895605944968,57.64261327896947,-5.930159349349896,-1,1,-1,6,1
311,3,-20.10052483525593,-15.5957202643637,0.7195505846045247,-20.691043940550326,-57.64261327896947,174.0698406506501,-1,-1,1,7,0
312,0,159.91536085791066,-77.02564120909481,-29.33542547611577,-99.23169185991192,17.558204789571448,82.10691447344524,1,-2,0,2,0
312,1,159.91536085791066,-77.02564120909481,-29.33542547611577,80.76830814008808,-17.558204789571448,-97.89308552655477,1,0,-2,3,0
312,2,-20.08463914208935,-15.47945320157903,0.6568491503871587,159.3617921411306,57.651732978654216,-6.173647984650123,-1,1,-1,6,1
312,3,-20.08463914208935,-15.47945320157903,0.6568491503871587,-20.6382078588694,-57.651732978654216,173.8263520153499,-1,-1,1,7,0
313,0,159.93112023002726,-77.00463096344455,-29.479688867890225,-98.97817117915632,17.5027604278949,81.62937846699047,1,-2,0,2,0
313,1,159.93112023002726,-77.00463096344455,-29.479688867890225,81.02182882084368,-17.5027604278949,-98.37062153300954,1,0,-2,3,0
313,2,-20.068879769972746,-15.363198625921228,0.593915797503733,159.41469161653146,57.66082516196684,-6.4169396711327025,-1,1,-1,6,1
313,3,-20.068879769972746,-15.363198625921228,0.593915797503733,-20.58530838346855,-57.66082516196684,173.5830603288673,-1,-1,1,7,0
314,0,159.94675443384702,-76.98325570238558,-29.62440850512071,-98.72207677534647,17.447556641323704,81.14948578136004,1,-2,0,2,0
314,1,159.94675443384702,-76.98325570238558,-29.62440850512071,81.27792322465355,-17.447556641323704,-98.85051421863997,1,0,-2,3,0
314,2,-20.053245566152984,-15.246957172546685,0.5307512486493646,159.46765401323458,57.66988972110955,-6.660035498778281,-1,1,-1,6,1
314,3,-20.053245566152984,-15.246957172546685,0.5307512486493646,-20.532345986765424,-57.66988972110955,173.33996450122171,-1,-1,1,7,0
315,0,159.9622646124668,-76.96151447442439,-29.76958639496554,-98.4633869677367,17.39260101899581,80.6672137445676,1,-2,0,2,0
315,1,159.9622646124668,-76.96151447442439,-29.76958639496554,81.5366130322633,-17.39260101899581,-99.3327862554324,1,0,-2,3,0
315,2,-20.037735387533186,-15.13072947098203,0.46735622541316174,159.52067886201618,57.678926554043215,-6.9029365532652225,-1,1,-1,6,1
315,3,-20.037735387533186,-15.13072947098203,0.46735622541316174,-20.47932113798383,-57.678926554043215,173.09706344673478,-1,-1,1,7,0
316,0,159.97765189943215,-76.93940630980843,-29.915224581764683,-98.20208016114837,17.337901259660992,80.18253977681181,1,-2,0,2,0
316,1,159.97765189943215,-76.93940630980843,-29.915224581764683,81.79791983885163,-17.337901259660992,-99.8174602231882,1,0,-2,3,0
316,2,-20.022348100567836,-15.014516145140728,0.4037314482550142,159.57376569678354,57.68793556443423,-7.145643915995215,-1,1,-1,6,1
316,3,-20.022348100567836,-15.014516145140728,0.4037314482550142,-20.42623430321646,-57.68793556443423,172.8543560840048,-1,-1,1,7,0
317,0,159.9929174188407,-76.91693022015444,-30.061325147686702,-97.9381348614046,17.283465172948453,79.6954414058072,1,-2,0,2,0
317,1,159.9929174188407,-76.91693022015444,-30.061325147686702,82.0618651385954,-17.283465172948453,-100.3045585941928,1,0,-2,3,0
317,2,-20.007082581159295,-14.898317813339437,0.3398776364820681,159.62691405451326,57.69691666160131,-7.388158664118197,-1,1,-1,6,1
317,3,-20.007082581159295,-14.898317813339437,0.3398776364820681,-20.373085945486732,-57.69691666160131,172.61184133588182,-1,-1,1,7,0
318,0,160.00806228544445,-76.89408519806845,-30.20789021339118,-97.67152969138516,17.22930068061101,79.20589628273697,1,-2,0,2,0
318,1,160.00806228544445,-76.89408519806845,-30.20789021339118,82.32847030861484,-17.22930068061101,-100.79410371726304,1,0,-2,3,0
318,2,-19.99193771455557,-14.782135088314815,0.2757955082257273,159.68012347519016,57.70586976046281,-7.63048187055665,-1,1,-1,6,1
318,3,-19.99193771455557,-14.782135088314815,0.2757955082257273,-20.31987652480986,-57.70586976046281,172.36951812944335,-1,-1,1,7,0
319,0,160.02308760475057,-76.87087021675809,-30.354921938706347,-97.40224340771464,17.175415817743147,78.71388219883872,1,-2,0,2,0
319,1,160.02308760475057,-76.87087021675809,-30.354921938706347,82.59775659228536,-17.175415817743147,-101.2861178011613,1,0,-2,3,0
319,2,-19.976912395249425,-14.665968577240006,0.2114857804185931,159.73339350174683,57.71479478148425,-7.872614604029383,-1,1,-1,6,1
319,3,-19.976912395249425,-14.665968577240006,0.2114857804185931,-20.266606498253154,-57.71479478148425,172.12738539597063,-1,-1,1,7,0
320,0,160.03799447312124,-76.84728422963582,-30.502422523323496,-97.13025491809438,17.12181873397071,78.21937710263585,1,-2,0,2,0
320,1,160.03799447312124,-76.84728422963582,-30.502422523323496,82.86974508190562,-17.12181873397071,-101.78062289736417,1,0,-2,3,0
320,2,-19.96200552687875,-14.54981888174148,0.1469491687716775,159.78672368000449,57.72369165062601,-8.114557929074559,-1,1,-1,6,1
320,3,-19.96200552687875,-14.54981888174148,0.1469491687716775,-20.213276319995526,-57.72369165062601,171.88544207092545,-1,-1,1,7,0
321,0,160.0527839778717,-76.8233261699138,-30.650394207507386,-96.85554329929258,17.068517694609948,77.72235911782715,1,-2,0,2,0
321,1,160.0527839778717,-76.8233261699138,-30.650394207507386,83.14445670070742,-17.068517694609948,-102.27764088217286,1,0,-2,3,0
321,2,-19.947216022128284,-14.433686597915802,0.08218638775160067,159.84011355861364,57.73256029929108,-8.356312906072235,-1,1,-1,6,1
321,3,-19.947216022128284,-14.433686597915802,0.08218638775160067,-20.159886441386362,-57.73256029929108,171.64368709392778,-1,-1,1,7,0
322,0,160.06745719736767,-76.79899495018975,-30.798839272824093,-96.5780878157994,17.015521081793,77.2228065618427,1,-2,0,2,0
322,1,160.06745719736767,-76.79899495018975,-30.798839272824093,83.4219121842006,-17.015521081793,-102.7771934381573,1,0,-2,3,0
322,2,-19.932542802632323,-14.317572316346364,0.017198150558045182,159.89356268899664,57.74140066427364,-8.597880591266465,-1,1,-1,6,1
322,3,-19.932542802632323,-14.317572316346364,0.017198150558045182,-20.106437311003383,-57.74140066427364,171.40211940873354,-1,-1,1,7,0
323,0,160.08201520112098,-76.77428946202333,-30.947760042886255,-96.29786793916253,16.962837395557237,76.72069796508055,1,-2,0,2,0
323,1,160.08201520112098,-76.77428946202333,-30.947760042886255,83.70213206083747,-16.962837395557237,-103.27930203491947,1,0,-2,3,0
323,2,-19.91798479887904,-14.201476622120524,-0.04801483089849611,159.94707062528988,57.75021268770715,-8.839262036786488,-1,1,-1,6,1
323,3,-19.91798479887904,-14.201476622120524,-0.04801483089849611,-20.05292937471012,-57.75021268770715,171.1607379632135,-1,-1,1,7,0
324,0,160.09645904988432,-76.74920857550289,-31.09715888411705,-96.01486336800737,16.910475254895644,76.21601209082878,1,-2,0,2,0
324,1,160.09645904988432,-76.74920857550289,-31.09715888411705,83.98513663199263,-16.910475254895644,-103.78398790917122,1,0,-2,3,0
324,2,-19.903540950115698,-14.08540009484635,-0.11345184601920812,160.00063692428762,57.75899631701321,-9.080458290667801,-1,1,-1,6,1
324,3,-19.903540950115698,-14.08540009484635,-0.11345184601920812,-19.999363075712377,-57.75899631701321,170.9195417093322,-1,-1,1,7,0
325,0,160.11078979574484,-76.72375113880271,-31.247038206531744,-95.72905404875603,16.8584433987658,75.70872795588741,1,-2,0,2,0
325,1,160.11078979574484,-76.72375113880271,-31.247038206531744,84.27094595124399,-16.8584433987658,-104.29127204411259,1,0,-2,3,0
325,2,-19.889210204255175,-13.969343308669728,-0.17911218553894265,160.05426114538594,57.767751504850416,-9.321470396872364,-1,1,-1,6,1
325,3,-19.889210204255175,-13.969343308669728,-0.17911218553894265,-19.94573885461409,-57.767751504850416,170.67852960312766,-1,-1,1,7,0
326,0,160.12500848221632,-76.6979159777298,-31.39740046453935,-95.44042019704912,16.80675068705345,75.19882485189318,1,-2,0,2,0
326,1,160.12500848221632,-76.6979159777298,-31.39740046453935,84.55957980295088,-16.80675068705345,-104.80117514810684,1,0,-2,3,0
326,2,-19.87499151778371,-13.853306832291508,-0.2449951415481384,160.10794285052748,57.776478209063484,-9.56229939530843,-1,1,-1,6,1
326,3,-19.87499151778371,-13.853306832291508,-0.2449951415481384,-19.892057149472524,-57.776478209063484,170.43770060469157,-1,-1,1,7,0
327,0,160.1391161443303,-76.67170189526009,-31.548248157764153,-95.14894231987829,16.755406101489122,74.68628236735609,1,-2,0,2,0
327,1,160.1391161443303,-76.67170189526009,-31.548248157764153,84.85105768012171,-16.755406101489122,-105.3137176326439,1,0,-2,3,0
327,2,-19.86088385566971,-13.73729122898448,-0.311100007514894,160.16168160414733,57.78517639263251,-9.802946321849783,-1,1,-1,6,1
327,3,-19.86088385566971,-13.73729122898448,-0.311100007514894,-19.83831839585269,-57.78517639263251,170.19705367815024,-1,-1,1,7,0
328,0,160.15311380872623,-76.64510767106407,-31.699583831886944,-94.85460123843741,16.70441874651284,74.17108041041507,1,-2,0,2,0
328,1,160.15311380872623,-76.64510767106407,-31.699583831886944,85.1453987615626,-16.70441874651284,-105.82891958958494,1,0,-2,3,0
328,2,-19.846886191273775,-13.621297056610668,-0.37742607830638847,160.2154769731189,57.79384602362274,-10.043412208354667,-1,1,-1,6,1
328,3,-19.846886191273775,-13.621297056610668,-0.37742607830638847,-19.78452302688109,-57.79384602362274,169.95658779164532,-1,-1,1,7,0
329,0,160.16700249374017,-76.61813206102137,-31.851410079507684,-94.55737811169459,16.653797850085716,73.65319923231505,1,-2,0,2,0
329,1,160.16700249374017,-76.61813206102137,-31.851410079507684,85.44262188830541,-16.653797850085716,-106.34680076768495,1,0,-2,3,0
329,2,-19.832997506259844,-13.50532486763852,-0.44397265021060955,160.26932852670114,57.80248707513422,-10.28369808268385,-1,1,-1,6,1
329,3,-19.832997506259844,-13.50532486763852,-0.44397265021060955,-19.73067147329886,-57.80248707513422,169.71630191731614,-1,-1,1,7,0
330,0,160.18078320949263,-76.59077379672334,-32.00372954103013,-94.25725446068981,16.603552764443098,73.1326194516098,1,-2,0,2,0
330,1,160.18078320949263,-76.59077379672334,-32.00372954103013,85.74274553931019,-16.603552764443098,-106.86738054839022,1,0,-2,3,0
330,2,-19.819216790507376,-13.389375209160123,-0.5107390209577857,160.32323583648588,57.811099525251784,-10.523804968718679,-1,1,-1,6,1
330,3,-19.819216790507376,-13.389375209160123,-0.5107390209577857,-19.67676416351412,-57.811099525251784,169.47619503128132,-1,-1,1,7,0
331,0,160.1944569579753,-76.56303158496446,-32.15654490556813,-93.95421219355991,16.55369296678739,72.60932207909349,1,-2,0,2,0
331,1,160.1944569579753,-76.56303158496446,-32.15654490556813,86.0457878064401,-16.55369296678739,-107.39067792090653,1,0,-2,3,0
331,2,-19.80554304202472,-13.273448622908663,-0.5777244897414263,160.37719847634628,57.81968335699548,-10.763733886378207,-1,1,-1,6,1
331,3,-19.80554304202472,-13.273448622908663,-0.5777244897414263,-19.622801523653724,-57.81968335699548,169.2362661136218,-1,-1,1,7,0
332,0,160.20802473313643,-76.53490410722067,-32.309858911875835,-93.64823363129207,16.50422805991612,72.08328854346018,1,-2,0,2,0
332,1,160.20802473313643,-76.53490410722067,-32.309858911875835,86.35176636870793,-16.50422805991612,-107.91671145653982,1,0,-2,3,0
332,2,-19.791975266863574,-13.15754564527557,-0.6449283572398504,160.43121602238557,57.82823855827079,-11.003485851636146,-1,1,-1,6,1
332,3,-19.791975266863574,-13.15754564527557,-0.6449283572398504,-19.568783977614416,-57.82823855827079,168.99651414836387,-1,-1,1,7,0
333,0,160.22148752096564,-76.50639001911581,-32.46367434930093,-93.3393015342043,16.455167772782396,71.5545007176915,1,-2,0,2,0
333,1,160.22148752096564,-76.50639001911581,-32.46367434930093,86.66069846579572,-16.455167772782396,-108.44549928230852,1,0,-2,3,0
333,2,-19.778512479034365,-13.04166680732802,-0.7123499256370067,160.48528805288677,57.83676512181934,-11.243061876537324,-1,1,-1,6,1
333,3,-19.778512479034365,-13.04166680732802,-0.7123499256370067,-19.514711947113213,-57.83676512181934,168.75693812346267,-1,-1,1,7,0
334,0,160.23484629957713,-76.47748794987486,-32.61799405876236,-93.02739912915132,16.40652196098339,71.02294094616958,1,-2,0,2,0
334,1,160.23484629957713,-76.47748794987486,-32.61799405876236,86.97260087084868,-16.40652196098339,-108.97705905383043,1,0,-2,3,0
334,2,-19.76515370042288,-12.925812634826423,-0.779988498643195,160.53941414826272,57.84526304516998,-11.482462969213628,-1,1,-1,6,1
334,3,-19.76515370042288,-12.925812634826423,-0.779988498643195,-19.46058585173728,-57.84526304516998,168.51753703078637,-1,-1,1,7,0
335,0,160.24810203929226,-76.44819650176346,-32.772820933753955,-92.71251013744933,16.358300607173828,70.48859207250963,1,-2,0,2,0
335,1,160.24810203929226,-76.44819650176346,-32.772820933753955,87.28748986255067,-16.358300607173828,-109.51140792749038,1,0,-2,3,0
335,2,-19.751897960707755,-12.809983648241841,-0.8478433815160827,160.59359389100698,57.85373233058955,-11.721690133899514,-1,1,-1,6,1
335,3,-19.751897960707755,-12.809983648241841,-0.8478433815160827,-19.40640610899305,-57.85373233058955,168.27830986610047,-1,-1,1,7,0
336,0,160.2612557027209,-76.41851424951345,-32.928157921374115,-92.39461880351492,16.310513821399994,69.95143746810682,1,-2,0,2,0
336,1,160.2612557027209,-76.41851424951345,-32.928157921374115,87.60538119648508,-16.310513821399994,-110.0485625318932,1,0,-2,3,0
336,2,-19.738744297279126,-12.694180362773324,-0.9159138810813586,160.64782686564513,57.86217298503426,-11.960744370947166,-1,1,-1,6,1
336,3,-19.738744297279126,-12.694180362773324,-0.9159138810813586,-19.352173134354853,-57.86217298503426,168.03925562905283,-1,-1,1,7,0
337,0,160.27430824484182,-76.38843973973496,-33.084008023380946,-92.07370992421116,16.26317184135147,69.41146106139088,1,-2,0,2,0
337,1,160.27430824484182,-76.38843973973496,-33.084008023380946,87.92629007578886,-16.26317184135147,-110.58853893860913,1,0,-2,3,0
337,2,-19.725691755158188,-12.578403288365854,-0.9841993057527565,160.70211265868716,57.870585020101394,-12.199626676841179,-1,1,-1,6,1
337,3,-19.725691755158188,-12.578403288365854,-0.9841993057527565,-19.297887341312837,-57.870585020101394,167.80037332315882,-1,-1,1,7,0
338,0,160.28726061308222,-76.35797149031254,-33.240374297277384,-91.74976887888575,16.216285032525207,68.86864736777207,1,-2,0,2,0
338,1,160.28726061308222,-76.35797149031254,-33.240374297277384,88.25023112111425,-16.216285032525207,-111.13135263222793,1,0,-2,3,0
338,2,-19.712739386917768,-12.462652929727467,-1.0526989655530072,160.75645085857974,57.87896845198061,-12.4383380442129,-1,1,-1,6,1
338,3,-19.712739386917768,-12.462652929727467,-1.0526989655530072,-19.243549141420292,-57.87896845198061,167.5616619557871,-1,-1,1,7,0
339,0,160.30011374739607,-76.32710798978658,-33.39725985742362,-91.42278166009218,16.169863888299897,68.32298152027182,1,-2,0,2,0
339,1,160.30011374739607,-76.32710798978658,-33.39725985742362,88.57721833990783,-16.169863888299897,-111.67701847972819,1,0,-2,3,0
339,2,-19.699886252603946,-12.346929786347065,-1.1214121721337127,160.81084105565958,57.887323301406155,-12.676879461854307,-1,1,-1,6,1
339,3,-19.699886252603946,-12.346929786347065,-1.1214121721337127,-19.189158944340434,-57.887323301406155,167.3231205381457,-1,-1,1,7,0
340,0,160.31286858034144,-76.29584769671928,-33.55466787617883,-91.09273490497843,16.123919029914962,67.77444930082015,1,-2,0,2,0
340,1,160.31286858034144,-76.29584769671928,-33.55466787617883,88.90726509502157,-16.123919029914962,-112.22555069917985,1,0,-2,3,0
340,2,-19.68713141965856,-12.231234352512038,-1.1903382387956374,160.86528284210738,57.89564959360868,-12.915251914731407,-1,1,-1,6,1
340,3,-19.68713141965856,-12.231234352512038,-1.1903382387956374,-19.134717157892617,-57.89564959360868,167.0847480852686,-1,-1,1,7,0
341,0,160.32552603715732,-76.26418903904323,-33.712601585075035,-90.75961592732143,16.078461206351225,67.22303717219917,1,-2,0,2,0
341,1,160.32552603715732,-76.26418903904323,-33.712601585075035,89.24038407267857,-16.078461206351225,-112.77696282780083,1,0,-2,3,0
341,2,-19.674473962842683,-12.115567117325911,-1.259476480508398,160.91977581190227,57.90394735826784,-13.153456383997591,-1,1,-1,6,1
341,3,-19.674473962842683,-12.115567117325911,-1.259476480508398,-19.080224188097734,-57.90394735826784,166.84654361600244,-1,-1,1,7,0
342,0,160.33808703583892,-76.2321304133945,-33.87106427602065,-90.4234127501922,16.03350129410916,66.66873231061726,1,-2,0,2,0
342,1,160.33808703583892,-76.2321304133945,-33.87106427602065,89.57658724980782,-16.03350129410916,-113.33126768938276,1,0,-2,3,0
342,2,-19.661912964161075,-11.999928564725874,-1.3288262139308018,160.97431956077656,57.91221662946436,-13.391493847006307,-1,1,-1,6,1
342,3,-19.661912964161075,-11.999928564725874,-1.3288262139308018,-19.025680439223446,-57.91221662946436,166.6085061529937,-1,-1,1,7,0
343,0,160.3505524872125,-76.1996701844271,-34.030059302538085,-90.08411413922346,15.989050296880105,66.11152263888634,1,-2,0,2,0
343,1,160.3505524872125,-76.1996701844271,-34.030059302538085,89.91588586077656,-15.989050296880105,-113.88847736111366,1,0,-2,3,0
343,2,-19.649447512787496,-11.884319173500652,-1.398386757430104,161.0289136861716,57.92045744563305,-13.62936527732337,-1,1,-1,6,1
343,3,-19.649447512787496,-11.884319173500652,-1.398386757430104,-18.971086313828422,-57.92045744563305,166.37063472267664,-1,-1,1,7,0
344,0,160.36292329500898,-76.16680668411011,-34.189590081034446,-89.74170963645561,15.945119345107667,65.55139686017687,1,-1,0,2,0
344,1,160.36292329500898,-76.16680668411011,-34.189590081034446,90.25829036354439,-15.945119345107667,-114.44860313982315,1,1,-2,3,0
344,2,-19.63707670499102,-11.768739417308081,-1.4681574311020213,161.08355778719368,57.928669849515394,-13.8670716447391,-1,1,-1,6,1
344,3,-19.63707670499102,-11.768739417308081,-1.4681574311020213,-18.916442212806345,-57.928669849515394,166.1329283552609,-1,-1,1,7,0
345,0,160.3752003559368,-76.13353821100607,-34.349660092106916,-89.39618959473158,15.901719695434181,64.98834449232193,1,-1,0,2,0
345,1,160.3752003559368,-76.13353821100607,-34.349660092106916,90.60381040526842,-15.901719695434181,-115.01165550767807,1,1,-2,3,0
345,2,-19.624799644063184,-11.653189764692897,-1.5381375567899709,161.1382514645708,57.93685388811273,-14.104613915280064,-1,1,-1,6,1
345,3,-19.624799644063184,-11.653189764692897,-1.5381375567899709,-18.86174853542919,-57.93685388811273,165.89538608471995,-1,-1,1,7,0
346,0,160.38738455975397,-76.09986302953,-34.510272881884475,-89.04754521260696,15.858862730028438,64.42235590263698,1,-1,0,2,0
346,1,160.38738455975397,-76.09986302953,-34.510272881884475,90.95245478739304,-15.858862730028438,-115.57764409736302,1,1,-2,3,0
346,2,-19.61261544024602,-11.537670679104435,-1.6083264581044905,161.19299432061007,57.94500961263952,-14.341993051220397,-1,1,-1,6,1
346,3,-19.61261544024602,-11.537670679104435,-1.6083264581044905,-18.807005679389928,-57.94500961263952,165.65800694877962,-1,-1,1,7,0
347,0,160.399476789339,-76.06577936918853,-34.67143206340676,-88.6957685697402,15.816559955792199,63.853422343218746,1,-1,0,2,0
347,1,160.399476789339,-76.06577936918853,-34.67143206340676,91.30423143025982,-15.816559955792199,-116.14657765678126,1,1,-2,3,0
347,2,-19.60052321066103,-11.422182618914427,-1.6787234604426404,161.24778595915512,57.95313707847656,-14.579210011092785,-1,1,-1,6,1
347,3,-19.60052321066103,-11.422182618914427,-1.6787234604426404,-18.752214040844862,-57.95313707847656,165.42078998890722,-1,-1,1,7,0
348,0,160.41147792076106,-76.03128542379832,-34.83314131804154,-88.34085266272243,15.774823003439739,63.28153598668467,1,-1,0,2,0
348,1,160.41147792076106,-76.03128542379832,-34.83314131804154,91.65914733727757,-15.774823003439739,-116.71846401331533,1,1,-2,3,0
348,2,-19.588522079238963,-11.306726037434718,-1.74932789100707,161.30262598554472,57.96123634512468,-14.816265749699275,-1,1,-1,6,1
348,3,-19.588522079238963,-11.306726037434718,-1.74932789100707,-18.697374014455278,-57.96123634512468,165.18373425030074,-1,-1,1,7,0
349,0,160.42338882334954,-75.99637935068368,-34.99540439694129,-87.98279144130649,15.733663626448374,62.706689962310016,1,-1,0,2,0
349,1,160.42338882334954,-75.99637935068368,-34.99540439694129,92.01720855869351,-15.733663626448374,-117.29331003768999,1,1,-2,3,0
349,2,-19.57661117665047,-11.191301382935004,-1.8201390788250276,161.35751400657142,57.96930747615859,-15.053161218121652,-1,1,-1,6,1
349,3,-19.57661117665047,-11.191301382935004,-1.8201390788250276,-18.642485993428586,-57.96930747615859,164.94683878187837,-1,-1,1,7,0
350,0,160.43521035976244,-75.96105926985136,-35.1582251225421,-87.62157984498452,15.693093699874971,62.12887839251468,1,-1,0,2,0
350,1,160.43521035976244,-75.96105926985136,-35.1582251225421,92.37842015501549,-15.693093699874971,-117.87112160748534,1,1,-2,3,0
350,2,-19.564789640237567,-11.075909098660727,-1.8911563547672696,161.412449630441,57.97735053918075,-15.289897363731509,-1,1,-1,6,1
350,3,-19.564789640237567,-11.075909098660727,-1.8911563547672696,-18.587550369559015,-57.97735053918075,164.7101026362685,-1,-1,1,7,0
351,0,160.446943386054,-75.92532326314308,-35.321607390104276,-87.25721383986807,15.653125219036252,61.54809642965138,1,-1,0,2,0
351,1,160.446943386054,-75.92532326314308,-35.321607390104276,92.74278616013193,-15.653125219036252,-118.45190357034862,1,1,-2,3,0
351,2,-19.553056613946026,-10.960549622850719,-1.9623790515669857,161.46743246673228,57.98536560577544,-15.52647513020015,-1,1,-1,6,1
351,3,-19.553056613946026,-10.960549622850719,-1.9623790515669857,-18.53256753326772,-57.98536560577544,164.47352486979986,-1,-1,1,7,0
352,0,160.45858875174156,-75.88916937336417,-35.48555516929732,-86.88969045581467,15.61377029804882,60.96434029304034,1,-1,0,2,0
352,1,160.45858875174156,-75.88916937336417,-35.48555516929732,93.11030954418533,-15.61377029804882,-119.03565970695966,1,1,-2,3,0
352,2,-19.541411248258452,-10.845223388755137,-2.0338065038383983,161.52246212635757,57.99335275146311,-15.762895457507865,-1,1,-1,6,1
352,3,-19.541411248258452,-10.845223388755137,-2.0338065038383983,-18.477537873642422,-57.99335275146311,164.23710454249215,-1,-1,1,7,0
353,0,160.47014729987174,-75.85259560338787,-35.65007250583065,-86.51900782374229,15.575041168225702,60.37760730619135,1,-1,0,2,0
353,1,160.47014729987174,-75.85259560338787,-35.65007250583065,93.48099217625771,-15.575041168225702,-119.62239269380865,1,1,-2,3,0
353,2,-19.529852700128266,-10.72993082465301,-2.1054380480955017,161.57753822152347,58.001312055654886,-15.99915928195343,-1,1,-1,6,1
353,3,-19.529852700128266,-10.72993082465301,-2.1054380480955017,-18.42246177847653,-58.001312055654886,164.00084071804656,-1,-1,1,7,0
354,0,160.48161986708558,-75.81559991523432,-35.815163523131424,-86.14516521307166,15.536950176326668,59.787895934153354,1,-1,0,2,0
354,1,160.48161986708558,-75.81559991523432,-35.815163523131424,93.85483478692834,-15.536950176326668,-120.21210406584665,1,1,-2,3,0
354,2,-19.51838013291442,-10.61467235387036,-2.177273022770205,161.63266036569226,58.009243601607274,-16.23526753616288,-1,1,-1,6,1
354,3,-19.51838013291442,-10.61467235387036,-2.177273022770205,-18.367339634307726,-58.009243601607274,163.76473246383713,-1,-1,1,7,0
355,0,160.49300728368303,-75.77818022912264,-35.980832424071934,-85.76816306922957,15.499509782659658,59.195205820924386,1,-1,0,2,0
355,1,160.49300728368303,-75.77818022912264,-35.980832424071934,94.23183693077043,-15.499509782659658,-120.80479417907563,1,1,-2,3,0
355,2,-19.50699271631696,-10.499448394797652,-2.2493107682312203,161.68782817354383,58.01714747637677,-16.471221149098273,-1,1,-1,6,1
355,3,-19.50699271631696,-10.499448394797652,-2.2493107682312203,-18.312171826456172,-58.01714747637677,163.52877885090174,-1,-1,1,7,0
356,0,160.50431037368668,-75.7403344224973,-36.147083492746106,-85.38800305114474,15.462732559030105,58.59953782685364,1,-1,0,2,0
356,1,160.50431037368668,-75.7403344224973,-36.147083492746106,94.61199694885525,-15.462732559030105,-121.40046217314637,1,1,-2,3,0
356,2,-19.495689626313315,-10.384259360907832,-2.3215506268018813,161.7430412609379,58.02502377077504,-16.707021046066032,-1,1,-1,6,1
356,3,-19.495689626313315,-10.384259360907832,-2.3215506268018813,-18.256958739062092,-58.02502377077504,163.29297895393398,-1,-1,1,7,0
357,0,160.51552995490465,-75.70206032902449,-36.31392109630063,-85.00468806866036,15.426631186537229,58.000894065959685,1,-1,0,2,0
357,1,160.51552995490465,-75.70206032902449,-36.31392109630063,94.99531193133966,-15.426631186537229,-121.99910593404033,1,1,-2,3,0
357,2,-19.48447004509537,-10.269105660773867,-2.3939919427786323,161.798299244877,58.03287257932405,-16.94266814872521,-1,1,-1,6,1
357,3,-19.48447004509537,-10.269105660773867,-2.3939919427786323,-18.201700755123003,-58.03287257932405,163.0573318512748,-1,-1,1,7,0
358,0,160.52666683899272,-75.66335573756056,-36.481349686818845,-84.61822231978832,15.391218453212943,57.399277943089864,1,-1,0,2,0
358,1,160.52666683899272,-75.66335573756056,-36.481349686818845,95.3817776802117,-15.391218453212943,-122.60072205691016,1,1,-2,3,0
358,2,-19.473333161007286,-10.153987698086736,-2.466634062448945,161.85360174346965,58.04069400021124,-17.17816337509522,-1,1,-1,6,1
358,3,-19.473333161007286,-10.153987698086736,-2.466634062448945,-18.14639825653036,-58.04069400021124,162.8218366249048,-1,-1,1,7,0
359,0,160.53772183151594,-75.62421839108953,-36.64937380326219,-84.2286113277213,15.356507251504484,56.794694190836005,1,-1,0,2,0
359,1,160.53772183151594,-75.62421839108953,-36.64937380326219,95.7713886722787,-15.356507251504484,-123.205305809164,1,1,-2,3,0
359,2,-19.46227816848408,-10.038905871672986,-2.5394763341093882,161.90894837589414,58.048488135245194,-17.413507639563743,-1,1,-1,6,1
359,3,-19.46227816848408,-10.038905871672986,-2.5394763341093882,-18.091051624105855,-58.048488135245194,162.58649236043627,-1,-1,1,7,0
360,0,160.5486957320091,-75.58464598562969,-36.817998073468985,-83.83586197751977,15.32251057559691,56.18714890612548,1,-1,0,2,0
360,1,160.5486957320091,-75.58464598562969,-36.817998073468985,96.16413802248022,-15.32251057559691,-123.81285109387451,1,1,-2,3,0
360,2,-19.45130426799092,-9.923860575512668,-2.6125181080832496,161.96433876236293,58.05625508981126,-17.648701852893957,-1,1,-1,6,1
360,3,-19.45130426799092,-9.923860575512668,-2.6125181080832496,-18.035661237637072,-58.05625508981126,162.35129814710604,-1,-1,1,7,0
361,0,160.55958933403684,-75.54463616910685,-36.98722721621524,-83.4399825523814,15.289241518576157,55.57664958639287,1,-1,0,2,0
361,1,160.55958933403684,-75.54463616910685,-36.98722721621524,96.56001744761862,-15.289241518576157,-124.42335041360712,1,1,-2,3,0
361,2,-19.440410665963157,-9.808852198756838,-2.685758736738769,162.01977252408707,58.06399497282726,-17.883746922231822,-1,1,-1,6,1
361,3,-19.440410665963157,-9.808852198756838,-2.685758736738769,-17.98022747591292,-58.06399497282726,162.1162530777682,-1,-1,1,7,0
362,0,160.57040342525295,-75.5041865401945,-37.15706604333734,-83.0409827694032,15.25671326943065,54.96320516524406,1,-1,0,2,0
362,1,160.57040342525295,-75.5041865401945,-37.15706604333734,96.9590172305968,-15.25671326943065,-125.03679483475594,1,1,-2,3,0
362,2,-19.429596574747055,-9.693881125745442,-2.7591975745064516,162.07524928324156,58.071707896699515,-18.11864375111305,-1,1,-1,6,1
362,3,-19.429596574747055,-9.693881125745442,-2.7591975745064516,-17.924750716758435,-58.071707896699515,161.88135624888696,-1,-1,1,7,0
363,0,160.58113878745874,-75.46329464711867,-37.32751946192034,-82.63887381473766,15.22493910989251,54.34682604751264,1,-1,0,2,0
363,1,160.58113878745874,-75.46329464711867,-37.32751946192034,97.36112618526234,-15.22493910989251,-125.65317395248735,1,1,-2,3,0
363,2,-19.418861212541277,-9.578947736024933,-2.832833977896735,162.13076866293082,58.07939397727903,-18.353393239469934,-1,1,-1,6,1
363,3,-19.418861212541277,-9.578947736024933,-2.832833977896735,-17.869231337069195,-58.07939397727903,161.64660676053006,-1,-1,1,7,0
364,0,160.59179619666105,-75.4219579864261,-37.498592476554116,-82.2336683780436,15.193932411117194,53.72752414361099,1,-1,0,2,0
364,1,160.59179619666105,-75.4219579864261,-37.498592476554116,97.76633162195641,-15.193932411117194,-126.27247585638902,1,1,-2,3,0
364,2,-19.408203803338964,-9.46405240436602,-2.9066673055174936,162.18633028715473,58.08705333381779,-18.587996283637732,-1,1,-1,6,1
364,3,-19.408203803338964,-9.46405240436602,-2.9066673055174936,-17.813669712845265,-58.08705333381779,161.41200371636228,-1,-1,1,7,0
365,0,160.60237642312939,-75.3801740017148,-37.67029019165998,-81.82538068612828,15.163706630203638,53.105312903070285,1,-1,0,2,0
365,1,160.60237642312939,-75.3801740017148,-37.67029019165998,98.17461931387172,-15.163706630203638,-126.89468709692973,1,1,-2,3,0
365,2,-19.397623576870636,-9.34919550078115,-2.9806969180916036,162.2419337807752,58.09468608892506,-18.822453776361165,-1,1,-1,6,1
365,3,-19.397623576870636,-9.34919550078115,-2.9806969180916036,-17.758066219224805,-58.09468608892506,161.17754622363884,-1,-1,1,7,0
366,0,160.61288023145235,-75.3379400823255,-37.8426178138899,-81.41402653567481,15.134275306554791,52.480207347165496,1,-1,0,2,0
366,1,160.61288023145235,-75.3379400823255,-37.8426178138899,98.5859734643252,-15.134275306554791,-127.51979265283452,1,1,-2,3,0
366,2,-19.38711976854765,-9.234377390542335,-3.0549221784739933,162.2975787694829,58.10229236852415,-19.0567666068005,-1,1,-1,6,1
366,3,-19.38711976854765,-9.234377390542335,-3.0549221784739933,-17.702421230517114,-58.10229236852415,160.9432333931995,-1,-1,1,7,0
367,0,160.6233083805936,-75.29525356199191,-38.015580654601955,-80.99962332494468,15.105652058080812,51.85222410051399,1,-1,0,2,0
367,1,160.6233083805936,-75.29525356199191,-38.015580654601955,99.00037667505534,-15.105652058080812,-128.14777589948602,1,1,-2,3,0
367,2,-19.376691619406408,-9.11959843419865,-3.129342451669022,162.35326487976465,58.109872301809105,-19.290935660537514,-1,1,-1,6,1
367,3,-19.376691619406408,-9.11959843419865,-3.129342451669022,-17.646735120235327,-58.109872301809105,160.70906433946251,-1,-1,1,7,0
368,0,160.63366162394684,-75.25211171744904,-38.18918413241422,-80.58219008434477,15.077850577247174,51.22138142153684,1,-1,0,2,0
368,1,160.63366162394684,-75.25211171744904,-38.18918413241422,99.41780991565523,-15.077850577247174,-128.77861857846315,1,1,-2,3,0
368,2,-19.366338376053154,-9.004858987593769,-3.20395710484764,162.4089917388713,58.11742602120165,-19.524961819581225,-1,1,-1,6,1
368,3,-19.366338376053154,-9.004858987593769,-3.20395710484764,-17.591008261128692,-58.11742602120165,160.47503818041878,-1,-1,1,7,0
369,0,160.6439407093905,-75.20851176699702,-38.36343377584116,-80.16174750574326,15.050884626970351,50.587699231667884,1,-1,0,2,0
369,1,160.6439407093905,-75.20851176699702,-38.36343377584116,99.83825249425674,-15.050884626970351,-129.41230076833213,1,1,-2,3,0
369,2,-19.356059290609497,-8.890159401883674,-3.2787655073642816,162.46475897478567,58.12495366230817,-19.75884596237354,-1,1,-1,6,1
369,3,-19.356059290609497,-8.890159401883674,-3.2787655073642816,-17.535241025214344,-58.12495366230817,160.24115403762647,-1,-1,1,7,0
370,0,160.65414637934146,-75.16445086901955,-38.538335226014155,-79.7383179704205,15.024768036364357,49.95119914319622,1,-1,0,2,0
370,1,160.65414637934146,-75.16445086901955,-38.538335226014155,100.26168202957952,-15.024768036364357,-130.04880085680378,1,1,-2,3,0
370,2,-19.345853620658534,-8.77550002355394,-3.35376703077405,162.5205662161912,58.13245536387706,-19.992588963794592,-1,1,-1,6,1
370,3,-19.345853620658534,-8.77550002355394,-3.35376703077405,-17.47943378380878,-58.13245536387706,160.0074110362054,-1,-1,1,7,0
371,0,160.6642793708084,-75.11992612045421,-38.713894239491864,-79.31192557553375,14.999514696342205,49.311904485620694,1,-1,0,2,0
371,1,160.6642793708084,-75.11992612045421,-38.713894239491864,100.68807442446627,-14.999514696342205,-130.6880955143793,1,1,-2,3,0
371,2,-19.335720629191602,-8.660881194437424,-3.4289610488494455,162.57641309244104,58.13993126775589,-20.22619169516801,-1,1,-1,6,1
371,3,-19.335720629191602,-8.660881194437424,-3.4289610488494455,-17.423586907558956,-58.13993126775589,159.773808304832,-1,-1,1,7,0
372,0,160.67434041544433,-75.074934555214,-38.89011669116086,-78.88259615898109,14.975138555076807,48.66984033040194,1,-1,0,2,0
372,1,160.67434041544433,-75.074934555214,-38.89011669116086,101.11740384101893,-14.975138555076807,-131.33015966959806,1,1,-2,3,0
372,2,-19.32565958455567,-8.546303251731585,-3.5043469375972487,162.63229923352728,58.14738151884914,-20.45965502426603,-1,1,-1,6,1
372,3,-19.32565958455567,-8.546303251731585,-3.5043469375972487,-17.367700766472712,-58.14738151884914,159.54034497573397,-1,-1,1,7,0
373,0,160.68433023959867,-75.02947314255663,-39.06700857723365,-78.45035732254091,14.951653613327519,48.02503351398777,1,-1,0,2,0
373,1,160.68433023959867,-75.02947314255663,-39.06700857723365,101.54964267745909,-14.951653613327519,-131.97496648601225,1,1,-2,3,0
373,2,-19.31566976040133,-8.431766528015999,-3.57992407527511,162.68822427005085,58.1548062650757,-20.692979815314253,-1,1,-1,6,1
373,3,-19.31566976040133,-8.431766528015999,-3.57992407527511,-17.31177572994916,-58.1548062650757,159.30702018468577,-1,-1,1,7,0
374,0,160.69424956436856,-74.98353878540028,-39.24457601834545,-78.01523845316873,14.929073919636123,47.37751265899442,1,-1,0,2,0
374,1,160.69424956436856,-74.98353878540028,-39.24457601834545,101.98476154683128,-14.929073919636123,-132.62248734100558,1,1,-2,3,0
374,2,-19.305750435631467,-8.317271351269607,-3.655691842408449,162.74418783319155,58.16220565732667,-20.92616692899662,-1,1,-1,6,1
374,3,-19.305750435631467,-8.317271351269607,-3.655691842408449,-17.25581216680845,-58.16220565732667,159.07383307100338,-1,-1,1,7,0
375,0,160.70409910564965,-74.937128318584,-39.42282526275477,-77.5772707423307,14.90741356540232,46.72730819342205,1,-1,0,2,0
375,1,160.70409910564965,-74.937128318584,-39.42282526275477,102.42272925766932,-14.90741356540232,-133.27269180657797,1,1,-2,3,0
375,2,-19.29590089435038,-8.202818044888131,-3.731649621806829,162.8001895546788,58.16957984942339,-21.159217222459834,-1,1,-1,6,1
375,3,-19.29590089435038,-8.202818044888131,-3.731649621806829,-17.199810445321177,-58.16957984942339,158.84078277754017,-1,-1,1,7,0
376,0,160.71387957418634,-74.89023850706965,-39.60176268965177,-77.13648720325524,14.886686679842606,46.07445236778588,1,-1,0,2,0
376,1,160.71387957418634,-74.89023850706965,-39.60176268965177,102.86351279674477,-14.886686679842606,-133.92554763221415,1,1,-2,3,0
376,2,-19.286120425813692,-8.088406927701481,-3.8077967985803065,162.85622906676252,58.176928998075546,-21.392131549317916,-1,1,-1,6,1
376,3,-19.286120425813692,-8.088406927701481,-3.8077967985803065,-17.143770933237487,-58.176928998075546,158.60786845068208,-1,-1,1,7,0
377,0,160.72359167562132,-74.84286604408304,-39.78139481257963,-76.69292268598225,14.866907424843559,45.41897927004319,1,-1,0,2,0
377,1,160.72359167562132,-74.84286604408304,-39.78139481257963,103.30707731401776,-14.866907424843559,-134.5810207299568,1,1,-2,3,0
377,2,-19.276408324378686,-7.974038313990708,-3.884132760156382,162.9123060021843,58.184253262839164,-21.624910759656423,-1,1,-1,6,1
377,3,-19.276408324378686,-7.974038313990708,-3.884132760156382,-17.0876939978157,-58.184253262839164,158.37508924034358,-1,-1,1,7,0
378,0,160.73323611054474,-74.79500754919243,-39.96172828297256,-76.24661389009518,14.848089989716538,44.760924838199905,1,-1,0,2,0
378,1,160.73323611054474,-74.79500754919243,-39.96172828297256,103.75338610990484,-14.848089989716538,-135.2390751618001,1,1,-2,3,0
378,2,-19.266763889455273,-7.859712513505468,-3.9606568962957893,162.96841999414943,58.19155280607532,-21.85755570003679,-1,1,-1,6,1
378,3,-19.266763889455273,-7.859712513505468,-3.9606568962957893,-17.03158000585058,-58.19155280607532,158.14244429996322,-1,-1,1,7,0
379,0,160.74281357454245,-74.74665956632118,-40.142769893815704,-75.79759937502116,14.83024858586501,44.10032687048338,1,-1,0,2,0
379,1,160.74281357454245,-74.74665956632118,-40.142769893815704,104.20240062497884,-14.83024858586501,-135.89967312951663,1,1,-2,3,0
379,2,-19.257186425457565,-7.745429831481101,-4.037368599108994,163.02457067629868,58.198827792908425,-22.090067213500205,-1,1,-1,6,1
379,3,-19.257186425457565,-7.745429831481101,-4.037368599108994,-16.975429323701324,-58.198827792908425,157.9099327864998,-1,-1,1,7,0
380,0,160.75232475824401,-74.69781856169158,-40.32452658343282,-75.34591956778647,14.813397441373635,43.43722503296672,1,-1,0,2,0
380,1,160.75232475824401,-74.69781856169158,-40.32452658343282,104.65408043221355,-14.813397441373635,-136.56277496703328,1,1,-2,3,0
380,2,-19.247675241755985,-7.631190568655758,-4.11426726307243,163.08075768268094,58.206078391184924,-22.322446139571735,-1,1,-1,6,1
380,3,-19.247675241755985,-7.631190568655758,-4.11426726307243,-16.919242317319068,-58.206078391184924,157.67755386042828,-1,-1,1,7,0
381,0,160.76177034737015,-74.64848092169737,-40.50700543940643,-74.89161676811935,14.79755079553199,42.771660864538596,1,-1,0,2,0
381,1,160.76177034737015,-74.64848092169737,-40.50700543940643,105.10838323188065,-14.79755079553199,-137.22833913546143,1,1,-2,3,0
381,2,-19.23822965262987,-7.516995021287361,-4.191352285044699,163.13698064772598,58.21330477143208,-22.554693314263925,-1,1,-1,6,1
381,3,-19.23822965262987,-7.516995021287361,-4.191352285044699,-16.863019352274016,-58.21330477143208,157.44530668573609,-1,-1,1,7,0
382,0,160.77115102277924,-74.59864295070173,-40.69021370263621,-74.4347351507975,14.782722893302696,42.103677779113625,1,-1,0,2,0
382,1,160.77115102277924,-74.59864295070173,-40.69021370263621,105.56526484920252,-14.782722893302696,-137.8963222208864,1,1,-2,3,0
382,2,-19.228848977220768,-7.402843481170763,-4.268623064282516,163.1932392062176,58.22050710681684,-22.78680957008064,-1,1,-1,6,1
382,3,-19.228848977220768,-7.402843481170763,-4.268623064282516,-16.80676079378241,-58.22050710681684,157.21319042991936,-1,-1,1,7,0
383,0,160.78046746051388,-74.54830086875738,-40.87415877154177,-73.97532076513859,14.76892797974958,41.43332106498345,1,-1,0,2,0
383,1,160.78046746051388,-74.54830086875738,-40.87415877154177,106.02467923486141,-14.76892797974958,-138.56667893501654,1,1,-2,3,0
383,2,-19.219532539486128,-7.288736235654637,-4.346079002456679,163.2495329932672,58.2276855731051,-23.018795736020586,-1,1,-1,6,1
383,3,-19.219532539486128,-7.288736235654637,-4.346079002456679,-16.75046700673279,-58.2276855731051,156.98120426397944,-1,-1,1,7,0
384,0,160.7897203318464,-74.49745080924536,-41.05884820641673,-73.51342153154022,14.756180294437074,40.76063788121269,1,-1,0,2,0
384,1,160.7897203318464,-74.49745080924536,-41.05884820641673,106.4865784684598,-14.756180294437074,-139.2393621187873,1,1,-2,3,0
384,2,-19.210279668153586,-7.174673567658315,-4.423719503668236,163.30586164428775,58.23484034862061,-23.250652637580774,-1,1,-1,6,1
384,3,-19.210279668153586,-7.174673567658315,-4.423719503668236,-16.69413835571227,-58.23484034862061,156.74934736241923,-1,-1,1,7,0
385,0,160.79891030332416,-74.44608881642928,-41.24428973393909,-73.04908723498319,14.744494065817335,40.085677250995275,1,-1,0,2,0
385,1,160.79891030332416,-74.44608881642928,-41.24428973393909,106.95091276501682,-14.744494065817335,-139.91432274900475,1,1,-2,3,0
385,2,-19.201089696675833,-7.060655755688773,-4.501543974464143,163.3622247949678,58.241971614204495,-23.482381096759894,-1,1,-1,6,1
385,3,-19.201089696675833,-7.060655755688773,-4.501543974464143,-16.63777520503222,-58.241971614204495,156.5176189032401,-1,-1,1,7,0
386,0,160.80803803681414,-74.39421084292027,-41.430491251847336,-72.58236951541264,14.733883505617762,39.40849005188479,1,-1,0,2,0
386,1,160.80803803681414,-74.39421084292027,-41.430491251847336,107.41763048458736,-14.733883505617762,-140.5915099481152,1,1,-2,3,0
386,2,-19.191961963185882,-6.946683073857239,-4.579551823853315,163.4186220812463,58.24907955317462,-23.713981932061674,-1,1,-1,6,1
386,3,-19.191961963185882,-6.946683073857239,-4.579551823853315,-16.5813779187537,-58.24907955317462,156.28601806793833,-1,-1,1,7,0
387,0,160.81710418954705,-74.34181274705033,-41.61746083378722,-72.1133218549251,14.7243628032484,38.729129002826085,1,-1,0,2,0
387,1,160.81710418954705,-74.34181274705033,-41.61746083378722,107.88667814507491,-14.7243628032484,-141.27087099717392,1,1,-2,3,0
387,2,-19.18289581045296,-6.8327557918960755,-4.657742463322169,163.47505313928752,58.2561643512852,-23.94545595849788,-1,1,-1,6,1
387,3,-19.18289581045296,-6.8327557918960755,-4.657742463322169,-16.524946860712497,-58.2561643512852,156.05454404150214,-1,-1,1,7,0
388,0,160.82610941416118,-74.28889029014785,-41.805206734338554,-71.64199956169607,14.715946120241743,38.047648647923644,1,-1,0,2,0
388,1,160.82610941416118,-74.28889029014785,-41.805206734338554,108.35800043830395,-14.715946120241743,-141.95235135207636,1,1,-2,3,0
388,2,-19.173890585838844,-6.718874175175375,-4.73611530685053,163.53151760545612,58.26322619668649,-24.17680398759158,-1,1,-1,6,1
388,3,-19.173890585838844,-6.718874175175375,-4.73611530685053,-16.468482394543894,-58.26322619668649,155.82319601240843,-1,-1,1,7,0
389,0,160.83505435874528,-74.23543913371292,-41.99373739422945,-71.16845975058597,14.708647584746293,37.36410533688359,1,-1,0,2,0
389,1,160.83505435874528,-74.23543913371292,-41.99373739422945,108.83154024941403,-14.708647584746293,-142.63589466311643,1,1,-2,3,0
389,2,-19.164945641254732,-6.605038484719532,-4.814669770927124,163.58801511629295,58.27026527988475,-24.408026827380013,-1,1,-1,6,1
389,3,-19.164945641254732,-6.605038484719532,-4.814669770927124,-16.41198488370705,-58.27026527988475,155.59197317262,-1,-1,1,7,0
390,0,160.84393966688143,-74.18145483648556,-42.18306144574781,-70.69276132037898,14.702481286089004,36.67855720208369,1,-1,0,2,0
390,1,160.84393966688143,-74.18145483648556,-42.18306144574781,109.30723867962101,-14.702481286089004,-143.32144279791632,1,1,-2,3,0
390,2,-19.15606033311858,-6.491248977223817,-4.893405274565444,163.64454530849096,58.277281793701924,-24.63912528241758,-1,1,-1,6,1
390,3,-19.15606033311858,-6.491248977223817,-4.893405274565444,-16.355454691509035,-58.277281793701924,155.36087471758242,-1,-1,1,7,0
391,0,160.85276597768703,-74.1269328514047,-42.373187718356334,-70.2149649276147,14.697461269427691,35.991064132231074,1,-1,0,2,0
391,1,160.85276597768703,-74.1269328514047,-42.373187718356334,109.7850350723853,-14.697461269427691,-144.00893586776894,1,1,-2,3,0
391,2,-19.147234022312976,-6.377505905070888,-4.972321239318924,163.7011078188714,58.28427593323609,-24.870100153778715,-1,1,-1,6,1
391,3,-19.147234022312976,-6.377505905070888,-4.972321239318924,-16.2988921811286,-58.28427593323609,155.1298998462213,-1,-1,1,7,0
392,0,160.8615339258566,-74.07186852244978,-42.56412524452476,-69.7351329569807,14.69360153051079,35.30168774257595,1,-1,0,2,0
392,1,160.8615339258566,-74.07186852244978,-42.56412524452476,110.2648670430193,-14.69360153051079,-144.69831225742405,1,1,-2,3,0
392,2,-19.13846607414339,-6.263809516347113,-5.051417089296724,163.75770228436042,58.2912478958215,-25.10095223906052,-1,1,-1,6,1
392,3,-19.13846607414339,-6.263809516347113,-5.051417089296724,-16.242297715639566,-58.2912478958215,154.89904776093948,-1,-1,1,7,0
393,0,160.87024414170293,-74.01625708136135,-42.755883265786146,-69.25332948824993,14.690916010566282,34.610491341664066,1,-1,0,2,0
393,1,160.87024414170293,-74.01625708136135,-42.755883265786146,110.74667051175008,-14.690916010566282,-145.38950865833596,1,1,-2,3,0
393,2,-19.129755858297056,-6.150160054858843,-5.1306922511792985,163.81432834196613,58.29819788098886,-25.331682332385608,-1,1,-1,6,1
393,3,-19.129755858297056,-6.150160054858843,-5.1306922511792985,-16.185671658033897,-58.29819788098886,154.6683176676144,-1,-1,1,7,0
394,0,160.87889725119783,-73.9600936442351,-42.94847123902872,-68.7696202597547,14.689418591339713,33.917539894619715,1,-1,0,2,0
394,1,160.87889725119783,-73.9600936442351,-42.94847123902872,111.2303797402453,-14.689418591339713,-146.0824601053803,1,1,-2,3,0
394,2,-19.121102748802187,-6.036557760148904,-5.210146154233408,163.87098562875553,58.30512609042592,-25.562291224404646,-1,1,-1,6,1
394,3,-19.121102748802187,-6.036557760148904,-5.210146154233408,-16.12901437124446,-58.30512609042592,154.43770877559535,-1,-1,1,7,0
395,0,160.88749387601231,-73.90337320798166,-43.14189884303583,-68.2840726283982,14.689123090302237,33.22289998296082,1,-1,0,2,0
395,1,160.88749387601231,-73.90337320798166,-43.14189884303583,111.7159273716018,-14.689123090302237,-146.77710001703917,1,1,-2,3,0
395,2,-19.112506123987693,-5.923002867512533,-5.28977823032779,163.92767378183254,58.312032727938075,-25.79277970229897,-1,1,-1,6,1
395,3,-19.112506123987693,-5.923002867512533,-5.28977823032779,-16.072326218167472,-58.312032727938075,154.20722029770104,-1,-1,1,7,0
396,0,160.89603463355655,-73.84609064664663,-43.33617598528494,-67.79675552622223,14.690043256051148,32.52663976096253,1,-1,0,2,0
396,1,160.89603463355655,-73.84609064664663,-43.33617598528494,112.20324447377779,-14.690043256051148,-147.47336023903748,1,1,-2,3,0
396,2,-19.103965366443447,-5.809495608013603,-5.369587913948516,163.98439243831533,58.31891799940893,-26.02314854978303,-1,1,-1,6,1
396,3,-19.103965366443447,-5.809495608013603,-5.369587913948516,-16.015607561684682,-58.31891799940893,153.97685145021697,-1,-1,1,7,0
397,0,160.90452013701918,-73.78824070758506,-43.53131280901727,-67.30773941355676,14.692192763924519,31.828828908596513,1,-1,0,2,0
397,1,160.90452013701918,-73.78824070758506,-43.53131280901727,112.69226058644324,-14.692192763924519,-148.1711710914035,1,1,-2,3,0
397,2,-19.095479862980838,-5.6960362085007255,-5.449574642213966,164.0411412353149,58.325782112761324,-26.253398547106922,-1,1,-1,6,1
397,3,-19.095479862980838,-5.6960362085007255,-5.449574642213966,-15.958858764685083,-58.325782112761324,153.74660145289306,-1,-1,1,7,0
398,0,160.91295099540608,-73.72981800748057,-43.727319700594414,-66.81709622878991,14.695585211853325,31.129538581082883,1,-1,0,2,0
398,1,160.91295099540608,-73.72981800748057,-43.727319700594414,113.1829037712101,-14.695585211853325,-148.8704614189171,1,1,-2,3,0
398,2,-19.087049004593915,-5.582624891623046,-5.52973785489042,164.09791980991346,58.33262527791819,-26.48353047105873,-1,1,-1,6,1
398,3,-19.087049004593915,-5.582624891623046,-5.52973785489042,-15.90208019008656,-58.33262527791819,153.5164695289413,-1,-1,1,7,0
399,0,160.92132781357913,-73.67081702820379,-43.924207297153444,-66.32489933481153,14.700234116472794,30.42884135510821,1,-1,0,2,0
399,1,160.92132781357913,-73.67081702820379,-43.924207297153444,113.67510066518847,-14.700234116472794,-149.5711586448918,1,1,-2,3,0
399,2,-19.078672186420896,-5.469261875846214,-5.610076994407156,164.154727799143,58.33944770676351,-26.713545094966882,-1,1,-1,6,1
399,3,-19.078672186420896,-5.469261875846214,-5.610076994407156,-15.845272200857003,-58.33944770676351,153.28645490503314,-1,-1,1,7,0
400,0,160.92965119229387,-73.6112321125013,-44.121986494575864,-65.83122346219527,14.706152909518044,29.726811171773445,1,-1,0,2,0
400,1,160.92965119229387,-73.6112321125013,-44.121986494575864,114.16877653780475,-14.706152909518044,-150.27318882822658,1,1,-2,3,0
400,2,-19.07034880770613,-5.355947375468255,-5.6905915058714,164.21156483996475,58.34624961310376,-26.94344318870255,-1,1,-1,6,1
400,3,-19.07034880770613,-5.355947375468255,-5.6905915058714,-15.78843516003524,-58.34624961310376,153.05655681129747,-1,-1,1,7,0
401,0,160.93792172823748,-73.55105745950596,-44.32066845578797,-65.33614464919302,14.713354934526798,29.023523276345898,1,-1,0,2,0
401,1,160.93792172823748,-73.55105745950596,-44.32066845578797,114.66385535080698,-14.713354934526798,-150.97647672365412,1,1,-2,3,0
401,2,-19.062078271762505,-5.2426816006351205,-5.771280837083787,164.26843056924835,58.35303121262902,-27.173225518681782,-1,1,-1,6,1
401,3,-19.062078271762505,-5.2426816006351205,-5.771280837083787,-15.731569430751655,-58.35303121262902,152.82677448131824,-1,-1,1,7,0
402,0,160.94614001406575,-73.49028712005978,-44.520264619408,-64.83974017863407,14.721853443873103,28.319054154906684,1,-1,0,2,0
402,1,160.94614001406575,-73.49028712005978,-44.520264619408,115.16025982136593,-14.721853443873103,-151.68094584509333,1,1,-2,3,0
402,2,-19.053859985934256,-5.129464757356471,-5.852144438553322,164.32532462375147,58.359792722874396,-27.40289284786778,-1,1,-1,6,1
402,3,-19.053859985934256,-5.129464757356471,-5.852144438553322,-15.674675376248539,-58.359792722874396,152.59710715213222,-1,-1,1,7,0
403,0,160.95430663843982,-73.42891499184039,-44.72078670875793,-64.34208851182831,14.731661596156732,27.61348146799241,1,-1,0,2,0
403,1,160.95430663843982,-73.42891499184039,-44.72078670875793,115.6579114881717,-14.731661596156732,-152.3865185320076,1,1,-2,3,0
403,2,-19.0456933615602,-5.016297047521115,-5.933181763512399,164.3822466401,58.36653436318168,-27.632445935773127,-1,1,-1,6,1
403,3,-19.0456933615602,-5.016297047521115,-5.933181763512399,-15.617753359900023,-58.36653436318168,152.36755406422688,-1,-1,1,7,0
404,0,160.9624221860626,-73.36693481427972,-44.92224674125983,-63.8432692195872,14.742792453972683,26.906883981344574,1,-1,0,2,0
404,1,160.9624221860626,-73.36693481427972,-44.92224674125983,116.1567307804128,-14.742792453972683,-153.09311601865542,1,1,-2,3,0
404,2,-19.0375778139374,-4.9031786689125845,-6.014392267931878,164.43919625476812,58.37325635466089,-27.86188553846194,-1,1,-1,6,1
404,3,-19.0375778139374,-4.9031786689125845,-6.014392267931878,-15.560803745231874,-58.37325635466089,152.13811446153807,-1,-1,1,7,0
405,0,160.9704872377148,-73.30434016326451,-45.124657038236876,-63.34336291048733,14.755258982084897,26.19934149389034,1,-1,0,2,0
405,1,160.9704872377148,-73.30434016326451,-45.124657038236876,116.6566370895127,-14.755258982084897,-153.80065850610967,1,1,-2,3,0
405,2,-19.02951276228522,-4.790109815224418,-6.095775410536146,164.49617310405904,58.379958920152035,-28.091212408551982,-1,1,-1,6,1
405,3,-19.02951276228522,-4.790109815224418,-6.095775410536146,-15.503826895940945,-58.379958920152035,151.908787591448,-1,-1,1,7,0
406,0,160.97850237029024,-73.24112444560777,-45.3280302351386,-62.84245115651481,14.76907404602991,25.490934763093456,1,-1,0,2,0
406,1,160.97850237029024,-73.24112444560777,-45.3280302351386,117.1575488434852,-14.76907404602991,-154.50906523690654,1,1,-2,3,0
406,2,-19.021497629709774,-4.677090676075427,-6.177330652818143,164.5531768240857,58.386642284187026,-28.320427295216742,-1,1,-1,6,1
406,3,-19.021497629709774,-4.677090676075427,-6.177330652818143,-15.446823175914291,-58.386642284187026,151.67957270478328,-1,-1,1,7,0
407,0,160.9864681568312,-73.17728089327714,-45.53237929221658,-62.34061641623344,14.78425041117436,24.781745427816006,1,-1,0,2,0
407,1,160.9864681568312,-73.17728089327714,-45.53237929221658,117.65938358376657,-14.78425041117436,-155.218254572184,1,1,-2,3,0
407,2,-19.013531843168817,-4.5641214370249985,-6.259057459054118,164.61020705075194,58.39330667295167,-28.549530944187616,-1,1,-1,6,1
407,3,-19.013531843168817,-4.5641214370249985,-6.259057459054118,-15.389792949248069,-58.39330667295167,151.4504690558124,-1,-1,1,7,0
408,0,160.994385166563,-73.11280255736905,-45.7377175056713,-61.83794195563916,14.800800742251273,24.07185592885403,1,-1,0,2,0
408,1,160.994385166563,-73.11280255736905,-45.7377175056713,118.16205804436085,-14.800800742251273,-155.92814407114597,1,1,-2,3,0
408,2,-19.005614833437,-4.451202279588124,-6.3409552963187945,164.6672634197339,58.39995231424773,-28.778524097755845,-1,1,-1,6,1
408,3,-19.005614833437,-4.451202279588124,-6.3409552963187945,-15.332736580266129,-58.39995231424773,151.22147590224418,-1,-1,1,7,0
409,0,161.0022539649285,-73.04768230181305,-45.94405851929865,-61.33451176686398,14.818737603401663,23.361349427309044,1,-1,0,2,0
409,1,161.0022539649285,-73.04768230181305,-45.94405851929865,118.66548823313603,-14.818737603401663,-156.63865057269095,1,1,-2,3,0
409,2,-18.99774603507148,-4.338333381250392,-6.423023634500214,164.72434556646166,58.406579437455086,-29.007407494774693,-1,1,-1,6,1
409,3,-18.99774603507148,-4.338333381250392,-6.423023634500214,-15.27565443353834,-58.406579437455086,150.99259250522533,-1,-1,1,7,0
410,0,161.01007511362204,-72.98191279679273,-46.15141633666205,-60.830410484907354,14.838073458744372,22.650309720972505,1,-1,0,2,0
410,1,161.01007511362204,-72.98191279679273,-46.15141633666205,119.16958951509265,-14.838073458744372,-157.3496902790275,1,1,-2,3,0
410,2,-18.989924886377974,-4.22551491548293,-6.505261946314634,164.7814531261014,58.41318827349411,-29.236181870661376,-1,1,-1,6,1
410,3,-18.989924886377974,-4.22551491548293,-6.505261946314634,-15.218546873898601,-58.41318827349411,150.76381812933863,-1,-1,1,7,0
411,0,161.01784917062278,-72.91548651186649,-46.35980533382,-60.3257233025797,14.858820673500936,21.938821158907214,1,-1,0,2,0
411,1,161.01784917062278,-72.91548651186649,-46.35980533382,119.6742766974203,-14.858820673500936,-158.06117884109278,1,1,-2,3,0
411,2,-18.982150829377204,-4.112747051757257,-6.5876697073214,164.83858573353731,58.419779054788016,-29.464847957399144,-1,1,-1,6,1
411,3,-18.982150829377204,-4.112747051757257,-6.5876697073214,-15.161414266462703,-58.419779054788016,150.53515204260086,-1,-1,1,7,0
412,0,161.0255766902284,-72.84839570877223,-46.56924027263994,-59.820535883849,14.880991515700142,21.226968554415606,1,-1,0,2,0
412,1,161.0255766902284,-72.84839570877223,-46.56924027263994,120.17946411615101,-14.880991515700142,-158.77303144558442,1,1,-2,3,0
412,2,-18.974423309771595,-4.000029955559919,-6.6702463959377924,164.8957430233543,58.426352015225525,-29.693406483539363,-1,1,-1,6,1
412,3,-18.974423309771595,-4.000029955559919,-6.6702463959377924,-15.10425697664568,-58.426352015225525,150.30659351646062,-1,-1,1,7,0
413,0,161.03325822308747,-72.78063243389626,-46.779736314733505,-59.31493427578828,14.904598158487067,20.51483709659195,1,-1,0,2,0
413,1,161.03325822308747,-72.78063243389626,-46.779736314733505,120.68506572421171,-14.904598158487067,-159.48516290340805,1,1,-2,3,0
413,2,-18.966741776912517,-3.887363788407227,-6.752991493453943,164.9529246298208,58.43290739012323,-29.92185817420332,-1,1,-1,6,1
413,3,-18.966741776912517,-3.887363788407227,-6.752991493453943,-15.047075370179188,-58.43290739012323,150.07814182579668,-1,-1,1,7,0
414,0,161.04089431623225,-72.71218851038918,-46.99130903604615,-58.80900481933031,14.929652683063285,19.802512260663118,1,-1,0,2,0
414,1,161.04089431623225,-72.71218851038918,-46.99130903604615,121.19099518066969,-14.929652683063285,-160.19748773933688,1,1,-2,3,0
414,2,-18.95910568376774,-3.7747487078595956,-6.835904484047802,165.01013018687163,58.43944541618854,-30.150203751084447,-1,1,-1,6,1
414,3,-18.95910568376774,-3.7747487078595956,-6.835904484047802,-14.989869813128378,-58.43944541618854,149.84979624891554,-1,-1,1,7,0
415,0,161.04848551311065,-72.64305552990756,-47.203974442140236,-58.302834059036385,14.956167082282127,19.090079717324375,1,-1,0,2,0
415,1,161.04848551311065,-72.64305552990756,-47.203974442140236,121.69716594096361,-14.956167082282127,-160.9099202826756,1,1,-2,3,0
415,2,-18.95151448688937,-3.662184867536191,-6.918984854799539,165.06735932809133,58.44596633148248,-30.37844393245026,-1,1,-1,6,1
415,3,-18.95151448688937,-3.662184867536191,-6.918984854799539,-14.93264067190867,-58.44596633148248,149.62155606754973,-1,-1,1,7,0
416,0,161.056032353618,-72.57322484395775,-47.4177489842146,-57.7965086520905,14.98415326492657,18.37762524128047,1,-1,0,2,0
416,1,161.056032353618,-72.57322484395775,-47.4177489842146,122.20349134790949,-14.98415326492657,-161.62237475871953,1,1,-2,3,0
416,2,-18.943967646382003,-3.5496724171290053,-7.002232095706939,165.12461168669788,58.45247037538253,-30.606579433144336,-1,1,-1,6,1
416,3,-18.943967646382003,-3.5496724171290053,-7.002232095706939,-14.875388313302121,-58.45247037538253,149.39342056685567,-1,-1,1,7,0
417,0,161.06353537412858,-72.50268755482115,-47.6326495758997,-57.29011527673753,15.013623060694071,17.66523461920776,1,-1,0,2,0
417,1,161.06353537412858,-72.50268755482115,-47.6326495758997,122.70988472326249,-15.013623060694071,-162.33476538079225,1,1,-2,3,0
417,2,-18.93646462587142,-3.4372115024173193,-7.0856456996997625,165.18188689552633,58.458957788545725,-30.83461096458835,-1,1,-1,6,1
417,3,-18.93646462587142,-3.4372115024173193,-7.0856456996997625,-14.818113104473678,-58.458957788545725,149.16538903541166,-1,-1,1,7,0
418,0,161.07099510752658,-72.43143450603343,-47.84869361087926,-56.78374054037733,15.04458822591546,16.952993557350176,1,-1,0,2,0
418,1,161.07099510752658,-72.43143450603343,-47.84869361087926,123.21625945962268,-15.04458822591546,-163.04700644264983,1,1,-2,3,0
418,2,-18.929004892473426,-3.3248022652815235,-7.169225162654888,165.23918458701294,58.46542881287181,-31.062539234784172,-1,1,-1,6,1
418,3,-18.929004892473426,-3.3248022652815235,-7.169225162654888,-14.760815412987066,-58.46542881287181,148.93746076521583,-1,-1,1,7,0
419,0,161.0784120832368,-72.35945627239185,-48.065898981385665,-56.27747088753446,15.077060450034793,16.240987588965552,1,-1,0,2,0
419,1,161.0784120832368,-72.35945627239185,-48.065898981385665,123.72252911246555,-15.077060450034793,-163.75901241103446,1,1,-2,3,0
419,2,-18.921587916763208,-3.212444843717383,-7.252969983410884,165.29650439317956,58.47188369146636,-31.2903649483158,-1,1,-1,6,1
419,3,-18.921587916763208,-3.212444843717383,-7.252969983410884,-14.703495606820468,-58.47188369146636,148.70963505168422,-1,-1,1,7,0
420,0,161.0857868272551,-72.28674314946132,-48.284284097623996,-55.771392507919195,15.111051362877237,15.52930198183691,1,-1,0,2,0
420,1,161.0857868272551,-72.28674314946132,-48.284284097623996,124.22860749208081,-15.111051362877237,-164.4706980181631,1,1,-2,3,0
420,2,-18.91421317274491,-3.1001393718497847,-7.336879663782985,165.353845945618,58.47832266860419,-31.51808880635145,-1,1,-1,6,1
420,3,-18.91421317274491,-3.1001393718497847,-7.336879663782985,-14.646154054382002,-58.47832266860419,148.48191119364856,-1,-1,1,7,0
421,0,161.0931198621784,-72.21328514254814,-48.50386790818222,-55.26559124479144,15.14657254273241,14.81802164605889,1,-1,0,2,0
421,1,161.0931198621784,-72.21328514254814,-48.50386790818222,124.73440875520856,-15.14657254273241,-165.18197835394113,1,1,-2,3,0
421,2,-18.906880137821584,-2.98788597994647,-7.420953708577788,165.41120887547524,58.48474598969297,-31.745711506645737,-1,1,-1,6,1
421,3,-18.906880137821584,-2.98788597994647,-7.420953708577788,-14.588791124524764,-58.48474598969297,148.2542884933543,-1,-1,1,7,0
422,0,161.1004117072345,-72.13907195510842,-48.724669921488186,-54.7601525038444,15.183635525282549,14.107231042313664,1,-1,0,2,0
422,1,161.1004117072345,-72.13907195510842,-48.724669921488186,125.23984749615559,-15.183635525282549,-165.89276895768634,1,1,-2,3,0
422,2,-18.899588292765507,-2.875684794431885,-7.505191625608188,165.4685928134381,58.49115390123628,-31.973233743541485,-1,1,-1,6,1
422,3,-18.899588292765507,-2.875684794431885,-7.505191625608188,-14.531407186561898,-58.49115390123628,148.02676625645853,-1,-1,1,7,0
423,0,161.10766287831123,-72.06409297655438,-48.94671022838204,-54.2551611628081,15.22225181340497,13.397014090835386,1,-1,0,2,0
423,1,161.10766287831123,-72.06409297655438,-48.94671022838204,125.74483883719189,-15.22225181340497,-166.60298590916463,1,1,-2,3,0
423,2,-18.892337121688776,-2.7635359379004987,-7.589592925708225,165.5259973897188,58.497546650797574,-32.20065620797211,-1,1,-1,6,1
423,3,-18.892337121688776,-2.7635359379004987,-7.589592925708225,-14.474002610281188,-58.497546650797574,147.7993437920279,-1,-1,1,7,0
424,0,161.11487388798577,-71.98833726942154,-49.170009525872565,-53.7507014819814,15.262432887879358,12.687454081268493,1,-1,0,2,0
424,1,161.11487388798577,-71.98833726942154,-49.170009525872565,126.2492985180186,-15.262432887879358,-167.31254591873153,1,1,-2,3,0
424,2,-18.885126112014234,-2.651439529130471,-7.674157122747608,165.5834222340405,58.50392448696401,-32.4279795874637,-1,1,-1,6,1
424,3,-18.885126112014234,-2.651439529130471,-7.674157122747608,-14.416577765959493,-58.50392448696401,147.5720204125363,-1,-1,1,7,0
425,0,161.12204524555324,-71.9117935558531,-49.39458914215769,-53.246857015884174,15.304190219032005,11.978633583610385,1,-1,0,2,0
425,1,161.12204524555324,-71.9117935558531,-49.39458914215769,126.75314298411584,-15.304190219032005,-168.02136641638964,1,1,-2,3,0
425,2,-18.877954754446755,-2.5393956830968247,-7.758883733646976,165.64086697562303,58.51028765930985,-32.65520456613698,-1,1,-1,6,1
425,3,-18.877954754446755,-2.5393956830968247,-7.758883733646976,-14.359133024376987,-58.51028765930985,147.34479543386303,-1,-1,1,7,0
426,0,161.1291774570552,-71.83445020335859,-49.620471062989594,-52.74371052621997,15.347535279351575,11.270634360425428,1,-1,0,2,0
426,1,161.1291774570552,-71.83445020335859,-49.620471062989594,127.25628947378004,-15.347535279351575,-168.72936563957458,1,1,-2,3,0
426,2,-18.870822542944822,-2.427404510984728,-7.843772278392528,165.69833124316898,58.51663641836061,-32.88233182470973,-1,1,-1,6,1
426,3,-18.870822542944822,-2.427404510984728,-7.843772278392528,-14.30166875683105,-58.51663641836061,147.11766817529028,-1,-1,1,7,0
427,0,161.13627102530768,-71.75629520979763,-49.847677959474744,-52.24134389632992,15.392479557110512,10.563537280508925,1,-1,0,2,0
427,1,161.13627102530768,-71.75629520979763,-49.847677959474744,127.75865610367008,-15.392479557110512,-169.4364627194911,1,1,-2,3,0
427,2,-18.863728974692325,-2.3154661202025086,-7.928822280050899,165.75581466484996,58.522971015557104,-33.109362040498816,-1,1,-1,6,1
427,3,-18.863728974692325,-2.3154661202025086,-7.928822280050899,-14.244185335150025,-58.522971015557104,146.8906379595012,-1,-1,1,7,0
428,0,161.14332644992913,-71.67731618753662,-50.07623321740576,-51.73983804730869,15.43903457103141,9.857422234168421,1,-1,0,2,0
428,1,161.14332644992913,-71.67731618753662,-50.07623321740576,128.26016195269133,-15.43903457103141,-170.1425777658316,1,1,-2,3,0
428,2,-18.856673550070887,-2.2035806143947823,-8.01403326478404,165.81331686829333,58.52929170321931,-33.336295887422516,-1,1,-1,6,1
428,3,-18.856673550070887,-2.2035806143947823,-8.01403326478404,-14.18668313170667,-58.52929170321931,146.66370411257748,-1,-1,1,7,0
429,0,161.15034422736775,-71.5975003467221,-50.30616096822906,-51.23927285594348,15.487211886037208,9.152368050280627,1,-1,0,2,0
429,1,161.15034422736775,-71.5975003467221,-50.30616096822906,128.76072714405655,-15.487211886037208,-170.84763194971939,1,1,-2,3,0
429,2,-18.849655772632246,-2.091748093455075,-8.09940476186421,165.87083748056858,58.53559873451073,-33.563134036002864,-1,1,-1,6,1
429,3,-18.849655772632246,-2.091748093455075,-8.09940476186421,-14.129162519431402,-58.53559873451073,146.43686596399715,-1,-1,1,7,0
430,0,161.1573248509289,-71.51683447761056,-50.537486121760175,-50.73972707462867,15.537023130128903,8.448452415273087,1,-1,0,2,0
430,1,161.1573248509289,-71.51683447761056,-50.537486121760175,129.2602729253713,-15.537023130128903,-171.5515475847269,1,1,-2,3,0
430,2,-18.842675149071113,-1.9799686535388712,-8.184936303688623,165.9283761281747,58.54189236340258,-33.78987715336777,-1,1,-1,6,1
430,3,-18.842675149071113,-1.9799686535388712,-8.184936303688623,-14.071623871825317,-58.54189236340258,146.21012284663226,-1,-1,1,7,0
431,0,161.16426881080173,-71.43530493188698,-50.77023440077172,-50.241278253390114,15.588480012437548,7.745751794160532,1,-1,0,2,0
431,1,161.16426881080173,-71.43530493188698,-50.77023440077172,129.7587217466099,-15.588480012437548,-172.25424820583947,1,1,-2,3,0
431,2,-18.835731189198267,-1.868242387075883,-8.27062742579479,165.98593243702703,58.54817284463807,-34.01652590325353,-1,1,-1,6,1
431,3,-18.835731189198267,-1.868242387075883,-8.27062742579479,-14.014067562972956,-58.54817284463807,145.98347409674648,-1,-1,1,7,0
432,0,161.17117659408612,-71.35289760290276,-51.00443237758265,-49.74400266415074,15.641594342499042,7.044341353763925,1,-1,0,2,0
432,1,161.17117659408612,-71.35289760290276,-51.00443237758265,130.25599733584926,-15.641594342499042,-172.9556586462361,1,1,-2,3,0
432,2,-18.828823405913873,-1.7565693827827609,-8.35647766687515,166.04350603244518,58.55444043369693,-34.24308094600712,-1,1,-1,6,1
432,3,-18.828823405913873,-1.7565693827827609,-8.35647766687515,-13.956493967554826,-58.55444043369693,145.7569190539929,-1,-1,1,7,0
433,0,161.17804868481872,-71.26959790475395,-51.240107512795085,-49.24797522734704,15.696378050807759,6.344294888217021,1,-1,0,2,0
433,1,161.17804868481872,-71.26959790475395,-51.240107512795085,130.75202477265296,-15.696378050807759,-173.655705111783,1,1,-2,3,0
433,2,-18.821951315181277,-1.6449497256753929,-8.442486568792203,166.1010965391402,58.560695386759846,-34.46954293858873,-1,1,-1,6,1
433,3,-18.821951315181277,-1.6449497256753929,-8.442486568792203,-13.898903460859797,-58.560695386759846,145.53045706141128,-1,-1,1,7,0
434,0,161.18488556399913,-71.18539075011633,-51.477288196333326,-48.75326944099596,15.752843210705894,5.645684746856212,1,-1,0,2,0
434,1,161.18488556399913,-71.18539075011633,-51.477288196333326,131.24673055900405,-15.752843210705894,-174.3543152531438,1,1,-2,3,0
434,2,-18.81511443600086,-1.5333834970811544,-8.528653676593356,166.15870358120293,58.56693796067318,-34.69591253457419,-1,1,-1,6,1
434,3,-18.81511443600086,-1.5333834970811544,-8.528653676593356,-13.841296418797096,-58.56693796067318,145.3040874654258,-1,-1,1,7,0
435,0,161.19168770961568,-71.10026052674533,-51.71600379095549,-48.259957312297594,15.81100206167504,4.948581764572123,1,-1,0,2,0
435,1,161.19168770961568,-71.10026052674533,-51.71600379095549,131.7400426877024,-15.81100206167504,-175.05141823542786,1,1,-2,3,0
435,2,-18.808312290384336,-1.4218707746509587,-8.614978538526273,166.21632678209178,58.57316841291347,-34.92219038415731,-1,1,-1,6,1
435,3,-18.808312290384336,-1.4218707746509587,-8.614978538526273,-13.783673217908241,-58.57316841291347,145.0778096158427,-1,-1,1,7,0
436,0,161.19845559667073,-71.01419107254198,-51.95628467842022,-47.76810929184457,15.870867034097396,4.253055194689453,1,-1,0,2,0
436,1,161.19845559667073,-71.01419107254198,-51.95628467842022,132.23189070815545,-15.870867034097396,-175.74694480531056,1,1,-2,3,0
436,2,-18.80154440332928,-1.3104116323712827,-8.70146070605362,166.27396576462135,58.57938700155237,-35.14837713415279,-1,1,-1,6,1
436,3,-18.80154440332928,-1.3104116323712827,-8.70146070605362,-13.726034235378675,-58.57938700155237,144.85162286584722,-1,-1,1,7,0
437,0,161.20518969720607,-70.92716564907587,-52.19816230851129,-47.27779421048968,15.932450775566577,3.559172644421039,1,-1,0,2,0
437,1,161.20518969720607,-70.92716564907587,-52.19816230851129,132.72220578951033,-15.932450775566577,-176.44082735557896,1,1,-2,3,0
437,2,-18.794810302793937,-1.1990061405760943,-8.788099733868302,166.33162015095084,58.58559398522138,-35.37447342799853,-1,1,-1,6,1
437,3,-18.794810302793937,-1.1990061405760943,-8.788099733868302,-13.668379849049167,-58.58559398522138,144.62552657200146,-1,-1,1,7,0
438,0,161.21189048032775,-70.8391669134462,-52.441669251139,-46.78907921891206,15.995766178830369,2.8670000129274973,1,-1,0,2,0
438,1,161.21189048032775,-70.8391669134462,-52.441669251139,133.21092078108796,-15.995766178830369,-177.1329999870725,1,1,-2,3,0
438,2,-18.78810951967226,-1.087654365958363,-8.874895179908663,166.38928956257297,58.59178962307685,-35.60047990575849,-1,1,-1,6,1
438,3,-18.78810951967226,-1.087654365958363,-8.874895179908663,-13.610710437427034,-58.59178962307685,144.39952009424152,-1,-1,1,7,0
439,0,161.2185584122307,-70.75017688835393,-52.68683925175472,-46.302029729905556,16.06082641145964,2.176601432001048,1,-1,0,2,0
439,1,161.2185584122307,-70.75017688835393,-52.68683925175472,133.69797027009446,-16.06082641145964,-177.82339856799896,1,1,-2,3,0
439,2,-18.781441587769308,-0.9763563715818586,-8.961846605373562,166.44697362030286,58.597974174764936,-35.82639720412532,-1,1,-1,6,1
439,3,-18.781441587769308,-0.9763563715818586,-8.961846605373562,-13.553026379697158,-58.597974174764936,144.17360279587467,-1,-1,1,7,0
440,0,161.2251939562232,-70.66017693024114,-52.93370729034413,-45.8167093633905,16.12764494734512,1.4880392093657324,1,-1,0,2,0
440,1,161.2251939562232,-70.66017693024114,-52.93370729034413,134.1832906366095,-16.12764494734512,-178.51196079063428,1,1,-2,3,0
440,2,-18.774806043776813,-0.8651122168925367,-9.048953574737508,166.50467194426736,58.60414790038678,-36.05222595642311,-1,1,-1,6,1
440,3,-18.774806043776813,-0.8651122168925367,-9.048953574737508,-13.495328055732651,-58.60414790038678,143.9477740435769,-1,-1,1,7,0
441,0,161.2317975727509,-70.5691476953449,-53.18230964428207,-45.33317989414244,16.196235600137015,0.8013737745775998,1,-1,0,2,0
441,1,161.2317975727509,-70.5691476953449,-53.18230964428207,134.66682010585757,-16.196235600137015,-179.1986262254224,1,1,-2,3,0
441,2,-18.768202427249108,-0.7539219577297469,-9.136215655766282,166.56238415389444,58.61031106046344,-36.27796679261027,-1,1,-1,6,1
441,3,-18.768202427249108,-0.7539219577297469,-9.136215655766282,-13.437615846105572,-58.61031106046344,143.72203320738973,-1,-1,1,7,0
442,0,161.2383697194208,-70.47706910349626,-53.43268395536312,-44.851501202205064,16.266612558749884,0.11666362748524167,1,-1,0,2,0
442,1,161.2383697194208,-70.47706910349626,-53.43268395536312,135.14849879779496,-16.266612558749884,-179.88333637251478,1,1,-2,3,0
442,2,-18.761630280579208,-0.642785646337649,-9.22363241953164,166.6201098679029,58.61646391590145,-36.50362033928241,-1,1,-1,6,1
442,3,-18.761630280579208,-0.642785646337649,-9.22363241953164,-13.379890132097104,-58.61646391590145,143.49637966071757,-1,-1,1,7,0
443,0,161.24491085102474,-70.38392029947681,-53.684869301354205,-44.37173122594128,16.338790425074663,-0.5660347108093504,1,-1,-1,2,0
443,1,161.24491085102474,-70.38392029947681,-53.684869301354205,135.6282687740587,-16.338790425074663,179.43396528919064,1,1,1,3,0
443,2,-18.755089148975255,-0.5317033313759771,-9.311203440427267,166.67784870429222,58.62260672795788,-36.729187219675325,-1,1,-1,6,1
443,3,-18.755089148975255,-0.5317033313759771,-9.311203440427267,-13.322151295707785,-58.62260672795788,143.2708127803247,-1,-1,1,7,0
444,0,161.25142141956286,-70.28967961173119,-53.938906272443226,-43.89392591766055,16.41278425404877,-1.246666744560752,1,-1,-1,2,0
444,1,161.25142141956286,-70.28967961173119,-53.938906272443226,136.10607408233946,-16.41278425404877,178.75333325543926,1,1,1,3,0
444,2,-18.74857858043715,-0.42067505793122156,-9.398928296183687,166.7356002803326,58.628739758205874,-36.954668053667895,-1,1,-1,6,1
444,3,-18.74857858043715,-0.42067505793122156,-9.398928296183687,-13.264399719667395,-58.628739758205874,143.0453319463321,-1,-1,1,7,0
445,0,161.25790187426657,-70.19432450820885,-54.194837053003404,-43.41813920173469,16.488609596256094,-1.9251800476627043,1,-1,-1,2,0
445,1,161.25790187426657,-70.19432450820885,-54.194837053003404,136.58186079826532,-16.488609596256094,178.0748199523373,1,1,1,3,0
445,2,-18.74209812573345,-0.30970086752726284,-9.48680656788392,166.7933642125554,58.634863268500055,-37.180063457785195,-1,1,-1,6,1
445,3,-18.74209812573345,-0.30970086752726284,-9.48680656788392,-13.206635787444636,-58.634863268500055,142.8199365422148,-1,-1,1,7,0
446,0,161.26435266162147,-70.0978315490878,-54.45270550913028,-42.94442293510309,16.566282543246317,-2.601524305717097,1,-1,-1,2,0
446,1,161.26435266162147,-70.0978315490878,-54.45270550913028,137.0555770648969,-16.566282543246317,177.39847569428292,1,1,1,3,0
446,2,-18.73564733837852,-0.19878079813586216,-9.574837839979189,166.8511401167433,58.64097752094196,-37.40537404520174,-1,1,-1,6,1
446,3,-18.73564733837852,-0.19878079813586216,-9.574837839979189,-13.148859883256733,-58.64097752094196,142.59462595479826,-1,-1,1,7,0
447,0,161.27077422539006,-70.0001763361089,-54.71255728245547,-42.47282687004442,16.645819775782762,-3.2756513560263887,1,-1,-1,2,0
447,1,161.27077422539006,-70.0001763361089,-54.71255728245547,137.52717312995557,-16.645819775782762,176.72434864397363,1,1,1,3,0
447,2,-18.729225774609937,-0.08791488418748182,-9.663021700303865,166.90892760792147,58.647082777845974,-37.630600425744554,-1,1,-1,6,1
447,3,-18.729225774609937,-0.08791488418748182,-9.663021700303865,-13.091072392078559,-58.647082777845974,142.36939957425545,-1,-1,1,7,0
448,0,161.27716700663387,-69.90133345821548,-54.974439890800184,-42.003398619072655,16.72723861525429,-3.947515225671418,1,-1,-1,2,0
448,1,161.27716700663387,-69.90133345821548,-54.974439890800184,137.99660138092736,-16.72723861525429,176.0524847743286,1,1,1,3,0
448,2,-18.722832993366122,0.022896843418622467,-9.751357740091661,166.9667263003481,58.65317930170458,-37.85574320589645,-1,1,-1,6,1
448,3,-18.722832993366122,0.022896843418622467,-9.751357740091661,-13.033273699651877,-58.65317930170458,142.14425679410357,-1,-1,1,7,0
449,0,161.2835314437358,-69.80127643316725,-55.23840283628336,-41.53618362179501,16.810557078512062,-4.617072167854417,1,-1,-1,2,0
449,1,161.2835314437358,-69.80127643316725,-55.23840283628336,138.463816378205,-16.810557078512062,175.3829278321456,1,1,1,3,0
449,2,-18.716468556264235,0.1336543573041745,-9.83984555399106,167.02453580750583,58.65926735515439,-38.080802988799384,-1,1,-1,6,1
449,3,-18.716468556264235,0.1336543573041745,-9.83984555399106,-12.975464192494183,-58.65926735515439,141.91919701120062,-1,-1,1,7,0
450,0,161.28986797242175,-69.6999776447561,-55.50449772157233,-41.07122511354782,16.895793936421104,-5.284280696713644,1,-1,-1,2,0
450,1,161.28986797242175,-69.6999776447561,-55.50449772157233,138.92877488645217,-16.895793936421104,174.71571930328636,1,1,1,3,0
450,2,-18.71013202757826,0.24435763360170093,-9.928484740080913,167.08235574209272,58.66534720094191,-38.30578037425796,-1,1,-1,6,1
450,3,-18.71013202757826,0.24435763360170093,-9.928484740080913,-12.917644257907297,-58.66534720094191,141.69421962574205,-1,-1,1,7,0
451,0,161.29617702578258,-69.59740827521244,-55.77277837503857,-40.608564095601594,16.98296877645386,-5.949101620842968,1,-1,-1,2,0
451,1,161.29617702578258,-69.59740827521244,-55.77277837503857,139.3914359043984,-16.98296877645386,174.05089837915702,1,1,1,3,0
451,2,-18.703822974217413,0.35500665194469144,-10.0172748998864,167.14018571601397,58.67141910188931,-38.53067595874278,-1,1,-1,6,1
451,3,-18.703822974217413,0.35500665194469144,-10.0172748998864,-12.859814283986022,-58.67141910188931,141.4693240412572,-1,-1,1,7,0
452,0,161.30245903429537,-69.49353823234435,-56.043300985664956,-40.148239306704895,17.072102069687354,-6.611498075771319,1,-1,-1,2,0
452,1,161.30245903429537,-69.49353823234435,-56.043300985664956,139.85176069329512,-17.072102069687354,173.38850192422868,1,1,1,3,0
452,2,-18.697540965704647,0.46560139545793466,-10.106215638394888,167.19802534037382,58.6774833208606,-38.755490335393986,-1,1,-1,6,1
452,3,-18.697540965704647,0.46560139545793466,-10.106215638394888,-12.801974659626195,-58.6774833208606,141.24450966460603,-1,-1,1,7,0
453,0,161.30871442584447,-69.38833607090018,-56.316124248648606,-39.690287195711576,17.163215242612033,-7.2714355556903945,1,-1,-1,2,0
453,1,161.30871442584447,-69.38833607090018,-56.316124248648606,140.30971280428844,-17.163215242612033,172.7285644443096,1,1,1,3,0
453,2,-18.691285574155536,0.5761418507477011,-10.195306564071647,167.25587422546704,58.68354012072737,-38.98022409402497,-1,1,-1,6,1
453,3,-18.691285574155536,0.5761418507477011,-10.195306564071647,-12.74412577453298,-58.68354012072737,141.01977590597502,-1,-1,1,7,0
454,0,161.31494362574273,-69.281768907582,-56.591309522758024,-39.23474189500186,17.256330754209138,-7.928881944750585,1,-1,-1,2,0
454,1,161.31494362574273,-69.281768907582,-56.591309522758024,140.76525810499814,-17.256330754209138,172.07111805524943,1,1,1,3,0
454,2,-18.685056374257268,0.6866280078924216,-10.284547288876077,167.31373198077137,58.68958976433504,-39.20487782112603,-1,1,-1,6,1
454,3,-18.685056374257268,0.6866280078924216,-10.284547288876077,-12.68626801922864,-58.68958976433504,140.79512217887395,-1,-1,1,7,0
455,0,161.32114705675207,-69.17380232907695,-56.86892100061762,-38.781635194389594,17.351472178807207,-8.583807548271981,1,-1,-1,2,0
455,1,161.32114705675207,-69.17380232907695,-56.86892100061762,141.2183648056104,-17.351472178807207,171.41619245172802,1,1,1,3,0
455,2,-18.678852943247954,0.7970598604333832,-10.373937428277674,167.37159821493978,58.69563251446896,-39.42945209986822,-1,1,-1,6,1
455,3,-18.678852943247954,0.7970598604333832,-10.373937428277674,-12.628401785060237,-58.69563251446896,140.5705479001318,-1,-1,1,7,0
456,0,161.32732513910395,-69.06440029238742,-57.14902589324957,-38.33099651516215,17.448664295296695,-9.236185124264892,1,-1,-1,2,0
456,1,161.32732513910395,-69.06440029238742,-57.14902589324957,141.66900348483787,-17.448664295296695,170.7638148757351,1,1,1,3,0
456,2,-18.67267486089607,0.9074374053653729,-10.463476601271937,167.42947253579288,58.701668633820674,-39.653947510107024,-1,1,-1,6,1
456,3,-18.67267486089607,0.9074374053653729,-10.463476601271937,-12.570527464207125,-58.701668633820674,140.346052489893,-1,-1,1,7,0
457,0,161.33347829051985,-68.95352501666106,-57.43169463035292,-37.882852883874406,17.547933183349592,-9.885989915686675,1,-1,-1,2,0
457,1,161.33347829051985,-68.95352501666106,-57.43169463035292,142.1171471161256,-17.547933183349592,170.11401008431332,1,1,1,3,0
457,2,-18.666521709480154,1.017760643127947,-10.55316443039701,167.48735455031175,58.707698384954014,-39.878364628386485,-1,1,-1,6,1
457,3,-18.666521709480154,1.017760643127947,-10.55316443039701,-12.512645449688254,-58.707698384954014,140.12163537161354,-1,-1,1,7,0
458,0,161.33960692623123,-68.8411368656162,-57.71700107799367,-37.437228905472324,17.649306327377587,-10.533199683911626,1,-1,-1,2,0
458,1,161.33960692623123,-68.8411368656162,-57.71700107799367,142.5627710945277,-17.649306327377587,169.46680031608838,1,1,1,3,0
458,2,-18.660393073768784,1.12802957759642,-10.643000541749684,167.54524386463072,58.713722030271626,-40.10270402794312,-1,1,-1,6,1
458,3,-18.660393073768784,1.12802957759642,-10.643000541749684,-12.454756135369298,-58.713722030271626,139.8972959720569,-1,-1,1,7,0
459,0,161.34571145899935,-68.72719421954385,-58.00502277559226,-36.99414673527747,17.752812729057247,-11.177794743943343,1,-1,-1,2,0
459,1,161.34571145899935,-68.72719421954385,-58.00502277559226,143.00585326472253,-17.752812729057247,168.82220525605666,1,1,1,3,0
459,2,-18.654288541000685,1.2382442160730516,-10.732984565001669,167.60314008403049,58.719739831981194,-40.32696627871006,-1,1,-1,6,1
459,3,-18.654288541000685,1.2382442160730516,-10.732984565001669,-12.396859915969516,-58.719739831981194,139.67303372128995,-1,-1,1,7,0
460,0,161.351792299135,-68.61165333573535,-58.29584119433865,-36.553626049316485,17.858483029359732,-11.819758001952874,1,-1,-1,2,0
460,1,161.351792299135,-68.61165333573535,-58.29584119433865,143.44637395068352,-17.858483029359732,168.18024199804714,1,1,1,3,0
460,2,-18.648207700864997,1.3484045692788267,-10.823116133416443,167.6610428129315,58.725752052061964,-40.55115194732117,-1,1,-1,6,1
460,3,-18.648207700864997,1.3484045692788267,-10.823116133416443,-12.338957187068491,-58.725752052061964,139.4488480526788,-1,-1,1,7,0
461,0,161.357849854518,-68.49446819603021,-58.58954201945179,-36.11568401241924,17.966349641150348,-12.459074995797739,1,-1,-1,2,0
461,1,161.357849854518,-68.49446819603021,-58.58954201945179,143.88431598758078,-17.966349641150348,167.54092500420228,1,1,1,3,0
461,2,-18.64215014548199,1.458510651344707,-10.913394883865314,167.7189516548873,58.73175895223128,-40.77526159711541,-1,1,-1,6,1
461,3,-18.64215014548199,1.458510651344707,-10.913394883865314,-12.2810483451127,-58.73175895223128,139.2247384028846,-1,-1,1,7,0
462,0,161.36388453061633,-68.37559034000087,-58.88621545902896,-35.68033524344332,18.076446893569468,-13.095733939250604,1,-1,-1,2,0
462,1,161.36388453061633,-68.37559034000087,-58.88621545902896,144.31966475655668,-18.076446893569468,166.9042660607494,1,1,1,3,0
462,2,-18.636115469383675,1.5685624798036273,-11.0038204568444,167.7768662125782,58.73776079391097,-40.999295788141104,-1,1,-1,6,1
462,3,-18.636115469383675,1.5685624798036273,-11.0038204568444,-12.223133787421814,-58.73776079391097,139.0007042118589,-1,-1,1,7,0
463,0,161.36989673050516,-68.25496868208742,-59.18595658260795,-35.24759177691176,18.188811189575596,-13.729725770751344,1,-1,-1,2,0
463,1,161.36989673050516,-68.25496868208742,-59.18595658260795,144.75240822308822,-18.188811189575596,166.27027422924866,1,1,1,3,0
463,2,-18.63010326949486,1.6785600755824102,-11.094392496491265,167.83478608780516,58.7437578381941,-41.22325507716035,-1,1,-1,6,1
463,3,-18.63010326949486,1.6785600755824102,-11.094392496491265,-12.165213912194845,-58.7437578381941,138.77674492283967,-1,-1,1,7,0
464,0,161.37588685488575,-68.13254931075282,-59.48886569301385,-34.81746302025796,18.30348117823131,-14.361044207604913,1,-1,-1,2,0
464,1,161.37588685488575,-68.13254931075282,-59.48886569301385,145.18253697974203,-18.30348117823131,165.63895579239508,1,1,1,3,0
464,2,-18.624113145114258,1.7885034629937067,-11.185110650601517,167.89271088148385,58.74975034581162,-41.44714001765372,-1,1,-1,6,1
464,3,-18.624113145114258,1.7885034629937067,-11.185110650601517,-12.107289118516146,-58.74975034581162,138.5528599823463,-1,-1,1,7,0
465,0,161.3818553021041,-68.0082752674502,-59.79504873557749,-34.38995570577314,18.420497943539832,-14.989685806659026,1,-1,-1,2,0
465,1,161.3818553021041,-68.0082752674502,-59.79504873557749,145.61004429422687,-18.420497943539832,165.01031419334097,1,1,1,3,0
465,2,-18.618144697895914,1.8983926697284712,-11.275974570646037,167.9506401936388,58.75573857709904,-41.67095115982467,-1,1,-1,6,1
465,3,-18.618144697895914,1.8983926697284712,-11.275974570646037,-12.0493598063612,-58.75573857709904,138.32904884017535,-1,-1,1,7,0
466,0,161.38780246816927,-67.8820863028676,-60.10461774941843,-33.9650738362334,18.53990521191442,-15.615650032637864,1,-1,-1,2,0
466,1,161.38780246816927,-67.8820863028676,-60.10461774941843,146.03492616376658,-18.53990521191442,164.38434996736214,1,1,1,3,0
466,2,-18.612197531830734,2.008227726848224,-11.366983911787868,168.0085736233978,58.76172279196307,-41.89468905060426,-1,1,-1,6,1
466,3,-18.612197531830734,2.008227726848224,-11.366983911787868,-11.99142637660219,-58.76172279196307,138.10531094939574,-1,-1,1,7,0
467,0,161.39372874677176,-67.7539186075285,-60.41769136619993,-33.542818623042905,18.66174958067499,-16.23893933546948,1,-1,-1,2,0
467,1,161.39372874677176,-67.7539186075285,-60.41769136619993,146.4571813769571,-18.66174958067499,163.76106066453053,1,1,1,3,0
467,2,-18.606271253228236,2.11800866877762,-11.458138332899086,168.0665107689866,58.767703249848736,-42.11835423365618,-1,1,-1,6,1
467,3,-18.606271253228236,2.11800866877762,-11.458138332899086,-11.933489231013402,-58.767703249848736,137.88164576634384,-1,-1,1,7,0
468,0,161.39963452930147,-67.62370451337218,-60.73439536260513,-33.12318841556408,18.786080770346555,-16.85955923813873,1,-1,-1,2,0
468,1,161.39963452930147,-67.62370451337218,-60.73439536260513,146.87681158443593,-18.786080770346555,163.14044076186127,1,1,1,3,0
468,2,-18.600365470698545,2.227735533297348,-11.549437496578417,168.12445122772348,58.77368020970594,-42.3419472493813,-1,1,-1,6,1
468,3,-18.600365470698545,2.227735533297348,-11.549437496578417,-11.875548772276511,-58.77368020970594,137.6580527506187,-1,-1,1,7,0
469,0,161.40552020486552,-67.49137216240167,-61.05486327377558,-32.70617862011341,18.912951903969592,-17.477518436821438,1,-1,-1,2,0
469,1,161.40552020486552,-67.49137216240167,-61.05486327377558,147.2938213798866,-18.912951903969592,162.52248156317856,1,1,1,3,0
469,2,-18.59447979513449,2.3374083615368515,-11.64088106916821,168.1823945960144,58.77965392995654,-42.56546863492288,-1,1,-1,6,1
469,3,-18.59447979513449,2.3374083615368515,-11.64088106916821,-11.817605403985596,-58.77965392995654,137.43453136507713,-1,-1,1,7,0
470,0,161.411386160306,-67.3568451378457,-61.379237076141635,-32.291781606864674,19.042419817164493,-18.0928289153331,1,-1,-1,2,0
470,1,161.411386160306,-67.3568451378457,-61.379237076141635,147.70821839313533,-19.042419817164493,161.9071710846669,1,1,1,3,0
470,2,-18.588613839694,2.4470271979676217,-11.732468720772209,168.24034046934798,58.785624668461104,-42.788918924171604,-1,1,-1,6,1
470,3,-18.588613839694,2.4470271979676217,-11.732468720772209,-11.759659530652025,-58.785624668461104,137.21108107582842,-1,-1,1,7,0
471,0,161.41723278021746,-67.22004205252148,-61.707667949478946,-31.879986602628236,19.17454540331592,-18.705506076242393,1,-1,-1,2,0
471,1,161.41723278021746,-67.22004205252148,-61.707667949478946,148.12001339737176,-19.17454540331592,161.2944939237576,1,1,1,3,0
471,2,-18.582767219782525,2.556592090396208,-11.824200125272558,168.29828844229093,58.79159268248629,-43.01229864777065,-1,1,-1,6,1
471,3,-18.582767219782525,2.556592090396208,-11.824200125272558,-11.701711557709086,-58.79159268248629,136.98770135222935,-1,-1,1,7,0
472,0,161.42306044696414,-67.08087608816452,-62.04031712972856,-31.47077956713322,19.309393998995883,-19.31556889140024,1,-1,-1,2,0
472,1,161.42306044696414,-67.08087608816452,-62.04031712972856,148.5292204328668,-19.309393998995883,160.68443110859977,1,1,1,3,0
472,2,-18.576939553035864,2.6661030899579035,-11.91607496034815,168.3562381084834,58.797558228671406,-43.23560833312108,-1,1,-1,6,1
472,3,-18.576939553035864,2.6661030899579035,-11.91607496034815,-11.643761891516615,-58.797558228671406,136.76439166687894,-1,-1,1,7,0
473,0,161.42886954069706,-66.93925447840151,-62.37735686613922,-31.064143050045097,19.447035815647656,-19.923040075094164,1,-1,-1,2,0
473,1,161.42886954069706,-66.93925447840151,-62.37735686613922,148.9358569499549,-19.447035815647656,160.07695992490585,1,1,1,3,0
473,2,-18.57113045930295,2.7755602511100452,-12.008092907491681,168.41418906063475,58.803521562995876,-43.45884850438705,-1,1,-1,6,1
473,3,-18.57113045930295,2.7755602511100452,-12.008092907491681,-11.58581093936524,-58.803521562995876,136.54115149561295,-1,-1,1,7,0
474,0,161.43466043937104,-66.79507792669844,-62.718971498772966,-30.6600560254487,19.587546424648565,-20.527946283622768,1,-1,-1,2,0
474,1,161.43466043937104,-66.79507792669844,-62.718971498772966,149.3399439745513,-19.587546424648565,159.47205371637725,1,1,1,3,0
474,2,-18.56533956062897,2.8849636316261584,-12.100253652028186,168.47214089051946,58.80948294074615,-43.682019682501405,-1,1,-1,6,1
474,3,-18.56533956062897,2.8849636316261584,-12.100253652028186,-11.52785910948055,-58.80948294074615,136.31798031749858,-1,-1,1,7,0
475,0,161.44043351876138,-66.64823994901023,-63.06535867539197,-30.258493699941152,19.731007304196403,-21.130318345770263,1,-1,-1,2,0
475,1,161.44043351876138,-66.64823994901023,-63.06535867539197,149.74150630005886,-19.731007304196403,158.86968165422974,1,1,1,3,0
475,2,-18.55956648123862,2.9943132925894647,-12.192556883132573,168.5300931889729,58.81544261648292,-43.9051223851712,-1,1,-1,6,1
475,3,-18.55956648123862,2.9943132925894647,-12.192556883132573,-11.469906811027117,-58.81544261648292,136.09487761482882,-1,-1,1,7,0
476,0,161.4461891524805,-66.49862612887156,-63.416730730418,-29.85942728973614,19.877506458089943,-21.73019152952378,1,-1,-1,2,0
476,1,161.4461891524805,-66.49862612887156,-63.416730730418,150.14057271026385,-19.877506458089943,158.26980847047622,1,1,1,3,0
476,2,-18.553810847519475,3.103609298387398,-12.285002293848,168.58804554588775,58.82140084400838,-44.128157126883295,-1,1,-1,6,1
476,3,-18.553810847519475,3.103609298387398,-12.285002293848,-11.411954454112246,-58.82140084400838,135.87184287311672,-1,-1,1,7,0
477,0,161.45192771199436,-66.34611327024419,-63.7733162531448,-29.46282376128297,20.02713911846776,-22.3276058514247,1,-1,-1,2,0
477,1,161.45192771199436,-66.34611327024419,-63.7733162531448,150.53717623871705,-20.02713911846776,157.6723941485753,1,1,1,3,0
477,2,-18.548072288005642,3.212851716705539,-12.377589581103972,168.64599755021035,58.82735787633342,-44.351124418910054,-1,1,-1,6,1
477,3,-18.548072288005642,3.212851716705539,-12.377589581103972,-11.35400244978966,-58.82735787633342,135.64887558108995,-1,-1,1,7,0
478,0,161.45764956663848,-66.19056843043195,-64.13536187794354,-29.068645528780767,20.180008547035975,-22.9226064362528,1,-1,-1,2,0
478,1,161.45764956663848,-66.19056843043195,-64.13536187794354,150.93135447121924,-20.180008547035975,157.0773935637472,1,1,1,3,0
478,2,-18.542350433361523,3.322040618522375,-12.470318445734955,168.70394878993707,58.833313965644834,-44.57402476931539,-1,1,-1,6,1
478,3,-18.542350433361523,3.322040618522375,-12.470318445734955,-11.296051210062933,-58.833313965644834,135.42597523068463,-1,-1,1,7,0
479,0,161.4633550836343,-66.03184781164035,-64.50313433611205,-28.67685010057205,20.336226952378702,-23.51524393636708,1,-1,-1,2,0
479,1,161.4633550836343,-66.03184781164035,-64.50313433611205,151.32314989942796,-20.336226952378702,156.48475606363291,1,1,1,3,0
479,2,-18.53664491636571,3.4311760781038774,-12.563188592498818,168.76189885211124,58.83926936327274,-44.79685868296061,-1,1,-1,6,1
479,3,-18.53664491636571,3.4311760781038774,-12.563188592498818,-11.238101147888765,-58.83926936327274,135.20314131703938,-1,-1,1,7,0
480,0,161.46904462810485,-65.86979548508481,-64.8769228176677,-28.287389664645353,20.49591654478132,-24.1055750220712,1,-1,-1,2,0
480,1,161.46904462810485,-65.86979548508481,-64.8769228176677,151.71261033535464,-20.49591654478132,155.8944249779288,1,1,1,3,0
480,2,-18.530955371895157,3.540258172998131,-12.656199730095233,168.81984732281987,58.845224319657945,-45.01962666151034,-1,1,-1,6,1
480,3,-18.530955371895157,3.540258172998131,-12.656199730095233,-11.180152677180123,-58.845224319657945,134.98037333848967,-1,-1,1,7,0
481,0,161.4747185630906,-65.70424191565674,-65.25704170229379,-27.900210601254827,20.659210754833015,-24.693662956956643,1,-1,-1,2,0
481,1,161.4747185630906,-65.70424191565674,-65.25704170229379,152.09978939874517,-20.659210754833015,155.30633704304336,1,1,1,3,0
481,2,-18.525281436909424,3.6492869840306303,-12.749351571184977,168.87779378719083,58.851179084319085,-45.242329203438935,-1,1,-1,6,1
481,3,-18.525281436909424,3.6492869840306303,-12.749351571184977,-11.12220621280917,-58.851179084319085,134.7576707965611,-1,-1,1,7,0
482,0,161.4803772495649,-65.53500224768045,-65.64383373248565,-27.515252907846616,20.826255648208598,-25.279578275457133,1,-1,-1,2,0
482,1,161.4803772495649,-65.53500224768045,-65.64383373248565,152.48474709215338,-20.826255648208598,154.7204217245429,1,1,1,3,0
482,2,-18.51962275043513,3.7582625952993047,-12.842643832408426,168.93573782938998,58.85713390582038,-45.46496680403657,-1,1,-1,6,1
482,3,-18.51962275043513,3.7582625952993047,-12.842643832408426,-11.064262170610037,-58.85713390582038,134.53503319596342,-1,-1,1,7,0
483,0,161.48602104644948,-65.361874302711,-66.037673719678,-27.132449517848343,20.997211576888947,-25.863399584074806,1,-1,-1,2,0
483,1,161.48602104644948,-65.361874302711,-66.037673719678,152.86755048215167,-20.997211576888947,154.13660041592522,1,1,1,3,0
483,2,-18.51397895355053,3.86718509416996,-12.936076234404913,168.9936790326186,58.863089031738795,-45.687539955415595,-1,1,-1,6,1
483,3,-18.51397895355053,3.86718509416996,-12.936076234404913,-11.006320967381429,-58.863089031738795,134.3124600445844,-1,-1,1,7,0
484,0,161.49165031062967,-65.18463622796638,-66.43897289700442,-26.75172549018989,21.17225511721424,-26.44521451319411,1,-1,-1,2,0
484,1,161.49165031062967,-65.18463622796638,-66.43897289700442,153.24827450981013,-21.17225511721424,153.5547854868059,1,1,1,3,0
484,2,-18.508349689370352,3.976054571271767,-13.029648501831838,169.05161697911095,58.869044708631606,-45.910049146517174,-1,1,-1,6,1
484,3,-18.508349689370352,3.976054571271767,-13.029648501831838,-10.948383020889057,-58.869044708631606,134.08995085348283,-1,-1,1,7,0
485,0,161.49726539696937,-65.00304371788279,-66.84818406214532,-26.372997040290485,21.35158135836941,-27.025120853531035,1,-1,-1,2,0
485,1,161.49726539696937,-65.00304371788279,-66.84818406214532,153.62700295970953,-21.35158135836941,152.97487914646896,1,1,1,3,0
485,2,-18.502734603030653,4.084871120493144,-13.12336036338413,169.10955125013209,58.8750011820039,-46.132494863117586,-1,1,-1,6,1
485,3,-18.502734603030653,4.084871120493144,-13.12336036338413,-10.890448749867929,-58.8750011820039,133.86750513688241,-1,-1,1,7,0
486,0,161.50286665832607,-64.8168267101038,-67.2658076929135,-25.996170375165228,21.535406622262652,-27.603227920666374,1,-1,-1,2,0
486,1,161.50286665832607,-64.8168267101038,-67.2658076929135,154.0038296248348,-21.535406622262652,152.39677207933363,1,1,1,3,0
486,2,-18.49713334167393,4.193634838977528,-13.217211551813664,169.1674814259756,58.880958696276124,-46.35487758783522,-1,1,-1,6,1
486,3,-18.49713334167393,4.193634838977528,-13.217211551813664,-10.832518574024405,-58.880958696276124,133.64512241216477,-1,-1,1,7,0
487,0,161.5084544455656,-64.625685429063,-67.69239927032696,-25.62114028452794,21.72397171883505,-28.17965820364004,1,-1,-1,2,0
487,1,161.5084544455656,-64.625685429063,-67.69239927032696,154.37885971547206,-21.72397171883505,151.82034179635997,1,1,1,3,0
487,2,-18.491545554434406,4.302345827119642,-13.311201803949196,169.2254070859618,58.88691749475147,-46.577197800137064,-1,1,-1,6,1
487,3,-18.491545554434406,4.302345827119642,-13.311201803949196,-10.774592914038218,-58.88691749475147,133.42280219986293,-1,-1,1,7,0
488,0,161.51402910757668,-64.42928561247614,-68.12857811395492,-25.24778842524644,21.91754587185433,-28.754549370465362,1,-1,-1,2,0
488,1,161.51402910757668,-64.42928561247614,-68.12857811395492,154.75221157475357,-21.91754587185433,151.24545062953464,1,1,1,3,0
488,2,-18.485970892423335,4.411004188561787,-13.405330860716036,169.2833278084359,58.8928778195836,-46.799455976345854,-1,1,-1,6,1
488,3,-18.485970892423335,4.411004188561787,-13.405330860716036,-10.716672191564113,-58.8928778195836,133.20054402365417,-1,-1,1,7,0
489,0,161.51959099128538,-64.2272527045614,-68.57503812962611,-24.875981216696818,22.116431492445503,-29.328056726448306,1,-1,-1,2,0
489,1,161.51959099128538,-64.2272527045614,-68.57503812962611,155.1240187833032,-22.116431492445503,150.6719432735517,1,1,1,3,0
489,2,-18.48040900871463,4.519610030190258,-13.499598467156039,169.34124317076646,58.89883991174423,-47.021652589646955,-1,1,-1,6,1
489,3,-18.48040900871463,4.519610030190258,-13.499598467156039,-10.658756829233557,-58.89883991174423,132.97834741035305,-1,-1,1,7,0
490,0,161.52514044166944,-64.01916472877755,-69.03256100104046,-24.50556723716386,22.32097003580688,-29.90035625303895,1,-1,-1,2,0
490,1,161.52514044166944,-64.01916472877755,-69.03256100104046,155.49443276283614,-22.32097003580688,150.09964374696105,1,1,1,3,0
490,2,-18.47485955833058,4.628163462132125,-13.594004372447971,169.3991527493438,58.90480401099056,-47.243788110095366,-1,1,-1,6,1
490,3,-18.47485955833058,4.628163462132125,-13.594004372447971,-10.600847250656173,-58.90480401099056,132.75621188990465,-1,-1,1,7,0
491,0,161.53067780177244,-63.80454345347514,-69.5020325407669,-24.13637397300046,22.531549257982086,-30.47164839960296,1,-1,-1,2,0
491,1,161.53067780177244,-63.80454345347514,-69.5020325407669,155.86362602699953,-22.531549257982086,149.52835160039706,1,1,1,3,0
491,2,-18.469322198227566,4.736664597752178,-13.688548329927693,169.45705611957908,58.91077035583314,-47.46586300462319,-1,1,-1,6,1
491,3,-18.469322198227566,4.736664597752178,-13.688548329927693,-10.542943880420943,-58.91077035583314,132.53413699537683,-1,-1,1,7,0
492,0,161.53620341271773,-63.58284332253099,-69.98446317765027,-23.768203717472183,22.74861230531186,-31.042162864152516,1,-1,-1,2,0
492,1,161.53620341271773,-63.58284332253099,-69.98446317765027,156.23179628252782,-22.74861230531186,148.95783713584748,1,1,1,3,0
492,2,-18.463796587282264,4.845113553649873,-13.783230097108852,169.51495285590258,58.91673918350325,-47.68787773704673,-1,1,-1,6,1
492,3,-18.463796587282264,4.845113553649873,-13.783230097108852,-10.485047144097413,-58.91673918350325,132.3121222629533,-1,-1,1,7,0
493,0,161.54171761372237,-63.353437418519604,-70.48101393613429,-23.400828336718455,22.9726692366746,-31.612164691417608,1,-1,-1,2,0
493,1,161.54171761372237,-63.353437418519604,-70.48101393613429,156.59917166328157,-22.9726692366746,148.3878353085824,1,1,1,3,0
493,2,-18.458282386277624,4.953510449656777,-13.878049435703488,169.5728425317634,58.92271072992077,-47.90983276807413,-1,1,-1,6,1
493,3,-18.458282386277624,4.953510449656777,-13.878049435703488,-10.427157468236611,-58.92271072992077,132.09016723192588,-1,-1,1,7,0
494,0,161.5472207421108,-63.115599424200255,-70.99302982146831,-23.03398250267163,23.204311825714186,-32.181962153211884,1,-1,-1,2,0
494,1,161.5472207421108,-63.115599424200255,-70.99302982146831,156.96601749732838,-23.204311825714186,147.81803784678812,1,1,1,3,0
494,2,-18.452779257889222,5.061855408833954,-13.973006111642835,169.6307247196282,58.92868522966182,-48.13172855531278,-1,1,-1,6,1
494,3,-18.452779257889222,5.061855408833954,-13.973006111642835,-10.369275280371797,-58.92868522966182,131.86827144468722,-1,-1,1,7,0
495,0,161.5527131333283,-62.86848009309632,-71.52208336679197,-22.667354815021504,23.44423286274557,-32.75191708246419,1,-1,-1,2,0
495,1,161.5527131333283,-62.86848009309632,-71.52208336679197,157.3326451849785,-23.44423286274557,147.24808291753584,1,1,1,3,0
495,2,-18.447286866671725,5.170148557469763,-14.068099895098753,169.68859899098084,58.934662915926225,-48.353565553277,-1,1,-1,6,1
495,3,-18.447286866671725,5.170148557469763,-14.068099895098753,-10.311401009019159,-58.934662915926225,131.646434446723,-1,-1,1,7,0
496,0,161.55819512095457,-62.61107603702581,-72.07003239889181,-22.30057595900001,23.693251751384516,-33.32245865194029,1,-1,-1,2,0
496,1,161.55819512095457,-62.61107603702581,-72.07003239889181,157.699424041,-23.693251751384516,146.67754134805972,1,1,1,3,0
496,2,-18.44180487904542,5.278390025077548,-14.163330560504468,169.74646491632174,58.94064402050547,-48.575344213395844,-1,1,-1,6,1
496,3,-18.44180487904542,5.278390025077548,-14.163330560504468,-10.253535083678264,-58.94064402050547,131.42465578660415,-1,-1,1,7,0
497,0,161.56366703671705,-62.34218752245968,-72.6390981446209,-21.9332026075432,23.95234910825652,-33.89410209739605,1,-1,-1,2,0
497,1,161.56366703671705,-62.34218752245968,-72.6390981446209,158.0667973924568,-23.95234910825652,146.10589790260394,1,1,1,3,0
497,2,-18.436332963282943,5.386579944394036,-14.258697886576485,169.80432206516764,58.94662877375029,-48.79706498402104,-1,1,-1,6,1
497,3,-18.436332963282943,5.386579944394036,-14.258697886576485,-10.195677934832364,-58.94662877375029,131.20293501597897,-1,-1,1,7,0
498,0,161.56912921050386,-62.060360139763276,-73.2319731824467,-21.56469505679672,24.22271456975811,-34.467474720124706,1,-1,-1,2,0
498,1,161.56912921050386,-62.060360139763276,-73.2319731824467,158.43530494320328,-24.22271456975811,145.5325252798753,1,1,1,3,0
498,2,-18.43087078949616,5.494718451377294,-14.35420165633588,169.86217000605146,58.952617404538366,-49.01872831043487,-1,1,-1,6,1
498,3,-18.43087078949616,5.494718451377294,-14.35420165633588,-10.137829993948545,-58.952617404538366,130.98127168956515,-1,-1,1,7,0
499,0,161.57458197037687,-61.76380210672512,-73.85197448516348,-21.19438535929061,24.50581454817317,-35.04335292505615,1,-1,-1,2,0
499,1,161.57458197037687,-61.76380210672512,-73.85197448516348,158.8056146407094,-24.50581454817317,144.95664707494385,1,1,1,3,0
499,2,-18.42541802962313,5.602805685205518,-14.449841657130442,169.92000830652225,58.958610140242,-49.24033463485834,-1,1,-1,6,1
499,3,-18.42541802962313,5.602805685205518,-14.449841657130442,-10.079991693477755,-58.958610140242,130.75966536514164,-1,-1,1,7,0
500,0,161.58002564258476,-61.45026347789721,-74.50326695895795,-20.821430546577147,24.803491170036615,-35.62271657138122,1,-1,-1,2,0
500,1,161.58002564258476,-61.45026347789721,-74.50326695895795,159.17856945342285,-24.803491170036615,144.3772834286188,1,1,1,3,0
500,2,-18.41997435741525,5.710841788275597,-14.545617680656429,169.9778365331454,58.96460720669601,-49.46188439645945,-1,1,-1,6,1
500,3,-18.41997435741525,5.710841788275597,-14.545617680656429,-10.022163466854618,-58.96460720669601,130.53811560354055,-1,-1,1,7,0
501,0,161.5854605515755,-61.11685333089383,-75.19120175992154,-20.444741485920762,25.11811197187541,-36.20683160792177,1,-1,-1,2,0
501,1,161.5854605515755,-61.11685333089383,-75.19120175992154,159.55525851407924,-25.11811197187541,143.79316839207823,1,1,1,3,0
501,2,-18.414539448424524,5.818826906202137,-14.641529522981102,170.0356542515029,58.970608828165176,-49.68337803136146,-1,1,-1,6,1
501,3,-18.414539448424524,5.818826906202137,-14.641529522981102,-9.964345748497113,-58.970608828165176,130.31662196863854,-1,-1,1,7,0
502,0,161.5908870200091,-60.75975090717469,-75.92285085229035,-20.06286992204663,25.452806358886793,-36.797381237457245,1,-1,-1,2,0
502,1,161.5908870200091,-60.75975090717469,-75.92285085229035,159.93713007795338,-25.452806358886793,143.20261876254276,1,1,1,3,0
502,2,-18.409112979990926,5.926761187816462,-14.737576984564859,170.09346102619386,58.976615227312266,-49.90481597265134,-1,1,-1,6,1
502,3,-18.409112979990926,5.926761187816462,-14.737576984564859,-9.906538973806148,-58.976615227312266,130.09518402734867,-1,-1,1,7,0
503,0,161.59630536877,-60.3737241751015,-76.70789793625997,-19.673819298801835,25.81185958593077,-37.39668551885308,1,-1,-1,2,0
503,1,161.59630536877,-60.3737241751015,-76.70789793625997,160.32618070119818,-25.81185958593077,142.60331448114692,1,1,1,3,0
503,2,-18.40369463122999,6.034644785166045,-14.83375987028409,170.15125642083515,58.98262662516549,-50.126198650388446,-1,1,-1,6,1
503,3,-18.40369463122999,6.034644785166045,-14.83375987028409,-9.848743579164863,-58.98262662516549,129.87380134961157,-1,-1,1,7,0
504,0,161.60171591697957,-59.95127094233197,-77.5602278497711,-19.274705623776455,26.201415404190115,-38.00809492252396,1,-1,-1,2,0
504,1,161.60171591697957,-59.95127094233197,-77.5602278497711,160.72529437622356,-26.201415404190115,141.99190507747605,1,1,1,3,0
504,2,-18.398284083020418,6.142477853514067,-14.930077989454075,170.20903999806208,58.98864324108637,-50.34752649161304,-1,1,-1,6,1
504,3,-18.398284083020418,6.142477853514067,-14.930077989454075,-9.790960001937924,-58.98864324108637,129.65247350838698,-1,-1,1,7,0
505,0,161.6071189820081,-59.480942188524786,-78.50102925888878,-18.861092186790582,26.630847288912083,-38.636762131149936,1,-1,-1,2,0
505,1,161.6071189820081,-59.480942188524786,-78.50102925888878,161.1389078132094,-26.630847288912083,141.36323786885006,1,1,1,3,0
505,2,-18.39288101799188,6.250260551339201,-15.026531155851957,170.2668113195295,58.99466529273748,-50.568799920355204,-1,1,-1,6,1
505,3,-18.39288101799188,6.250260551339201,-15.026531155851957,-9.733188680470521,-58.99466529273748,129.4312000796448,-1,-1,1,7,0
506,0,161.61251487948707,-58.94363011645866,-79.56566356435212,-18.425509369549076,27.115793188924155,-39.29135869013758,1,-1,-1,2,0
506,1,161.61251487948707,-58.94363011645866,-79.56566356435212,161.57449063045095,-27.115793188924155,140.70864130986243,1,1,1,3,0
506,2,-18.38748512051294,6.357993040335616,-15.123119187740215,170.32456994591266,59.000692996049956,-50.790019357643786,-1,1,-1,6,1
506,3,-18.38748512051294,6.357993040335616,-15.123119187740215,-9.675430054087341,-59.000692996049956,129.20998064235621,-1,-1,1,7,0
507,0,161.6179039233209,-58.30261825384149,-80.82207678162193,-17.95346659076537,27.686287416282234,-39.98869866126944,1,-1,-1,2,0
507,1,161.6179039233209,-58.30261825384149,-80.82207678162193,162.04653340923466,-27.686287416282234,140.01130133873056,1,1,1,3,0
507,2,-18.38209607667911,6.465675485413037,-15.219841907889966,170.3823154369087,59.006726565191464,-51.01118522151524,-1,1,-1,6,1
507,3,-18.38209607667911,6.465675485413037,-15.219841907889966,-9.617684563091311,-59.006726565191464,128.98881477848477,-1,-1,1,7,0
508,0,161.62328642569904,-57.46607059767987,-82.44021079550224,-17.408334367188374,28.41740630759947,-40.771259892537,1,-1,-1,2,0
508,1,161.62328642569904,-57.46607059767987,-82.44021079550224,162.59166563281164,-28.41740630759947,139.228740107463,1,1,1,3,0
508,2,-18.37671357430097,6.573308054697451,-15.31669914360502,170.44004735123787,59.0127662125337,-51.232297927022955,-1,1,-1,6,1
508,3,-18.37671357430097,6.573308054697451,-15.31669914360502,-9.559952648762152,-59.0127662125337,128.76770207297704,-1,-1,1,7,0
509,0,161.62866269710747,-55.86219414738487,-85.47811921560343,-16.558798768912826,29.776170434958487,-41.90706163142461,1,-1,-1,2,0
509,1,161.62866269710747,-55.86219414738487,-85.47811921560343,163.44120123108718,-29.776170434958487,138.0929383685754,1,1,1,3,0
509,2,-18.371337302892513,6.680890919531522,-15.41369072674562,170.4977652466451,59.01881214862025,-51.4533578862465,-1,1,-1,6,1
509,3,-18.371337302892513,6.680890919531522,-15.41369072674562,-9.502234753354916,-59.01881214862025,128.5466421137535,-1,-1,1,7,0
510,0,-18.365966953659527,6.788424254475571,-15.510816493752953,170.55546867990174,59.02486458213395,-51.67436550830091,-1,1,-1,6,1
510,1,-18.365966953659527,6.788424254475571,-15.510816493752953,-9.444531320098251,-59.02486458213395,128.3256344916991,-1,-1,1,7,0
511,0,-18.36060221948812,6.895908237308771,-15.608076285673508,170.61315720680744,59.03092371986491,-51.895321199346206,-1,1,-1,6,1
511,1,-18.36060221948812,6.895908237308771,-15.608076285673508,-9.386842793192567,-59.03092371986491,128.1046788006538,-1,-1,1,7,0
512,0,-18.355242794933403,7.003343049030243,-15.70546994818367,170.67083038219198,59.03698976667792,-52.11622536259708,-1,1,-1,6,1
512,1,-18.355242794933403,7.003343049030243,-15.70546994818367,-9.329169617808033,-59.03698976667792,127.88377463740292,-1,-1,1,7,0
513,0,-18.349888376208266,7.110728873860877,-15.802997331615076,170.72848775991756,59.04306292548009,-52.33707839833255,-1,1,-1,6,1
513,1,-18.349888376208266,7.110728873860877,-15.802997331615076,-9.271512240082453,-59.04306292548009,127.66292160166746,-1,-1,1,7,0
514,0,-18.34453866117223,7.218065899244892,-15.900658290979298,170.78612889288104,59.04914339718864,-52.55788070390589,-1,1,-1,6,1
514,1,-18.34453866117223,7.218065899244892,-15.900658290979298,-9.213871107118969,-59.04914339718864,127.44211929609412,-1,-1,1,7,0
515,0,-18.33919334932047,7.325354315852102,-15.998452685993986,170.8437533330164,59.05523138069819,-52.77863267375443,-1,1,-1,6,1
515,1,-18.33919334932047,7.325354315852102,-15.998452685993986,-9.156246666983598,-59.05523138069819,127.22136732624558,-1,-1,1,7,0
516,0,-18.333852141772947,7.432594317580031,-16.09638038110829,170.9013606312973,59.061327072848385,-52.99933469940984,-1,1,-1,6,1
516,1,-18.333852141772947,7.432594317580031,-16.09638038110829,-9.098639368702722,-59.061327072848385,127.00066530059014,-1,-1,1,7,0
517,0,-18.328514741263646,7.539786101556369,-16.194441245528658,170.95895033773976,59.0674306683918,-53.21998716950823,-1,1,-1,6,1
517,1,-18.328514741263646,7.539786101556369,-16.194441245528658,-9.041049662260253,-59.0674306683918,126.78001283049178,-1,-1,1,7,0
518,0,-18.32318085212989,7.646929868141775,-16.292635153245637,171.01652200140518,59.07354235996082,-53.44059046980047,-1,1,-1,6,1
518,1,-18.32318085212989,7.646929868141775,-16.292635153245637,-8.983477998594832,-59.07354235996082,126.55940953019953,-1,-1,1,7,0
519,0,-18.31785018030184,7.754025820933045,-16.390961983060258,171.07407517040318,59.079662338035526,-53.66114498316266,-1,1,-1,6,1
519,1,-18.31785018030184,7.754025820933045,-16.390961983060258,-8.925924829596818,-59.079662338035526,126.33885501683736,-1,-1,1,7,0
520,0,-18.312522433292028,7.861074166765933,-16.48942161861068,171.13160939189498,59.08579079091108,-53.8816510896067,-1,1,-1,6,1
520,1,-18.312522433292028,7.861074166765933,-16.48942161861068,-8.868390608105024,-59.08579079091108,126.1183489103933,-1,-1,1,7,0
521,0,-18.30719732018508,7.968075115718912,-16.58801394839956,171.18912421209646,59.091927904665056,-54.102109166290866,-1,1,-1,6,1
521,1,-18.30719732018508,7.968075115718912,-16.58801394839956,-8.810875787903543,-59.091927904665056,125.89789083370914,-1,-1,1,7,0
522,0,-18.30187455162742,8.075028881116923,-16.686738865821678,171.24661917628183,59.09807386312472,-54.32251958753076,-1,1,-1,6,1
522,1,-18.30187455162742,8.075028881116923,-16.686738865821678,-8.753380823718162,-59.09807386312472,125.67748041246925,-1,-1,1,7,0
523,0,-18.29655383981728,8.181935679535055,-16.785596269191117,171.30409382878713,59.10422884783461,-54.54288272481014,-1,1,-1,6,1
523,1,-18.29655383981728,8.181935679535055,-16.785596269191117,-8.695906171212869,-59.10422884783461,125.45711727518987,-1,-1,1,7,0
524,0,-18.291234898494576,8.288795730803042,-16.88458606176983,171.36154771301395,59.110393038023595,-54.76319894679194,-1,1,-1,6,1
524,1,-18.291234898494576,8.288795730803042,-16.88458606176983,-8.638452286986055,-59.110393038023595,125.23680105320808,-1,-1,1,7,0
525,0,-18.2859174429311,8.395609258009658,-16.983708151795824,171.41898037143335,59.11656661057217,-54.983468619329486,-1,1,-1,6,1
525,1,-18.2859174429311,8.395609258009658,-16.983708151795824,-8.581019628566652,-59.11656661057217,125.01653138067053,-1,-1,1,7,0
526,0,-18.2806011899207,8.502376487507307,-17.082962452511534,171.47639134558995,59.12274973997984,-55.20369210547771,-1,1,-1,6,1
526,1,-18.2806011899207,8.502376487507307,-17.082962452511534,-8.523608654410072,-59.12274973997984,124.7963078945223,-1,-1,1,7,0
527,0,-18.27528585776956,8.60909764891721,-17.182348882193377,171.53378017610586,59.128942598331854,-55.42386976550462,-1,1,-1,6,1
527,1,-18.27528585776956,8.60909764891721,-17.182348882193377,-8.466219823894129,-59.128942598331854,124.57613023449538,-1,-1,1,7,0
528,0,-18.26997116628667,8.715772975134525,-17.28186736418042,171.59114640268533,59.13514535526677,-55.64400195690273,-1,1,-1,6,1
528,1,-18.26997116628667,8.715772975134525,-17.28186736418042,-8.408853597314657,-59.13514535526677,124.35599804309729,-1,-1,1,7,0
529,0,-18.264656836774282,8.82240270233385,-17.381517826904428,171.6484895641189,59.14135817794319,-55.864089034400756,-1,1,-1,6,1
529,1,-18.264656836774282,8.82240270233385,-17.381517826904428,-8.35151043588111,-59.14135817794319,124.13591096559925,-1,-1,1,7,0
530,0,-18.259342592018534,8.928987069975056,-17.481300203919513,171.70580919828808,59.14758123100697,-56.084131349975365,-1,1,-1,6,1
530,1,-18.259342592018534,8.928987069975056,-17.481300203919513,-8.294190801711904,-59.14758123100697,123.91586865002463,-1,-1,1,7,0
531,0,-18.254028156280203,9.03552632080929,-17.58121443393269,171.76310484217015,59.15381467655793,-56.30412925286306,-1,1,-1,6,1
531,1,-18.254028156280203,9.03552632080929,-17.58121443393269,-8.236895157829844,-59.15381467655793,123.69587074713695,-1,-1,1,7,0
532,0,-18.248713255285455,9.14202070088527,-17.681260460834302,171.8203760318429,59.1600586741169,-56.52408308957208,-1,1,-1,6,1
532,1,-18.248713255285455,9.14202070088527,-17.681260460834302,-8.179623968157099,-59.1600586741169,123.47591691042794,-1,-1,1,7,0
533,0,-18.24339761621678,9.248470459555993,-17.781438233729183,171.8776223024897,59.166313380592435,-56.74399320389467,-1,1,-1,6,1
533,1,-18.24339761621678,9.248470459555993,-17.781438233729183,-8.12237769751032,-59.166313380592435,123.25600679610532,-1,-1,1,7,0
534,0,-18.238080967703972,9.354875849485289,-17.881747706967612,171.93484318840453,59.17257895024769,-56.963859936919185,-1,1,-1,6,1
534,1,-18.238080967703972,9.354875849485289,-17.881747706967612,-8.065156811595457,-59.17257895024769,123.03614006308082,-1,-1,1,7,0
535,0,-18.232763039815254,9.46123712665534,-17.982188840177486,171.9920382229975,59.17885553466699,-57.183683627042505,-1,1,-1,6,1
535,1,-18.232763039815254,9.46123712665534,-17.982188840177486,-8.007961777002496,-59.17885553466699,122.8163163729575,-1,-1,1,7,0
536,0,-18.227443564048432,9.56755455037388,-18.082761598296127,172.04920693879995,59.18514328272241,-57.40346460998259,-1,1,-1,6,1
536,1,-18.227443564048432,9.56755455037388,-18.082761598296127,-7.950793061200045,-59.18514328272241,122.59653539001742,-1,-1,1,7,0
537,0,-18.222122273322196,9.673828383281867,-18.18346595160262,172.1063488674702,59.19144234054042,-57.62320321879089,-1,1,-1,6,1
537,1,-18.222122273322196,9.673828383281867,-18.18346595160262,-7.893651132529838,-59.19144234054042,122.37679678120911,-1,-1,1,7,0
538,0,-18.216798901967486,9.78005889136154,-18.28430187575069,172.16346353979904,59.1977528514684,-57.842899783865185,-1,1,-1,6,1
538,1,-18.216798901967486,9.78005889136154,-18.28430187575069,-7.836536460200977,-59.1977528514684,122.15710021613482,-1,-1,1,7,0
539,0,-18.211473185718965,9.886246343944773,-18.385269351802094,172.2205504857158,59.20407495604076,-58.06255463296252,-1,1,-1,6,1
539,1,-18.211473185718965,9.886246343944773,-18.385269351802094,-7.7794495142842095,-59.20407495604076,121.93744536703748,-1,-1,1,7,0
540,0,-18.206144861706544,9.99239101372142,-18.486368366259754,172.2776092342941,59.21040879194554,-58.282168091211844,-1,1,-1,6,1
540,1,-18.206144861706544,9.99239101372142,-18.486368366259754,-7.722390765705915,-59.21040879194554,121.71783190878817,-1,-1,1,7,0
541,0,-18.20081366844707,10.09849317674842,-18.587598911102198,172.33463931375795,59.216754493990464,-58.50174048112749,-1,1,-1,6,1
541,1,-18.20081366844707,10.09849317674842,-18.587598911102198,-7.66536068624207,-59.216754493990464,121.49825951887252,-1,-1,1,7,0
542,0,-18.195479345835995,10.204553112458713,-18.688960983817463,172.39164025148798,59.22311219406916,-58.721272122622054,-1,1,-1,6,1
542,1,-18.195479345835995,10.204553112458713,-18.688960983817463,-7.6083597485120045,-59.22311219406916,121.27872787737796,-1,-1,1,7,0
543,0,-18.190141635139263,10.310571103670966,-18.79045458743838,172.4486115740279,59.229482021127104,-58.940763333019866,-1,1,-1,6,1
543,1,-18.190141635139263,10.310571103670966,-18.79045458743838,-7.5513884259721,-59.229482021127104,121.05923666698014,-1,-1,1,7,0
544,0,-18.18480027898515,10.416547436599103,-18.892079730577304,172.5055528070907,59.23586410112768,-59.16021442707041,-1,1,-1,6,1
544,1,-18.18480027898515,10.416547436599103,-18.892079730577304,-7.4944471929092815,-59.23586410112768,120.8397855729296,-1,-1,1,7,0
545,0,-18.17945502135633,10.522482400862533,-18.993836427462057,172.56246347556558,59.24225855701795,-59.37962571696186,-1,1,-1,6,1
545,1,-18.17945502135633,10.522482400862533,-18.993836427462057,-7.43753652443443,-59.24225855701795,120.62037428303815,-1,-1,1,7,0
546,0,-18.174105607581858,10.628376289496346,-19.095724697971683,172.6193431035244,59.248665508694536,-59.598997512334826,-1,1,-1,6,1
546,1,-18.174105607581858,10.628376289496346,-19.095724697971683,-7.3806568964756165,-59.248665508694536,120.40100248766517,-1,-1,1,7,0
547,0,-18.16875178432939,10.73422939896222,-19.197744567673183,172.67619121422874,59.25508507296911,-59.81833012029599,-1,1,-1,6,1
547,1,-18.16875178432939,10.73422939896222,-19.197744567673183,-7.323808785771278,-59.25508507296911,120.18166987970402,-1,-1,1,7,0
548,0,-18.16339329959743,10.840042029159324,-19.299896067858395,172.7330073301368,59.26151736353401,-60.03762384543221,-1,1,-1,6,1
548,1,-18.16339329959743,10.840042029159324,-19.299896067858395,-7.266992669863221,-59.26151736353401,119.9623761545678,-1,-1,1,7,0
549,0,-18.158029902707625,10.945814483435546,-19.402179235581073,172.7897909729106,59.267962490927836,-60.25687898982446,-1,1,-1,6,1
549,1,-18.158029902707625,10.945814483435546,-19.402179235581073,-7.210209027089434,-59.267962490927836,119.74312101017554,-1,-1,1,7,0
550,0,-18.152661344297158,11.051547068599369,-19.50459411369517,172.8465416634231,59.274420562500524,-60.476095853062,-1,1,-1,6,1
550,1,-18.152661344297158,11.051547068599369,-19.50459411369517,-7.153458336576908,-59.274420562500524,119.523904146938,-1,-1,1,7,0
551,0,-18.14728737631129,11.157240094931675,-19.607140750892828,172.90325892176577,59.280891682378694,-60.69527473225668,-1,1,-1,6,1
551,1,-18.14728737631129,11.157240094931675,-19.607140750892828,-7.096741078234225,-59.280891682378694,119.30472526774334,-1,-1,1,7,0
552,0,-18.141907751995888,11.262893876198076,-19.709819201743155,172.959942267256,59.28737595143081,-60.91441592205732,-1,1,-1,6,1
552,1,-18.141907751995888,11.262893876198076,-19.709819201743155,-7.040057732744032,-59.28737595143081,119.08558407794268,-1,-1,1,7,0
553,0,-18.136522225890058,11.36850872966161,-19.812629526731534,173.01659121844457,59.29387346723205,-61.133519714664274,-1,1,-1,6,1
553,1,-18.136522225890058,11.36850872966161,-19.812629526731534,-6.983408781555427,-59.29387346723205,118.86648028533574,-1,-1,1,7,0
554,0,-18.131130553818917,11.474084976095664,-19.915571792299367,173.07320529312378,59.30038432402922,-61.35258639984387,-1,1,-1,6,1
554,1,-18.131130553818917,11.474084976095664,-19.915571792299367,-6.926794706876209,-59.30038432402922,118.64741360015614,-1,-1,1,7,0
555,0,-18.12573249288634,11.579622939797439,-20.0186460708844,173.12978400833506,59.306908612705335,-61.57161626494349,-1,1,-1,6,1
555,1,-18.12573249288634,11.579622939797439,-20.0186460708844,-6.870215991664947,-59.306908612705335,118.42838373505653,-1,-1,1,7,0
556,0,-18.12032780146789,11.685122948601295,-20.121852440961046,173.186326880377,59.313446420744484,-61.790609594906215,-1,1,-1,6,1
556,1,-18.12032780146789,11.685122948601295,-20.121852440961046,-6.813673119622997,-59.313446420744484,118.2093904050938,-1,-1,1,7,0
557,0,-18.114916239203737,11.790585333893144,-20.22519098708211,173.24283342481365,59.31999783219604,-62.00956667228585,-1,1,-1,6,1
557,1,-18.114916239203737,11.790585333893144,-20.22519098708211,-6.757166575186355,-59.31999783219604,117.99043332771414,-1,-1,1,7,0
558,0,-18.109497566991703,11.896010430624573,-20.328661799920294,173.2993031564826,59.326562927639046,-62.22848777726217,-1,1,-1,6,1
558,1,-18.109497566991703,11.896010430624573,-20.328661799920294,-6.7006968435173935,-59.326562927639046,117.77151222273784,-1,-1,1,7,0
559,0,-18.104071546980336,12.001398577327667,-20.432264976310496,173.35573558950352,59.33314178414645,-62.447373187655856,-1,1,-1,6,1
559,1,-18.104071546980336,12.001398577327667,-20.432264976310496,-6.644264410496469,-59.33314178414645,117.55262681234414,-1,-1,1,7,0
560,0,-18.098637942562164,12.106750116129986,-20.53600061929259,173.4121302372866,59.33973447524907,-62.66622317894427,-1,1,-1,6,1
560,1,-18.098637942562164,12.106750116129986,-20.53600061929259,-6.58786976271342,-59.33973447524907,117.33377682105574,-1,-1,1,7,0
561,0,-18.093196518366867,12.212065392770294,-20.639868838155138,173.46848661254108,59.34634107089937,-62.8850380242766,-1,1,-1,6,1
561,1,-18.093196518366867,12.212065392770294,-20.639868838155138,-6.531513387458914,-59.34634107089937,117.1149619757234,-1,-1,1,7,0
562,0,-18.08774704025465,12.317344756613977,-20.743869748478748,173.52480422728428,59.35296163743536,-63.10381799448945,-1,1,-1,6,1
562,1,-18.08774704025465,12.317344756613977,-20.743869748478748,-6.475195772715719,-59.35296163743536,116.89618200551055,-1,-1,1,7,0
563,0,-18.082289275309606,12.422588560669588,-20.848003472181038,173.5810825928502,59.359596237544004,-63.322563358122885,-1,1,-1,6,1
563,1,-18.082289275309606,12.422588560669588,-20.848003472181038,-6.418917407149785,-59.359596237544004,116.67743664187711,-1,-1,1,7,0
564,0,-18.076822991833218,12.52779716160523,-20.952270137561367,173.63732121989872,59.36624493022478,-63.5412743814358,-1,1,-1,6,1
564,1,-18.076822991833218,12.52779716160523,-20.952270137561367,-6.362678780101277,-59.36624493022478,116.4587256185642,-1,-1,1,7,0
565,0,-18.071347959337874,12.632970919765636,-21.056669879346888,173.69351961842457,59.37290777075256,-63.75995132842222,-1,1,-1,6,1
565,1,-18.071347959337874,12.632970919765636,-21.056669879346888,-6.30648038157545,-59.37290777075256,116.2400486715778,-1,-1,1,7,0
566,0,-18.0658639485405,12.738110199189324,-21.161202838738113,173.74967729776662,59.379584810641155,-63.978594460827196,-1,1,-1,6,1
566,1,-18.0658639485405,12.738110199189324,-21.161202838738113,-6.250322702233375,-59.379584810641155,116.02140553917282,-1,-1,1,7,0
567,0,-18.06037073135618,12.843215367626657,-21.265869163456625,173.8057937666174,59.38627609760564,-64.197204038163,-1,1,-1,6,1
567,1,-18.06037073135618,12.843215367626657,-21.265869163456625,-6.19420623338262,-59.38627609760564,115.80279596183702,-1,-1,1,7,0
568,0,-18.054868080891975,12.948286796557628,-21.37066900779167,173.8618685330323,59.39298167552552,-64.41578031772552,-1,1,-1,6,1
568,1,-18.054868080891975,12.948286796557628,-21.37066900779167,-6.138131466967711,-59.39298167552552,115.58421968227448,-1,-1,1,7,0
569,0,-18.04935577144069,13.053324861210662,-21.475602532648832,173.9179011044394,59.39970158440689,-64.63432355461053,-1,1,-1,6,1
569,1,-18.04935577144069,13.053324861210662,-21.475602532648832,-6.082098895560595,-59.39970158440689,115.36567644538948,-1,-1,1,7,0
570,0,-18.043833578474775,13.158329940581465,-21.580669905598445,173.97389098764913,59.406435860345,-64.85283400173041,-1,1,-1,6,1
570,1,-18.043833578474775,13.158329940581465,-21.580669905598445,-6.0261090123508785,-59.406435860345,115.1471659982696,-1,-1,1,7,0
571,0,-18.03830127864025,13.263302417452376,-21.68587130092508,174.02983768886403,59.41318453548606,-65.07131190983057,-1,1,-1,6,1
571,1,-18.03830127864025,13.263302417452376,-21.68587130092508,-5.9701623111359865,-59.41318453548606,114.92868809016944,-1,-1,1,7,0
572,0,-18.032758649750733,13.368242678412125,-21.791206899677253,174.08574071368878,59.419947637989615,-65.28975752750645,-1,1,-1,6,1
572,1,-18.032758649750733,13.368242678412125,-21.791206899677253,-5.914259286311228,-59.419947637989615,114.71024247249356,-1,-1,1,7,0
573,0,-18.027205470781535,13.473151113876211,-21.896676889718638,174.1415995671403,59.42672519198969,-65.50817110122028,-1,1,-1,6,1
573,1,-18.027205470781535,13.473151113876211,-21.896676889718638,-5.8584004328597015,-59.42672519198969,114.49182889877973,-1,-1,1,7,0
574,0,-18.021641521863764,13.578028118107198,-22.00228146577869,174.1974137536579,59.433517217556805,-65.72655287531812,-1,1,-1,6,1
574,1,-18.021641521863764,13.578028118107198,-22.00228146577869,-5.802586246342112,-59.433517217556805,114.27344712468188,-1,-1,1,7,0
575,0,-18.01606658427857,13.682874089236245,-22.10802082950544,174.25318277711355,59.4403237306588,-65.94490309204704,-1,1,-1,6,1
575,1,-18.01606658427857,13.682874089236245,-22.10802082950544,-5.746817222886464,-59.4403237306588,114.05509690795296,-1,-1,1,7,0
576,0,-18.010480440451392,13.787689429284141,-22.213895189517462,174.30890614082236,59.4471447431224,-66.16322199157223,-1,1,-1,6,1
576,1,-18.010480440451392,13.787689429284141,-22.213895189517462,-5.691093859177639,-59.4471447431224,113.83677800842777,-1,-1,1,7,0
577,0,-18.0048828739463,13.892474544183614,-22.319904761457902,174.36458334755315,59.45398026259352,-66.38150981199449,-1,1,-1,6,1
577,1,-18.0048828739463,13.892474544183614,-22.319904761457902,-5.635416652446853,-59.45398026259352,113.61849018800552,-1,-1,1,7,0
578,0,-17.999273669460386,13.997229843801566,-22.426049768048284,174.42021389953902,59.4608302924982,-66.59976678936762,-1,1,-1,6,1
578,1,-17.999273669460386,13.997229843801566,-22.426049768048284,-5.579786100460991,-59.4608302924982,113.40023321063238,-1,-1,1,7,0
579,0,-17.993652612818234,14.101955741962023,-22.53233043914359,174.47579729848815,59.46769483200287,-66.81799315771615,-1,1,-1,6,1
579,1,-17.993652612818234,14.101955741962023,-22.53233043914359,-5.524202701511859,-59.46769483200287,113.18200684228385,-1,-1,1,7,0
580,0,-17.988019490966423,14.206652656469375,-22.638747011787718,174.53133304559472,59.4745738759745,-67.03618914905286,-1,1,-1,6,1
580,1,-17.988019490966423,14.206652656469375,-22.638747011787718,-5.468666954405288,-59.4745738759745,112.96381085094716,-1,-1,1,7,0
581,0,-17.982374091968108,14.311321009132303,-22.74529973027005,174.58682064154988,59.481467414940354,-67.25435499339675,-1,1,-1,6,1
581,1,-17.982374091968108,14.311321009132303,-22.74529973027005,-5.41317935845013,-59.481467414940354,112.74564500660327,-1,-1,1,7,0
582,0,-17.976716204997675,14.415961225787926,-22.851988846182394,174.64225958655283,59.48837543504787,-67.472490918791,-1,1,-1,6,1
582,1,-17.976716204997675,14.415961225787926,-22.851988846182394,-5.357740413447169,-59.48837543504787,112.52750908120902,-1,-1,1,7,0
583,0,-17.97104562033542,14.520573736326666,-22.958814618477223,174.69764938032213,59.49529791802363,-67.69059715132086,-1,1,-1,6,1
583,1,-17.97104562033542,14.520573736326666,-22.958814618477223,-5.302350619677866,-59.49529791802363,112.30940284867914,-1,-1,1,7,0
584,0,-17.965362129362326,14.62515897471753,-23.065777313526254,174.75298952210693,59.502234841132754,-67.90867391513213,-1,1,-1,6,1
584,1,-17.965362129362326,14.62515897471753,-23.065777313526254,-5.247010477893055,-59.502234841132754,112.09132608486787,-1,-1,1,7,0
585,0,-17.959665524554836,14.729717379033733,-23.172877205179912,174.80827951069855,59.50918617713761,-68.12672143244916,-1,1,-1,6,1
585,1,-17.959665524554836,14.729717379033733,-23.172877205179912,-5.191720489301455,-59.50918617713761,111.87327856755086,-1,-1,1,7,0
586,0,-17.953955599479805,14.834249391479064,-23.28011457482795,174.86351884444184,59.51615189425629,-68.3447399235934,-1,1,-1,6,1
586,1,-17.953955599479805,14.834249391479064,-23.28011457482795,-5.1364811555581715,-59.51615189425629,111.65526007640662,-1,-1,1,7,0
587,0,-17.948232148789337,14.938755458414663,-23.387489711460496,174.9187070212471,59.523131956121,-68.56272960700198,-1,1,-1,6,1
587,1,-17.948232148789337,14.938755458414663,-23.387489711460496,-5.081292978752929,-59.523131956121,111.43727039299803,-1,-1,1,7,0
588,0,-17.942494968215843,15.043236030386248,-23.495002911730225,174.97384353860164,59.53012632173579,-68.78069069924628,-1,1,-1,6,1
588,1,-17.942494968215843,15.043236030386248,-23.495002911730225,-5.026156461398386,-59.53012632173579,111.21930930075372,-1,-1,1,7,0
589,0,-17.936743854567055,15.147691562152033,-23.602654480015353,175.02892789358182,59.537134945434396,-68.99862341505077,-1,1,-1,6,1
589,1,-17.936743854567055,15.147691562152033,-23.602654480015353,-4.971072106418186,-59.537134945434396,111.00137658494923,-1,-1,1,7,0
590,0,-17.930978605721123,15.25212251271091,-23.71044472848316,175.08395958286508,59.544157776837615,-69.21652796731185,-1,1,-1,6,1
590,1,-17.930978605721123,15.25212251271091,-23.71044472848316,-4.916040417134939,-59.544157776837615,110.78347203268817,-1,-1,1,7,0
591,0,-17.9251990206218,15.35652934533153,-23.81837397715522,175.13893810274183,59.55119476081009,-69.43440456711677,-1,1,-1,6,1
591,1,-17.9251990206218,15.35652934533153,-23.81837397715522,-4.861061897258177,-59.55119476081009,110.56559543288324,-1,-1,1,7,0
592,0,-17.919404899273584,15.46091252758178,-23.926442553972866,175.19386294912795,59.55824583741719,-69.65225342376296,-1,1,-1,6,1
592,1,-17.919404899273584,15.46091252758178,-23.926442553972866,-4.806137050872057,-59.55824583741719,110.34774657623704,-1,-1,1,7,0
593,0,-17.91359604273705,15.565272531358458,-24.034650794863353,175.24873361757696,59.5653109418815,-69.87007474477707,-1,1,-1,6,1
593,1,-17.91359604273705,15.565272531358458,-24.034650794863353,-4.751266382423048,-59.5653109418815,110.12992525522293,-1,-1,1,7,0
594,0,-17.90777225312416,15.669609832918319,-24.1429990438082,175.30354960329248,59.57239000453854,-70.08786873593445,-1,1,-1,6,1
594,1,-17.90777225312416,15.669609832918319,-24.1429990438082,-4.696450396707529,-59.57239000453854,109.91213126406555,-1,-1,1,7,0
595,0,-17.90193333359357,15.773924912908802,-24.25148765291084,175.35831040114084,59.579482950792936,-70.3056356012786,-1,1,-1,6,1
595,1,-17.90193333359357,15.773924912908802,-24.25148765291084,-4.641689598859166,-59.579482950792936,109.6943643987214,-1,-1,1,7,0
596,0,-17.896079088346127,15.87821825640012,-24.360116982466863,175.4130155056637,59.58658970107324,-70.52337554314072,-1,1,-1,6,1
596,1,-17.896079088346127,15.87821825640012,-24.360116982466863,-4.586984494336304,-59.58658970107324,109.47662445685928,-1,-1,1,7,0
597,0,-17.89020932262029,15.982490352917267,-24.468887401033893,175.4676644110908,59.59371017078725,-70.7410887621594,-1,1,-1,6,1
597,1,-17.89020932262029,15.982490352917267,-24.468887401033893,-4.532335588909208,-59.59371017078725,109.25891123784062,-1,-1,1,7,0
598,0,-17.884323842687678,16.086741696473254,-24.577799285503463,175.52225661135287,59.60084427027668,-70.95877545730053,-1,1,-1,6,1
598,1,-17.884323842687678,16.086741696473254,-24.577799285503463,-4.477743388647133,-59.60084427027668,109.04122454269947,-1,-1,1,7,0
599,0,-17.87842245584867,16.190972785602323,-24.68685302117329,175.57679160009462,59.60799190477117,-71.17643582587725,-1,1,-1,6,1
599,1,-17.87842245584867,16.190972785602323,-24.68685302117329,-4.4232083999054,-59.60799190477117,108.82356417412277,-1,-1,1,7,0
600,0,-17.872504970427997,16.295184123394534,-24.79604900182127,175.63126887068773,59.61515297434225,-71.39407006356994,-1,1,-1,6,1
600,1,-17.872504970427997,16.295184123394534,-24.79604900182127,-4.368731129312269,-59.61515297434225,108.60592993643006,-1,-1,1,7,0
601,0,-17.866571195770423,16.39937621753011,-24.90538762977956,175.68568791624426,59.62232737385691,-71.61167836444643,-1,1,-1,6,1
601,1,-17.866571195770423,16.39937621753011,-24.90538762977956,-4.314312083755753,-59.62232737385691,108.38832163555357,-1,-1,1,7,0
602,0,-17.866571195770423,16.39937621753011,-24.90538762977956,175.68568791624426,59.62232737385691,-71.61167836444643,-1,1,-1,6,1
602,1,-17.866571195770423,16.39937621753011,-24.90538762977956,-4.314312083755753,-59.62232737385691,108.38832163555357,-1,-1,1,7,0
603,0,-17.866571195770423,16.39937621753011,-24.90538762977956,175.68568791624426,59.62232737385691,-71.61167836444643,-1,1,-1,6,1
603,1,-17.866571195770423,16.39937621753011,-24.90538762977956,-4.314312083755753,-59.62232737385691,108.38832163555357,-1,-1,1,7,0
604,0,-17.866571195770423,16.39937621753011,-24.90538762977956,175.68568791624426,59.62232737385691,-71.61167836444643,-1,1,-1,6,1
604,1,-17.866571195770423,16.39937621753011,-24.90538762977956,-4.314312083755753,-59.62232737385691,108.38832163555357,-1,-1,1,7,0
605,0,-17.866571195770423,16.39937621753011,-24.90538762977956,175.68568791624426,59.62232737385691,-71.61167836444643,-1,1,-1,6,1
605,1,-17.866571195770423,16.39937621753011,-24.90538762977956,-4.314312083755753,-59.62232737385691,108.38832163555357,-1,-1,1,7,0
606,0,-17.866571195770423,16.39937621753011,-24.90538762977956,175.68568791624426,59.62232737385691,-71.61167836444643,-1,1,-1,6,1
606,1,-17.866571195770423,16.39937621753011,-24.90538762977956,-4.314312083755753,-59.62232737385691,108.38832163555357,-1,-1,1,7,0
607,0,-17.866571195770423,16.39937621753011,-24.90538762977956,175.68568791624426,59.62232737385691,-71.61167836444643,-1,1,-1,6,1
607,1,-17.866571195770423,16.39937621753011,-24.90538762977956,-4.314312083755753,-59.62232737385691,108.38832163555357,-1,-1,1,7,0
608,0,-17.866571195770423,16.39937621753011,-24.90538762977956,175.68568791624426,59.62232737385691,-71.61167836444643,-1,1,-1,6,1
608,1,-17.866571195770423,16.39937621753011,-24.90538762977956,-4.314312083755753,-59.62232737385691,108.38832163555357,-1,-1,1,7,0
609,0,-17.866571195770423,16.39937621753011,-24.90538762977956,175.68568791624426,59.62232737385691,-71.61167836444643,-1,1,-1,6,1
609,1,-17.866571195770423,16.39937621753011,-24.90538762977956,-4.314312083755753,-59.62232737385691,108.38832163555357,-1,-1,1,7,0
